CO_count,CO_mean,CO_median,CO_stdDev,month,year,zone,date,season
690,13.957630409944299,13.8643539030305,1.1522145125946,1.0,2019.0,High_Himal,2019-01-01,Winter
690,14.2207724428342,14.071779725228,1.1184121507337001,2.0,2019.0,High_Himal,2019-02-01,Winter
690,15.2730966011163,15.123079207734401,1.2298833294749,3.0,2019.0,High_Himal,2019-03-01,Pre-monsoon
690,16.902188921921702,16.743264861255902,1.2047859617576,4.0,2019.0,High_Himal,2019-04-01,Pre-monsoon
690,17.8131661387348,17.7300719145106,1.3728709844834,5.0,2019.0,High_Himal,2019-05-01,Pre-monsoon
690,18.009661075670298,17.8324681022919,1.3755540463511,6.0,2019.0,High_Himal,2019-06-01,Monsoon
690,20.0702247552336,19.9749318267881,1.2969519344436,7.0,2019.0,High_Himal,2019-07-01,Monsoon
690,18.5591503637915,18.4772612517263,1.0996101144506,8.0,2019.0,High_Himal,2019-08-01,Monsoon
690,19.009095540871797,18.9350563976289,1.2456970738328998,9.0,2019.0,High_Himal,2019-09-01,Monsoon
690,16.4030679139374,16.2759515380289,1.1320925022366002,10.0,2019.0,High_Himal,2019-10-01,Post-monsoon
690,15.416280567168899,15.3034899678286,1.2025997954393002,11.0,2019.0,High_Himal,2019-11-01,Post-monsoon
690,14.4754041567729,14.359048076335,1.0831995013587,12.0,2019.0,High_Himal,2019-12-01,Winter
690,15.009992678316399,14.8825060734649,1.2505613039845,1.0,2020.0,High_Himal,2020-01-01,Winter
690,15.5325440932107,15.288483597466898,1.3449429392819001,2.0,2020.0,High_Himal,2020-02-01,Winter
690,15.984394934925602,15.8437327269574,1.312286899036,3.0,2020.0,High_Himal,2020-03-01,Pre-monsoon
690,17.4190204776839,17.3010406900883,1.2651546691437,4.0,2020.0,High_Himal,2020-04-01,Pre-monsoon
690,18.2035490451564,17.9730161304964,1.2493448087280001,5.0,2020.0,High_Himal,2020-05-01,Pre-monsoon
690,18.958788377846098,18.7729532231523,1.5338645462402,6.0,2020.0,High_Himal,2020-06-01,Monsoon
690,19.7955020802721,19.6977719532239,1.1967856406538,7.0,2020.0,High_Himal,2020-07-01,Monsoon
690,18.4175352577879,18.3903587767736,1.1369346651221999,8.0,2020.0,High_Himal,2020-08-01,Monsoon
690,19.4070412524942,19.3707096938775,1.2293922421271999,9.0,2020.0,High_Himal,2020-09-01,Monsoon
690,16.887158472383202,16.792337360315898,1.1270051083151,10.0,2020.0,High_Himal,2020-10-01,Post-monsoon
690,15.6714289856048,15.4811667519202,1.2079692172671002,11.0,2020.0,High_Himal,2020-11-01,Post-monsoon
690,15.796492602888499,15.6467967379658,1.238955790332,12.0,2020.0,High_Himal,2020-12-01,Winter
690,16.402207404137002,16.278432651489197,1.4250018628736,1.0,2021.0,High_Himal,2021-01-01,Winter
690,15.888650570730901,15.716832802524499,1.3594735213813,2.0,2021.0,High_Himal,2021-02-01,Winter
690,17.0320837799486,16.813495440523003,1.4474200744510002,3.0,2021.0,High_Himal,2021-03-01,Pre-monsoon
690,18.053000237073398,18.0406747595699,1.6604958119234998,4.0,2021.0,High_Himal,2021-04-01,Pre-monsoon
690,18.8659921916317,18.7623885972285,1.4769266843451,5.0,2021.0,High_Himal,2021-05-01,Pre-monsoon
690,19.296001323912602,19.253579656203097,1.490102337567,6.0,2021.0,High_Himal,2021-06-01,Monsoon
690,19.2279469177797,19.1871323611058,1.2725418477607,7.0,2021.0,High_Himal,2021-07-01,Monsoon
690,19.8239214988431,19.744777335307802,1.2438691652595,8.0,2021.0,High_Himal,2021-08-01,Monsoon
690,17.1850475562652,17.1327146828943,1.1052773394658,9.0,2021.0,High_Himal,2021-09-01,Monsoon
690,15.934305656748402,15.842408788659501,1.1847269471416,10.0,2021.0,High_Himal,2021-10-01,Post-monsoon
690,15.2156928948787,15.1671939398217,1.1206551556186999,11.0,2021.0,High_Himal,2021-11-01,Post-monsoon
690,13.522907187153098,13.4425380593408,1.0300153600979,12.0,2021.0,High_Himal,2021-12-01,Winter
690,13.572708630314601,13.457861573097102,1.097831929005,1.0,2022.0,High_Himal,2022-01-01,Winter
690,13.718224812644,13.7051229810334,1.1782518350539,2.0,2022.0,High_Himal,2022-02-01,Winter
690,16.2167182817167,16.081196243008,1.3163873556739,3.0,2022.0,High_Himal,2022-03-01,Pre-monsoon
690,15.8909706959974,15.780543998331499,1.237705385108,4.0,2022.0,High_Himal,2022-04-01,Pre-monsoon
690,16.852190850756,16.6796684131117,1.1699603111385999,5.0,2022.0,High_Himal,2022-05-01,Pre-monsoon
690,18.937109422281498,18.7667257541593,1.4714159249735,6.0,2022.0,High_Himal,2022-06-01,Monsoon
690,16.765683338530998,16.7657060442409,1.1173461820067,7.0,2022.0,High_Himal,2022-07-01,Monsoon
690,18.1866636171661,18.1589540114558,1.094571431754,8.0,2022.0,High_Himal,2022-08-01,Monsoon
690,17.9777690482074,17.8359105447475,1.1963520810259,9.0,2022.0,High_Himal,2022-09-01,Monsoon
690,13.8978696849832,13.8337924389496,1.2266130681525,10.0,2022.0,High_Himal,2022-10-01,Post-monsoon
690,14.0478518347204,14.0027210626751,1.1993471024588,11.0,2022.0,High_Himal,2022-11-01,Post-monsoon
690,14.3018037978664,14.1448066160062,1.0893223273533001,12.0,2022.0,High_Himal,2022-12-01,Winter
690,13.841247693147299,13.6387223864504,1.1866189364011002,1.0,2023.0,High_Himal,2023-01-01,Winter
690,14.442916139035301,14.2539708432737,1.3047509776252,2.0,2023.0,High_Himal,2023-02-01,Winter
690,15.2716162258199,15.2118933549418,1.2491439440597,3.0,2023.0,High_Himal,2023-03-01,Pre-monsoon
690,15.7134290090497,15.4189085477928,1.4305722140929,4.0,2023.0,High_Himal,2023-04-01,Pre-monsoon
690,16.5049757932266,16.307122551938,1.2425448732392002,5.0,2023.0,High_Himal,2023-05-01,Pre-monsoon
690,16.5447968119919,16.3935912072679,1.1429122717188,6.0,2023.0,High_Himal,2023-06-01,Monsoon
690,17.8963761492216,17.8912153320489,1.0247728302160002,7.0,2023.0,High_Himal,2023-07-01,Monsoon
690,18.7032027045836,18.6931752837366,1.1355646936443,8.0,2023.0,High_Himal,2023-08-01,Monsoon
690,18.450382615163402,18.2963739926668,1.1731381107429002,9.0,2023.0,High_Himal,2023-09-01,Monsoon
690,14.4423397574927,14.361802926392501,0.9672784630814676,10.0,2023.0,High_Himal,2023-10-01,Post-monsoon
690,14.1075031448515,13.9956356507201,1.0087468847984,11.0,2023.0,High_Himal,2023-11-01,Post-monsoon
690,14.765454983529699,14.6047988555175,1.1416711299155,12.0,2023.0,High_Himal,2023-12-01,Winter
690,14.3002175816558,14.1404557706723,1.2107517530174001,1.0,2024.0,High_Himal,2024-01-01,Winter
690,14.2936593648378,14.192599331486699,1.2004837104050001,2.0,2024.0,High_Himal,2024-02-01,Winter
690,15.5323694456434,15.3642853795553,1.3074347691801,3.0,2024.0,High_Himal,2024-03-01,Pre-monsoon
690,17.380070827667698,17.0373610626779,1.8430226994599002,4.0,2024.0,High_Himal,2024-04-01,Pre-monsoon
690,19.573059738106,19.3831773792711,1.7284960486772,5.0,2024.0,High_Himal,2024-05-01,Pre-monsoon
690,20.6842876502685,20.541726966641903,1.7740582080978,6.0,2024.0,High_Himal,2024-06-01,Monsoon
690,18.9386344690337,18.8897189195193,1.0959846755156,7.0,2024.0,High_Himal,2024-07-01,Monsoon
690,17.4943715303435,17.503878894670798,1.1501561352964,8.0,2024.0,High_Himal,2024-08-01,Monsoon
690,18.4896913862446,18.401782951576,1.2118301044458,9.0,2024.0,High_Himal,2024-09-01,Monsoon
690,15.8751806184609,15.8149392000915,1.0395720762279999,10.0,2024.0,High_Himal,2024-10-01,Post-monsoon
690,15.4610214755389,15.3063123480059,1.1203772068795,11.0,2024.0,High_Himal,2024-11-01,Post-monsoon
690,15.480999767267301,15.303080836339701,1.1372536602715,12.0,2024.0,High_Himal,2024-12-01,Winter
690,16.0049070312132,15.777003458558099,1.2707148652265001,1.0,2025.0,High_Himal,2025-01-01,Winter
690,14.8235079213922,14.669184971348399,1.2633797896296999,2.0,2025.0,High_Himal,2025-02-01,Winter
690,16.0044819094767,15.829958989566299,1.4307077873768002,3.0,2025.0,High_Himal,2025-03-01,Pre-monsoon
690,17.3269751358884,17.1815296622513,1.6242408028577,4.0,2025.0,High_Himal,2025-04-01,Pre-monsoon
690,17.7573933984477,17.6151938252156,1.3620880969920999,5.0,2025.0,High_Himal,2025-05-01,Pre-monsoon
690,17.8396637997165,17.725174834622102,1.2953693438181,6.0,2025.0,High_Himal,2025-06-01,Monsoon
690,17.5147783807239,17.5616004920418,1.1459693216842,7.0,2025.0,High_Himal,2025-07-01,Monsoon
690,19.088442459655,19.1445183961016,1.1701995404893,8.0,2025.0,High_Himal,2025-08-01,Monsoon
690,18.148705473713797,18.0476663751406,1.1353243934039,9.0,2025.0,High_Himal,2025-09-01,Monsoon
690,14.633917715691299,14.5141051429749,1.0285874827862,10.0,2025.0,High_Himal,2025-10-01,Post-monsoon
690,13.761204759523899,13.627608169528902,1.0442319559812,11.0,2025.0,High_Himal,2025-11-01,Post-monsoon
690,13.4493809502016,13.3779710576824,0.9329664620731698,12.0,2025.0,High_Himal,2025-12-01,Winter
690,13.2273895131347,13.104700514200001,1.0863448764142,1.0,2026.0,High_Himal,2026-01-01,Winter
690,13.4624093211555,13.2555765943894,1.1942538949875001,2.0,2026.0,High_Himal,2026-02-01,Winter
690,14.837516784756701,14.6933579777356,1.2423944099739002,3.0,2026.0,High_Himal,2026-03-01,Pre-monsoon
690,14.7563087751744,14.6207434072815,1.1916219420034,4.0,2026.0,High_Himal,2026-04-01,Pre-monsoon
690,16.3577864317661,16.277376735459598,1.237164458141,5.0,2026.0,High_Himal,2026-05-01,Pre-monsoon
690,17.0984282529964,16.8193166551325,1.4620699410114,6.0,2026.0,High_Himal,2026-06-01,Monsoon
690,17.5790521911947,17.6239173340034,1.1548570058001,7.0,2026.0,High_Himal,2026-07-01,Monsoon
684,17.0924745756967,17.247432255043,1.836101907862,8.0,2026.0,High_Himal,2026-08-01,Monsoon
1449,17.7913507280498,17.3529647477083,2.6369532487338,1.0,2019.0,High_Mountains,2019-01-01,Winter
1449,17.8352830387127,17.358584745992,2.5746915757323,2.0,2019.0,High_Mountains,2019-02-01,Winter
1449,19.1751715839373,18.7484535878346,2.828223397147,3.0,2019.0,High_Mountains,2019-03-01,Pre-monsoon
1449,20.9718556157007,20.337480816880902,2.961519054949,4.0,2019.0,High_Mountains,2019-04-01,Pre-monsoon
1449,22.7634124826822,21.924287351076302,3.7026458774910003,5.0,2019.0,High_Mountains,2019-05-01,Pre-monsoon
1449,22.0081613343354,21.548099393011398,3.0992435683365,6.0,2019.0,High_Mountains,2019-06-01,Monsoon
1449,23.7534404724506,23.527880927424302,2.3792560676994996,7.0,2019.0,High_Mountains,2019-07-01,Monsoon
1449,22.0211589277393,21.695473913645202,2.1311586354195002,8.0,2019.0,High_Mountains,2019-08-01,Monsoon
1449,22.6557698061155,22.4828425739487,2.3996587640781,9.0,2019.0,High_Mountains,2019-09-01,Monsoon
1449,19.8390262661541,19.5731353167332,2.4652540253087,10.0,2019.0,High_Mountains,2019-10-01,Post-monsoon
1449,18.9151622421528,18.6497053636756,2.5385218255785,11.0,2019.0,High_Mountains,2019-11-01,Post-monsoon
1449,17.8612802335368,17.485009333919,2.3655348580226,12.0,2019.0,High_Mountains,2019-12-01,Winter
1449,18.8807286579246,18.4661978766277,2.6772491207309,1.0,2020.0,High_Mountains,2020-01-01,Winter
1449,19.5504523946911,19.1931044834062,2.8119420028657,2.0,2020.0,High_Mountains,2020-02-01,Winter
1449,20.0055859992017,19.5623259226699,2.9182268081501,3.0,2020.0,High_Mountains,2020-03-01,Pre-monsoon
1449,21.7385725782937,21.0633945569006,3.1465737031886,4.0,2020.0,High_Mountains,2020-04-01,Pre-monsoon
1449,22.4200717864016,21.6389663569413,3.083109386415,5.0,2020.0,High_Mountains,2020-05-01,Pre-monsoon
1449,23.0314484382022,22.7364597755796,2.9645104228754997,6.0,2020.0,High_Mountains,2020-06-01,Monsoon
1449,23.3323154058674,23.1004388126422,2.3648492922599,7.0,2020.0,High_Mountains,2020-07-01,Monsoon
1449,21.762437005694302,21.4610939622949,2.1216227452535,8.0,2020.0,High_Mountains,2020-08-01,Monsoon
1449,23.0734966354178,22.7960905272245,2.5869241826548,9.0,2020.0,High_Mountains,2020-09-01,Monsoon
1449,20.3929682032351,20.1164318127964,2.5686228285167,10.0,2020.0,High_Mountains,2020-10-01,Post-monsoon
1449,19.2806580368239,18.826341159157398,2.5861023211368,11.0,2020.0,High_Mountains,2020-11-01,Post-monsoon
1449,19.6863502369222,19.35193584966,2.7439304607596,12.0,2020.0,High_Mountains,2020-12-01,Winter
1449,20.426063001575,19.842462519290002,3.0515180106877,1.0,2021.0,High_Mountains,2021-01-01,Winter
1449,20.3520585969582,19.7271433186815,3.1091286959706,2.0,2021.0,High_Mountains,2021-02-01,Winter
1449,21.8455670130933,21.0595662071437,3.9221518322149,3.0,2021.0,High_Mountains,2021-03-01,Pre-monsoon
1449,24.1978275802824,23.0128404127998,4.7243997502674,4.0,2021.0,High_Mountains,2021-04-01,Pre-monsoon
1449,23.2161688026444,22.775625349049598,3.2533304607477,5.0,2021.0,High_Mountains,2021-05-01,Pre-monsoon
1449,23.226854610308898,23.0581918095565,2.8662685292609,6.0,2021.0,High_Mountains,2021-06-01,Monsoon
1449,22.939844079127898,22.615352254785602,2.369250719609,7.0,2021.0,High_Mountains,2021-07-01,Monsoon
1449,23.6345529239485,23.349971872513,2.4765495048297,8.0,2021.0,High_Mountains,2021-08-01,Monsoon
1449,20.5447907212457,20.2412431205675,2.2488040418482,9.0,2021.0,High_Mountains,2021-09-01,Monsoon
1449,19.299596990310498,18.9489286418626,2.5394323369341,10.0,2021.0,High_Mountains,2021-10-01,Post-monsoon
1449,18.426851102909698,18.208859704578,2.3592490132988,11.0,2021.0,High_Mountains,2021-11-01,Post-monsoon
1449,16.8788069515765,16.630327928112898,2.3175455827611997,12.0,2021.0,High_Mountains,2021-12-01,Winter
1449,17.1550546790617,16.8178825959964,2.4401396512571,1.0,2022.0,High_Mountains,2022-01-01,Winter
1449,17.5013810908807,16.872314620844,2.6639676491038,2.0,2022.0,High_Mountains,2022-02-01,Winter
1449,20.543247027563197,19.8395828426588,3.1273481570861,3.0,2022.0,High_Mountains,2022-03-01,Pre-monsoon
1449,20.6952157724292,19.853025044533098,3.6840461685328,4.0,2022.0,High_Mountains,2022-04-01,Pre-monsoon
1449,21.1237236780568,20.4475925299657,3.2874878508488,5.0,2022.0,High_Mountains,2022-05-01,Pre-monsoon
1449,23.387320458854802,22.873020819500898,3.3430447210734,6.0,2022.0,High_Mountains,2022-06-01,Monsoon
1449,20.0260792148342,19.682795745254797,2.1118457682095,7.0,2022.0,High_Mountains,2022-07-01,Monsoon
1449,21.4735849183275,21.2777824186536,2.2410442100216,8.0,2022.0,High_Mountains,2022-08-01,Monsoon
1449,21.499792658997,21.2088860576099,2.4170790745079,9.0,2022.0,High_Mountains,2022-09-01,Monsoon
1449,16.6924852696261,16.5142815699813,2.3002089946904003,10.0,2022.0,High_Mountains,2022-10-01,Post-monsoon
1449,17.1851588287027,16.8890657929032,2.3896510521642003,11.0,2022.0,High_Mountains,2022-11-01,Post-monsoon
1449,17.2753907166955,16.9417229196266,2.2995840939654,12.0,2022.0,High_Mountains,2022-12-01,Winter
1449,17.167249659554,16.9035911253852,2.640620837758,1.0,2023.0,High_Mountains,2023-01-01,Winter
1449,18.3085161571877,17.8864058441346,2.8878082268187,2.0,2023.0,High_Mountains,2023-02-01,Winter
1449,19.4605605279463,18.949612092517,2.9324738344370003,3.0,2023.0,High_Mountains,2023-03-01,Pre-monsoon
1449,20.1592721529893,19.4807745834897,3.5078619591861,4.0,2023.0,High_Mountains,2023-04-01,Pre-monsoon
1449,20.675790153753,20.0833368646901,3.1882469118456,5.0,2023.0,High_Mountains,2023-05-01,Pre-monsoon
1449,20.446036197370397,19.9401939677556,2.7894910883501,6.0,2023.0,High_Mountains,2023-06-01,Monsoon
1449,21.138944402897398,20.7245659618748,2.143773414455,7.0,2023.0,High_Mountains,2023-07-01,Monsoon
1449,22.154082704587598,21.8246584360012,2.264312852089,8.0,2023.0,High_Mountains,2023-08-01,Monsoon
1449,21.8532060605392,21.517189061981902,2.4565251226264997,9.0,2023.0,High_Mountains,2023-09-01,Monsoon
1449,17.8433030915098,17.4305023867689,2.3910488812405997,10.0,2023.0,High_Mountains,2023-10-01,Post-monsoon
1449,17.3914950648534,17.064807823396,2.2958441988439997,11.0,2023.0,High_Mountains,2023-11-01,Post-monsoon
1449,18.1024876417594,17.855051746538,2.428790544463,12.0,2023.0,High_Mountains,2023-12-01,Winter
1449,18.1663330960672,17.7178454584902,2.7699720355876,1.0,2024.0,High_Mountains,2024-01-01,Winter
1449,17.912880655379702,17.4831741181149,2.7131861262262,2.0,2024.0,High_Mountains,2024-02-01,Winter
1449,19.4994442662677,18.984242451021,3.0355672566727,3.0,2024.0,High_Mountains,2024-03-01,Pre-monsoon
1449,23.221978027439302,22.377635559966798,4.6669138828304995,4.0,2024.0,High_Mountains,2024-04-01,Pre-monsoon
1449,24.899847227625603,24.2415095627025,3.9946618881876996,5.0,2024.0,High_Mountains,2024-05-01,Pre-monsoon
1449,25.498628800703997,25.072431601620202,3.4367492928093,6.0,2024.0,High_Mountains,2024-06-01,Monsoon
1449,22.341882861515,21.878913817336798,2.2622448434014,7.0,2024.0,High_Mountains,2024-07-01,Monsoon
1449,20.8974357398009,20.5902358322709,2.1732782852993,8.0,2024.0,High_Mountains,2024-08-01,Monsoon
1449,22.0699479306116,21.6992278987997,2.3823665544559,9.0,2024.0,High_Mountains,2024-09-01,Monsoon
1449,19.526259740435698,19.0851070740332,2.5692235343192,10.0,2024.0,High_Mountains,2024-10-01,Post-monsoon
1449,18.995006468910997,18.6995715889501,2.4959916460115,11.0,2024.0,High_Mountains,2024-11-01,Post-monsoon
1449,18.866443605093803,18.6520453460627,2.4110407420558,12.0,2024.0,High_Mountains,2024-12-01,Winter
1449,19.5531429308603,19.259387237063798,2.6019826105122,1.0,2025.0,High_Mountains,2025-01-01,Winter
1449,18.6211144359545,18.220942449661802,2.7387487103587,2.0,2025.0,High_Mountains,2025-02-01,Winter
1449,19.9431151635989,19.5925823471508,2.90667930142,3.0,2025.0,High_Mountains,2025-03-01,Pre-monsoon
1449,21.978623848989,21.552969726424,3.6142351790779,4.0,2025.0,High_Mountains,2025-04-01,Pre-monsoon
1449,22.109661518802703,21.5710742100871,3.0360779916703,5.0,2025.0,High_Mountains,2025-05-01,Pre-monsoon
1449,21.7247589635957,21.38227195402,2.6948001415103,6.0,2025.0,High_Mountains,2025-06-01,Monsoon
1449,20.765775494799,20.3553058733258,2.1839431149444,7.0,2025.0,High_Mountains,2025-07-01,Monsoon
1449,22.6093065088967,22.308374199053503,2.2908860740067,8.0,2025.0,High_Mountains,2025-08-01,Monsoon
1449,21.685553296565,21.4041070642537,2.4355823667455,9.0,2025.0,High_Mountains,2025-09-01,Monsoon
1449,17.6401155902415,17.2422523393416,2.1753553925144,10.0,2025.0,High_Mountains,2025-10-01,Post-monsoon
1449,16.6478213433446,16.2617262014252,2.1856888708379,11.0,2025.0,High_Mountains,2025-11-01,Post-monsoon
1449,16.393176538556002,16.0851601883664,2.0921831084614997,12.0,2025.0,High_Mountains,2025-12-01,Winter
1449,16.637797829592902,16.2724831576408,2.4577695227242997,1.0,2026.0,High_Mountains,2026-01-01,Winter
1449,17.0641403087722,16.6935889392333,2.6317077432723996,2.0,2026.0,High_Mountains,2026-02-01,Winter
1449,18.585634206989,18.2231219554284,2.6743832462627,3.0,2026.0,High_Mountains,2026-03-01,Pre-monsoon
1449,19.0040354572699,18.281971138521,3.1617817405434,4.0,2026.0,High_Mountains,2026-04-01,Pre-monsoon
1449,20.599614231546,20.046337478786,3.0309370791425,5.0,2026.0,High_Mountains,2026-05-01,Pre-monsoon
1449,20.6735560933285,20.4416096204983,2.8921208325962997,6.0,2026.0,High_Mountains,2026-06-01,Monsoon
1449,20.8305225255628,20.5305043759884,2.1279151193575,7.0,2026.0,High_Mountains,2026-07-01,Monsoon
1448,20.5377410785243,20.3276338179015,2.6731545604126996,8.0,2026.0,High_Mountains,2026-08-01,Monsoon
1518,26.1724171678972,26.1793947324804,3.0871839268828,1.0,2019.0,Middle_Mountains,2019-01-01,Winter
1518,25.7489240766719,25.692519204338698,3.028256207707,2.0,2019.0,Middle_Mountains,2019-02-01,Winter
1518,28.2017123162027,28.0095449797109,3.6404143215403,3.0,2019.0,Middle_Mountains,2019-03-01,Pre-monsoon
1518,30.8340647713551,30.6925665439217,3.7474750792402,4.0,2019.0,Middle_Mountains,2019-04-01,Pre-monsoon
1518,34.9007500150503,35.0450822292281,4.6407782077708,5.0,2019.0,Middle_Mountains,2019-05-01,Pre-monsoon
1518,31.252534555036704,31.547012754413803,3.0577526089855,6.0,2019.0,Middle_Mountains,2019-06-01,Monsoon
1518,30.3506662290071,30.489856818105,2.0966104492036,7.0,2019.0,Middle_Mountains,2019-07-01,Monsoon
1518,28.2413428786335,28.358163955084702,2.0131793919744,8.0,2019.0,Middle_Mountains,2019-08-01,Monsoon
1518,29.1799478731323,29.3260159930718,2.0894533048209003,9.0,2019.0,Middle_Mountains,2019-09-01,Monsoon
1518,27.264744332341902,27.3742414018655,2.6478648543749,10.0,2019.0,Middle_Mountains,2019-10-01,Post-monsoon
1518,26.7352485321256,26.6668652293842,3.205443505092,11.0,2019.0,Middle_Mountains,2019-11-01,Post-monsoon
1518,25.0525814674444,24.8489713465741,2.933093809687,12.0,2019.0,Middle_Mountains,2019-12-01,Winter
1518,27.060273889187002,26.921408838474303,3.1143700836327,1.0,2020.0,Middle_Mountains,2020-01-01,Winter
1518,28.727629343323997,28.5104784676609,3.7304668331614,2.0,2020.0,Middle_Mountains,2020-02-01,Winter
1518,28.628393299557302,28.3885829920784,3.3981787881949,3.0,2020.0,Middle_Mountains,2020-03-01,Pre-monsoon
1518,31.655782157297203,31.3088119135441,3.9720969009736002,4.0,2020.0,Middle_Mountains,2020-04-01,Pre-monsoon
1518,32.1299201246277,32.1614087930434,3.2445348097591,5.0,2020.0,Middle_Mountains,2020-05-01,Pre-monsoon
1518,30.867220567807202,31.052074318913903,2.5377093677181,6.0,2020.0,Middle_Mountains,2020-06-01,Monsoon
1518,29.893618283511397,29.996966955349198,2.1048461025135,7.0,2020.0,Middle_Mountains,2020-07-01,Monsoon
1518,27.8515500549406,27.9803939768491,1.9031973248489,8.0,2020.0,Middle_Mountains,2020-08-01,Monsoon
1518,30.0419852138643,30.0559621082037,2.4327683695648,9.0,2020.0,Middle_Mountains,2020-09-01,Monsoon
1518,28.001759948717698,28.1062984653631,2.7816978171853,10.0,2020.0,Middle_Mountains,2020-10-01,Post-monsoon
1518,27.024392104654098,27.067743605964303,2.7722976913296,11.0,2020.0,Middle_Mountains,2020-11-01,Post-monsoon
1518,28.0390129548215,27.896205892076498,3.2132383006746,12.0,2020.0,Middle_Mountains,2020-12-01,Winter
1518,29.8547767323514,29.482189364967102,3.7940562640044,1.0,2021.0,Middle_Mountains,2021-01-01,Winter
1518,30.7551296914821,30.821347420796602,3.9046816215525,2.0,2021.0,Middle_Mountains,2021-02-01,Winter
1518,35.2659931805311,35.4965718606949,5.0576391131748,3.0,2021.0,Middle_Mountains,2021-03-01,Pre-monsoon
1518,40.569584341372796,40.419854993770706,6.9259940695439,4.0,2021.0,Middle_Mountains,2021-04-01,Pre-monsoon
1518,31.791539826736603,31.921274220483202,2.9558807437711,5.0,2021.0,Middle_Mountains,2021-05-01,Pre-monsoon
1518,30.7324028095089,30.8127642863385,2.6655233854411,6.0,2021.0,Middle_Mountains,2021-06-01,Monsoon
1518,29.3949444874921,29.443988772165397,2.2842863931837,7.0,2021.0,Middle_Mountains,2021-07-01,Monsoon
1518,30.582634346014,30.7339118609937,2.2385255335554,8.0,2021.0,Middle_Mountains,2021-08-01,Monsoon
1518,26.842887996018202,26.949543744603602,2.0375941339916,9.0,2021.0,Middle_Mountains,2021-09-01,Monsoon
1518,27.0085950561373,27.1297861250643,2.8255177165977,10.0,2021.0,Middle_Mountains,2021-10-01,Post-monsoon
1518,26.1111563263583,26.2106662544752,3.0618775157719003,11.0,2021.0,Middle_Mountains,2021-11-01,Post-monsoon
1518,24.251082970964,24.257793442496098,2.7236926153732,12.0,2021.0,Middle_Mountains,2021-12-01,Winter
1518,25.2230480241434,25.2010595784145,3.1125112800925,1.0,2022.0,Middle_Mountains,2022-01-01,Winter
1518,26.0757568003562,26.064470923175,3.1524403479914,2.0,2022.0,Middle_Mountains,2022-02-01,Winter
1518,30.7544929761976,30.6927117287164,3.7727963223692003,3.0,2022.0,Middle_Mountains,2022-03-01,Pre-monsoon
1518,33.323035829891,33.3933758320564,4.4981074605094005,4.0,2022.0,Middle_Mountains,2022-04-01,Pre-monsoon
1518,31.688415296703404,32.039704557333394,3.641148249391,5.0,2022.0,Middle_Mountains,2022-05-01,Pre-monsoon
1518,32.852326172239394,33.0138938032088,3.04140833273,6.0,2022.0,Middle_Mountains,2022-06-01,Monsoon
1518,26.0313051222073,26.0925996691301,2.0023931224172,7.0,2022.0,Middle_Mountains,2022-07-01,Monsoon
1518,27.5832724899579,27.6797422193393,1.988243072986,8.0,2022.0,Middle_Mountains,2022-08-01,Monsoon
1518,28.4361683707282,28.4100009599284,2.3948985591221,9.0,2022.0,Middle_Mountains,2022-09-01,Monsoon
1518,23.3182551619959,23.5303707417979,2.5421917692271996,10.0,2022.0,Middle_Mountains,2022-10-01,Post-monsoon
1518,24.5137819983706,24.4452621945963,2.9585193232875,11.0,2022.0,Middle_Mountains,2022-11-01,Post-monsoon
1518,24.5832609802094,24.3525885704154,3.1001276747633,12.0,2022.0,Middle_Mountains,2022-12-01,Winter
1518,25.1719212573372,24.864447860900597,3.4587731527629,1.0,2023.0,Middle_Mountains,2023-01-01,Winter
1518,27.9328236000987,27.9089477583364,3.9729809911359997,2.0,2023.0,Middle_Mountains,2023-02-01,Winter
1518,29.079838786539,28.747263951764,4.087437879791,3.0,2023.0,Middle_Mountains,2023-03-01,Pre-monsoon
1518,31.6347525071528,30.6385624013384,5.5754745122543,4.0,2023.0,Middle_Mountains,2023-04-01,Pre-monsoon
1518,30.2577405565857,30.4551327586432,3.500687166053,5.0,2023.0,Middle_Mountains,2023-05-01,Pre-monsoon
1518,28.5269546528338,28.5038054397668,2.7226218534645,6.0,2023.0,Middle_Mountains,2023-06-01,Monsoon
1518,27.3570949195707,27.438651721413702,2.111166609337,7.0,2023.0,Middle_Mountains,2023-07-01,Monsoon
1518,29.1174890152434,29.2066671545298,2.3908519240508,8.0,2023.0,Middle_Mountains,2023-08-01,Monsoon
1518,28.966630848912498,29.1464883340854,2.4631932997544,9.0,2023.0,Middle_Mountains,2023-09-01,Monsoon
1518,25.3428570688118,25.4275190205891,2.663775132858,10.0,2023.0,Middle_Mountains,2023-10-01,Post-monsoon
1518,24.9590988666317,24.994453339905398,2.8462174473956,11.0,2023.0,Middle_Mountains,2023-11-01,Post-monsoon
1518,26.042144440951603,26.0626893057826,3.0616612840780997,12.0,2023.0,Middle_Mountains,2023-12-01,Winter
1518,27.6203011349942,27.6555448575691,3.6821754289223,1.0,2024.0,Middle_Mountains,2024-01-01,Winter
1518,26.9295354193482,26.7934773638953,3.6689667519811,2.0,2024.0,Middle_Mountains,2024-02-01,Winter
1518,29.3375901422682,28.992126595912797,4.3856444454485,3.0,2024.0,Middle_Mountains,2024-03-01,Pre-monsoon
1518,39.334214865983405,39.1815331043522,7.080926882264199,4.0,2024.0,Middle_Mountains,2024-04-01,Pre-monsoon
1518,37.1150737139685,37.2888994937369,4.1585673477055,5.0,2024.0,Middle_Mountains,2024-05-01,Pre-monsoon
1518,35.3486968961519,35.5833030305209,3.2673328096762,6.0,2024.0,Middle_Mountains,2024-06-01,Monsoon
1518,28.9586181641373,29.075717497290597,2.200426217075,7.0,2024.0,Middle_Mountains,2024-07-01,Monsoon
1518,27.227917971862098,27.3720292414364,2.1427199452793997,8.0,2024.0,Middle_Mountains,2024-08-01,Monsoon
1518,28.758089467641202,28.898766085073998,2.1721748398851,9.0,2024.0,Middle_Mountains,2024-09-01,Monsoon
1518,27.8057113581138,27.9904568963779,2.9562380423557,10.0,2024.0,Middle_Mountains,2024-10-01,Post-monsoon
1518,27.689950748542103,27.8860062343722,3.3203222987923997,11.0,2024.0,Middle_Mountains,2024-11-01,Post-monsoon
1518,26.7350312693386,26.6747529707059,3.1849471726488,12.0,2024.0,Middle_Mountains,2024-12-01,Winter
1518,27.8740965857779,27.527163823965502,3.6042872621599,1.0,2025.0,Middle_Mountains,2025-01-01,Winter
1518,27.2732471478548,26.9215823202892,3.6280967782135,2.0,2025.0,Middle_Mountains,2025-02-01,Winter
1518,29.3847090361514,28.986996010556698,4.0641027979508,3.0,2025.0,Middle_Mountains,2025-03-01,Pre-monsoon
1518,32.5957538974059,32.7694742241802,3.9699031544427004,4.0,2025.0,Middle_Mountains,2025-04-01,Pre-monsoon
1518,31.1936585923117,31.313810359339598,3.0868421499945002,5.0,2025.0,Middle_Mountains,2025-05-01,Pre-monsoon
1518,29.3386403550236,29.3616119607775,2.6327172853213003,6.0,2025.0,Middle_Mountains,2025-06-01,Monsoon
1518,27.1042873364973,27.2543392999498,2.1369924440952,7.0,2025.0,Middle_Mountains,2025-07-01,Monsoon
1518,29.177221689858797,29.3310888427632,2.1097141280508,8.0,2025.0,Middle_Mountains,2025-08-01,Monsoon
1518,28.6031228441121,28.7141625586782,2.2560887541606998,9.0,2025.0,Middle_Mountains,2025-09-01,Monsoon
1518,24.001635827796598,24.081787556412298,2.2561724507733,10.0,2025.0,Middle_Mountains,2025-10-01,Post-monsoon
1518,23.5751756720546,23.6351829225511,2.7141017961942,11.0,2025.0,Middle_Mountains,2025-11-01,Post-monsoon
1518,23.3878074701709,23.258432594370298,2.7748003172086997,12.0,2025.0,Middle_Mountains,2025-12-01,Winter
1518,24.7355592190547,24.7274983028152,3.1758310185572003,1.0,2026.0,Middle_Mountains,2026-01-01,Winter
1518,26.175976025099303,26.0604644147818,3.7778996308868003,2.0,2026.0,Middle_Mountains,2026-02-01,Winter
1518,27.8357065757655,27.893159509176,3.7488558231311,3.0,2026.0,Middle_Mountains,2026-03-01,Pre-monsoon
1518,29.605931213043,29.4857269236649,4.039042505486201,4.0,2026.0,Middle_Mountains,2026-04-01,Pre-monsoon
1518,30.0548007574396,30.207416703594397,3.2445450775419,5.0,2026.0,Middle_Mountains,2026-05-01,Pre-monsoon
1518,28.6795087513382,28.759968852369,3.3412774533379,6.0,2026.0,Middle_Mountains,2026-06-01,Monsoon
1518,27.0055066711127,27.1273394012699,2.194637817317,7.0,2026.0,Middle_Mountains,2026-07-01,Monsoon
1507,26.6323942806816,26.5564691124386,2.5609667208599,8.0,2026.0,Middle_Mountains,2026-08-01,Monsoon
2100,33.889109793064804,33.868066130258796,3.0612693478909,1.0,2019.0,Siwalik,2019-01-01,Winter
2100,32.7465233457456,32.654825627486794,3.1303075052301,2.0,2019.0,Siwalik,2019-02-01,Winter
2100,35.9099835623383,35.7013567249718,3.8624248769857,3.0,2019.0,Siwalik,2019-03-01,Pre-monsoon
2100,39.322157595818005,39.376287873966795,3.2780084809348002,4.0,2019.0,Siwalik,2019-04-01,Pre-monsoon
2100,45.2181322407437,45.221368726493196,4.1493610581247005,5.0,2019.0,Siwalik,2019-05-01,Pre-monsoon
2100,37.7640653890792,37.6914670442318,2.3540919667099,6.0,2019.0,Siwalik,2019-06-01,Monsoon
2100,34.649842950539394,34.636630624131605,1.6845528773883,7.0,2019.0,Siwalik,2019-07-01,Monsoon
2100,32.414245469757105,32.3804745476746,1.4465575465302,8.0,2019.0,Siwalik,2019-08-01,Monsoon
2100,33.7261864815218,33.7278794780721,1.7191918140734,9.0,2019.0,Siwalik,2019-09-01,Monsoon
2100,33.2931271605256,33.1739731522699,2.3695594744140998,10.0,2019.0,Siwalik,2019-10-01,Post-monsoon
2100,34.5772686802336,34.2371552766274,3.7671958190499,11.0,2019.0,Siwalik,2019-11-01,Post-monsoon
2100,31.947631877181298,31.919264814436,3.1861006857091,12.0,2019.0,Siwalik,2019-12-01,Winter
2100,34.5293513594719,34.4715148919089,3.4424483990978,1.0,2020.0,Siwalik,2020-01-01,Winter
2100,38.02861247163359,38.0299513369615,4.0276886787154,2.0,2020.0,Siwalik,2020-02-01,Winter
2100,35.563668291022,35.5742350800204,3.4247444063749,3.0,2020.0,Siwalik,2020-03-01,Pre-monsoon
2100,39.6151883859576,39.6241281451075,3.7710874881784,4.0,2020.0,Siwalik,2020-04-01,Pre-monsoon
2100,39.1422522753902,39.1291334371874,2.6113334328319997,5.0,2020.0,Siwalik,2020-05-01,Pre-monsoon
2100,36.3834537232225,36.3269056573755,2.0694062628042,6.0,2020.0,Siwalik,2020-06-01,Monsoon
2100,34.078370202119,34.0227947028389,1.6224327087397,7.0,2020.0,Siwalik,2020-07-01,Monsoon
2100,31.7843093112488,31.7119256049743,1.4213128610605,8.0,2020.0,Siwalik,2020-08-01,Monsoon
2100,35.0413363836234,34.942310493375,1.9823676683996998,9.0,2020.0,Siwalik,2020-09-01,Monsoon
2100,34.259756711679,34.1194015308403,2.4108778831723003,10.0,2020.0,Siwalik,2020-10-01,Post-monsoon
2100,33.7218588175376,33.5115319476062,2.7185478676618002,11.0,2020.0,Siwalik,2020-11-01,Post-monsoon
2100,35.8442639655403,35.709199056813006,3.4303901593372,12.0,2020.0,Siwalik,2020-12-01,Winter
2100,39.428624362475695,39.2566952928129,4.5207620865828,1.0,2021.0,Siwalik,2021-01-01,Winter
2100,40.9378841510566,40.9550060925269,4.1507378344697,2.0,2021.0,Siwalik,2021-02-01,Winter
2100,45.8327350064171,45.351020530954,4.5617246556826,3.0,2021.0,Siwalik,2021-03-01,Pre-monsoon
2100,52.9834537853509,52.6182579034556,5.1056900750128005,4.0,2021.0,Siwalik,2021-04-01,Pre-monsoon
2100,37.7054051350856,37.7716984757197,2.5059413514826003,5.0,2021.0,Siwalik,2021-05-01,Pre-monsoon
2100,36.4714464923208,36.4090590932373,2.4531221259741,6.0,2021.0,Siwalik,2021-06-01,Monsoon
2100,33.92920138063641,33.780421806523904,1.9879735375663001,7.0,2021.0,Siwalik,2021-07-01,Monsoon
2100,35.360116863988395,35.3688646971113,1.7902740568377,8.0,2021.0,Siwalik,2021-08-01,Monsoon
2100,31.249388955706802,31.1619311677154,1.6275967242129,9.0,2021.0,Siwalik,2021-09-01,Monsoon
2100,33.6124940156485,33.4736357437677,2.6050208491115,10.0,2021.0,Siwalik,2021-10-01,Post-monsoon
2100,33.6834844072656,33.6278839993671,3.1956244518161,11.0,2021.0,Siwalik,2021-11-01,Post-monsoon
2100,30.8418934731855,30.7314378101422,2.6219622269196,12.0,2021.0,Siwalik,2021-12-01,Winter
2100,32.713137790294,32.7797984971364,3.1261736172298997,1.0,2022.0,Siwalik,2022-01-01,Winter
2100,34.0510125206715,33.872940282395795,3.4093247038106997,2.0,2022.0,Siwalik,2022-02-01,Winter
2100,39.099651900137495,39.003961924337794,3.6895815710943,3.0,2022.0,Siwalik,2022-03-01,Pre-monsoon
2100,43.6320182587815,43.885618524581496,3.5113861545604,4.0,2022.0,Siwalik,2022-04-01,Pre-monsoon
2100,39.6442475267946,39.4994142483265,2.8754478416213,5.0,2022.0,Siwalik,2022-05-01,Pre-monsoon
2100,39.7446251550663,39.6149439367259,2.9070323655977997,6.0,2022.0,Siwalik,2022-06-01,Monsoon
2100,30.4182903994216,30.3018822842607,1.7095295895484,7.0,2022.0,Siwalik,2022-07-01,Monsoon
2100,31.925492398466897,31.7679720579154,1.7475290213211,8.0,2022.0,Siwalik,2022-08-01,Monsoon
2100,33.866517636782795,33.843889580867895,2.1982739395996997,9.0,2022.0,Siwalik,2022-09-01,Monsoon
2100,28.7542390421619,28.7782293211108,2.21890349445,10.0,2022.0,Siwalik,2022-10-01,Post-monsoon
2100,31.616578190078904,31.5504117074751,3.1766379292378,11.0,2022.0,Siwalik,2022-11-01,Post-monsoon
2100,31.792295748792604,31.7930688504291,3.2922288627049996,12.0,2022.0,Siwalik,2022-12-01,Winter
2100,33.0978511758896,32.783957635819,4.1556729280674,1.0,2023.0,Siwalik,2023-01-01,Winter
2100,37.182655026183895,37.1501491974436,4.3983507278624,2.0,2023.0,Siwalik,2023-02-01,Winter
2100,38.1871953805039,38.0129049880956,4.9625736364254,3.0,2023.0,Siwalik,2023-03-01,Pre-monsoon
2100,42.622212337643305,42.1051684876886,7.0214920021347,4.0,2023.0,Siwalik,2023-04-01,Pre-monsoon
2100,37.8317902487405,37.8982991863749,2.8985848160463,5.0,2023.0,Siwalik,2023-05-01,Pre-monsoon
2100,34.5175377676751,34.5794469279814,2.2166068702604997,6.0,2023.0,Siwalik,2023-06-01,Monsoon
2100,31.918776041052304,31.822251107166704,1.74555058549,7.0,2023.0,Siwalik,2023-07-01,Monsoon
2100,34.312523497647696,34.266980415230606,1.9449406589384,8.0,2023.0,Siwalik,2023-08-01,Monsoon
2100,34.4302989682971,34.2039471326541,2.1445700028107,9.0,2023.0,Siwalik,2023-09-01,Monsoon
2100,31.664958264002298,31.5268305177918,2.4168175839119996,10.0,2023.0,Siwalik,2023-10-01,Post-monsoon
2100,31.7714151682563,31.671231559043402,2.9959290093499,11.0,2023.0,Siwalik,2023-11-01,Post-monsoon
2100,33.3739789072735,33.2689961153299,3.0914059410601,12.0,2023.0,Siwalik,2023-12-01,Winter
2100,36.8553136196651,36.6817565518142,4.003522677273,1.0,2024.0,Siwalik,2024-01-01,Winter
2100,35.4900125253873,35.3394840937519,3.9650477382865996,2.0,2024.0,Siwalik,2024-02-01,Winter
2100,37.7121991077929,37.6648138912281,4.2400531456766,3.0,2024.0,Siwalik,2024-03-01,Pre-monsoon
2100,52.7679424229692,51.8909609706373,6.6191612698501,4.0,2024.0,Siwalik,2024-04-01,Pre-monsoon
2100,45.6323715128363,45.7172834808782,3.0153608967462002,5.0,2024.0,Siwalik,2024-05-01,Pre-monsoon
2100,42.485989544123996,42.4268733371833,2.7798812293815,6.0,2024.0,Siwalik,2024-06-01,Monsoon
2100,33.3892749824012,33.3527568752123,1.865875758158,7.0,2024.0,Siwalik,2024-07-01,Monsoon
2100,31.9384467196758,31.8898955796618,1.7793745107166001,8.0,2024.0,Siwalik,2024-08-01,Monsoon
2100,33.6146109174932,33.5422085240872,1.8146562385004,9.0,2024.0,Siwalik,2024-09-01,Monsoon
2100,34.6203884816869,34.4812002018875,2.6491018744013997,10.0,2024.0,Siwalik,2024-10-01,Post-monsoon
2100,36.2931560539034,35.9421494786953,3.7059637101439,11.0,2024.0,Siwalik,2024-11-01,Post-monsoon
2100,34.2717234928788,34.239315359304896,3.347804249409,12.0,2024.0,Siwalik,2024-12-01,Winter
2100,36.5826681970384,36.3243087989558,4.3362381778823,1.0,2025.0,Siwalik,2025-01-01,Winter
2100,36.1165527734526,35.8244969705711,4.8048049910568,2.0,2025.0,Siwalik,2025-02-01,Winter
2100,38.199414114902,38.2669566416762,4.5010958819015,3.0,2025.0,Siwalik,2025-03-01,Pre-monsoon
2100,40.8617235862367,40.8262193006628,3.6988208255817,4.0,2025.0,Siwalik,2025-04-01,Pre-monsoon
2100,37.9700368636939,37.9065717330453,2.5699872458407,5.0,2025.0,Siwalik,2025-05-01,Pre-monsoon
2100,35.268760687595,35.0912456000356,2.5203993291723,6.0,2025.0,Siwalik,2025-06-01,Monsoon
2100,31.682305526644097,31.6463319756484,1.6285065551196,7.0,2025.0,Siwalik,2025-07-01,Monsoon
2100,33.675181777400496,33.5978482359809,1.7059843128958,8.0,2025.0,Siwalik,2025-08-01,Monsoon
2100,33.792557948968195,33.7204727324257,2.0877951485587,9.0,2025.0,Siwalik,2025-09-01,Monsoon
2100,29.351642028049,29.0797219734214,2.1671012324109,10.0,2025.0,Siwalik,2025-10-01,Post-monsoon
2100,30.103461781467,29.964476772165902,2.8324987364105,11.0,2025.0,Siwalik,2025-11-01,Post-monsoon
2100,30.655307117438298,30.5762956660643,3.0036486073383,12.0,2025.0,Siwalik,2025-12-01,Winter
2100,32.4675328236765,32.4042130492461,3.3963005585097,1.0,2026.0,Siwalik,2026-01-01,Winter
2100,35.948712072577095,35.944065068224404,4.1445566913833005,2.0,2026.0,Siwalik,2026-02-01,Winter
2100,37.0673299831881,37.169864237967104,3.7103803067011,3.0,2026.0,Siwalik,2026-03-01,Pre-monsoon
2100,38.7144489492576,38.6382190253126,3.8341627002844,4.0,2026.0,Siwalik,2026-04-01,Pre-monsoon
2100,37.3822542328114,37.445349687992795,2.7398535765437,5.0,2026.0,Siwalik,2026-05-01,Pre-monsoon
2100,35.487924995907,35.4587681099161,3.167798528253,6.0,2026.0,Siwalik,2026-06-01,Monsoon
2100,31.351686861089004,31.4673566196128,1.7179370876548,7.0,2026.0,Siwalik,2026-07-01,Monsoon
2067,31.0580496169049,31.1880786359913,2.87385391629,8.0,2026.0,Siwalik,2026-08-01,Monsoon
1293,41.2546397007141,41.2858111372664,2.1487202280361,1.0,2019.0,Terai,2019-01-01,Winter
1293,40.0949130315568,40.3151885598136,2.7822761697858,2.0,2019.0,Terai,2019-02-01,Winter
1293,41.8450477457171,42.0887717700151,2.8793762697336,3.0,2019.0,Terai,2019-03-01,Pre-monsoon
1293,45.189389619426905,45.382548136604406,1.2849313791203,4.0,2019.0,Terai,2019-04-01,Pre-monsoon
1293,49.115938625473696,48.9849346384096,1.9494137488012,5.0,2019.0,Terai,2019-05-01,Pre-monsoon
1293,43.0343026969107,43.182387603432595,1.5346630488493,6.0,2019.0,Terai,2019-06-01,Monsoon
1293,37.5440487811055,37.5226655910057,0.9164204561778776,7.0,2019.0,Terai,2019-07-01,Monsoon
1293,35.133136936125,35.1401780588728,0.8027055951227036,8.0,2019.0,Terai,2019-08-01,Monsoon
1293,36.6398074967709,36.6345040902532,0.9165586503441534,9.0,2019.0,Terai,2019-09-01,Monsoon
1293,39.033007741356606,39.0773841359137,1.0379908204957,10.0,2019.0,Terai,2019-10-01,Post-monsoon
1293,43.5757293606972,43.7714355039423,3.2893897779562002,11.0,2019.0,Terai,2019-11-01,Post-monsoon
1293,39.3625889342093,39.8285613936862,2.7332132486429996,12.0,2019.0,Terai,2019-12-01,Winter
1293,42.3076186018604,42.0787775660774,3.2754727669628,1.0,2020.0,Terai,2020-01-01,Winter
1293,45.636878900347696,45.8719268616098,1.9673350856824998,2.0,2020.0,Terai,2020-02-01,Winter
1293,41.8636074125113,42.0764932453079,2.8871823121891,3.0,2020.0,Terai,2020-03-01,Pre-monsoon
1293,44.7999726813241,45.385150212090196,2.2917901755798,4.0,2020.0,Terai,2020-04-01,Pre-monsoon
1293,44.2113570522456,44.282479030070206,1.2267270490066,5.0,2020.0,Terai,2020-05-01,Pre-monsoon
1293,40.523248813779404,40.510662971189404,1.0954778633319,6.0,2020.0,Terai,2020-06-01,Monsoon
1293,36.470598607129794,36.541011394929,1.1483583971212,7.0,2020.0,Terai,2020-07-01,Monsoon
1293,34.2208898532871,34.1951372177946,0.6612531398973641,8.0,2020.0,Terai,2020-08-01,Monsoon
1293,38.9365479433556,38.927688829503005,1.134977293793,9.0,2020.0,Terai,2020-09-01,Monsoon
1293,39.8907461758984,39.8191773829729,1.2381922300708,10.0,2020.0,Terai,2020-10-01,Post-monsoon
1293,40.5998892701547,40.5572443683391,1.6420929406076,11.0,2020.0,Terai,2020-11-01,Post-monsoon
1293,44.4748217633816,44.707880524387605,2.7183898502399,12.0,2020.0,Terai,2020-12-01,Winter
1293,49.681136004407804,50.2549222181365,3.4435076035709002,1.0,2021.0,Terai,2021-01-01,Winter
1293,49.9404080077798,50.207507953409596,2.0339387950615,2.0,2021.0,Terai,2021-02-01,Winter
1293,51.1008022708756,51.1799422189101,2.9697330599476,3.0,2021.0,Terai,2021-03-01,Pre-monsoon
1293,53.9993043252794,53.5229899366148,3.6002399114124,4.0,2021.0,Terai,2021-04-01,Pre-monsoon
1293,42.3416998419879,42.2641353866841,1.2722899766334,5.0,2021.0,Terai,2021-05-01,Pre-monsoon
1293,41.5728996126492,41.7147090654179,1.430146071215,6.0,2021.0,Terai,2021-06-01,Monsoon
1293,36.9035642526286,36.413842096463,1.9853077563789001,7.0,2021.0,Terai,2021-07-01,Monsoon
1293,39.054456811895896,39.078289800549896,1.1267959939787,8.0,2021.0,Terai,2021-08-01,Monsoon
1293,34.503271329785,34.5023789005392,0.7760752834702708,9.0,2021.0,Terai,2021-09-01,Monsoon
1293,39.427373495489796,39.516725630602195,1.3909494770059,10.0,2021.0,Terai,2021-10-01,Post-monsoon
1293,41.6657250981139,41.4800856679409,2.0060587230564,11.0,2021.0,Terai,2021-11-01,Post-monsoon
1293,37.4968958235711,37.567338842506395,1.6511390218124,12.0,2021.0,Terai,2021-12-01,Winter
1293,39.6683556294903,39.2158286148167,2.3388450768338003,1.0,2022.0,Terai,2022-01-01,Winter
1293,42.4864389104278,42.8088626304284,1.9265691366197,2.0,2022.0,Terai,2022-02-01,Winter
1293,45.4017380884957,45.1980681232488,1.9796647244234,3.0,2022.0,Terai,2022-03-01,Pre-monsoon
1293,48.9258785748609,49.647364279112196,2.562693521122,4.0,2022.0,Terai,2022-04-01,Pre-monsoon
1293,45.5154481840742,45.6893797978675,1.3776149929408,5.0,2022.0,Terai,2022-05-01,Pre-monsoon
1293,45.9428349760867,45.8674500086023,2.1942300212187997,6.0,2022.0,Terai,2022-06-01,Monsoon
1293,33.7922047461853,33.8284919073588,0.7337127340180097,7.0,2022.0,Terai,2022-07-01,Monsoon
1293,34.9678051875255,34.9308446617142,0.9665358997862753,8.0,2022.0,Terai,2022-08-01,Monsoon
1293,38.5172241272627,38.543355542419704,1.3317110310384,9.0,2022.0,Terai,2022-09-01,Monsoon
1293,33.8033264855917,33.827410889827995,1.2019075032338,10.0,2022.0,Terai,2022-10-01,Post-monsoon
1293,39.465187512276295,38.6056177134676,3.0236416349333,11.0,2022.0,Terai,2022-11-01,Post-monsoon
1293,39.513380027946205,39.6066129032785,2.8983057578806,12.0,2022.0,Terai,2022-12-01,Winter
1293,43.173446470017005,43.1710420449569,4.3357694214826,1.0,2023.0,Terai,2023-01-01,Winter
1293,46.150811735692095,47.068091762051196,3.4009391812247003,2.0,2023.0,Terai,2023-02-01,Winter
1293,43.3201904005876,43.5180637847591,3.5845946353425,3.0,2023.0,Terai,2023-03-01,Pre-monsoon
1293,44.8672796515682,44.8056282311963,5.318727606839101,4.0,2023.0,Terai,2023-04-01,Pre-monsoon
1293,41.830131865138505,41.9543803542472,2.0755272611452,5.0,2023.0,Terai,2023-05-01,Pre-monsoon
1293,38.685019702779,38.7323663268096,1.5092605187055,6.0,2023.0,Terai,2023-06-01,Monsoon
1293,35.650219482584,35.6909968647829,0.9712994594140041,7.0,2023.0,Terai,2023-07-01,Monsoon
1293,38.353027502774594,38.372535158545304,1.1273990844468,8.0,2023.0,Terai,2023-08-01,Monsoon
1293,38.8391936351192,38.8345899468977,0.983792427986333,9.0,2023.0,Terai,2023-09-01,Monsoon
1293,37.423547565131294,37.508378184103904,1.2355618629629999,10.0,2023.0,Terai,2023-10-01,Post-monsoon
1293,39.7047364271659,39.3956880175484,2.4263327734082,11.0,2023.0,Terai,2023-11-01,Post-monsoon
1293,41.7518521099336,42.1428687383178,2.7609790018173,12.0,2023.0,Terai,2023-12-01,Winter
1293,45.6461255165555,45.385181983604,2.9819750290741,1.0,2024.0,Terai,2024-01-01,Winter
1293,44.0737067583467,44.2467248449683,3.1869771914874,2.0,2024.0,Terai,2024-02-01,Winter
1293,44.6819591406763,44.475069419474,2.8429773118528,3.0,2024.0,Terai,2024-03-01,Pre-monsoon
1293,49.8122440004071,49.905384798185395,5.4893999522928,4.0,2024.0,Terai,2024-04-01,Pre-monsoon
1293,51.42714110398,51.4201373816184,1.4327806440074,5.0,2024.0,Terai,2024-05-01,Pre-monsoon
1293,48.3759076358539,48.6722317909448,1.9734382641262003,6.0,2024.0,Terai,2024-06-01,Monsoon
1293,36.8724995354767,36.8466261039271,1.2758637283824001,7.0,2024.0,Terai,2024-07-01,Monsoon
1293,35.771573991868806,35.8132838715844,0.8751743530705798,8.0,2024.0,Terai,2024-08-01,Monsoon
1293,37.7108807495272,37.6894983174324,1.0249435315131998,9.0,2024.0,Terai,2024-09-01,Monsoon
1293,41.196244555314195,41.2866479779139,1.3644131823507,10.0,2024.0,Terai,2024-10-01,Post-monsoon
1293,45.7731920030108,45.7578376756297,2.9944609798045003,11.0,2024.0,Terai,2024-11-01,Post-monsoon
1293,41.995712260770205,42.0816428784555,2.4604503266938,12.0,2024.0,Terai,2024-12-01,Winter
1293,46.2178256300828,46.074872383748705,4.0654908071671,1.0,2025.0,Terai,2025-01-01,Winter
1293,46.3912916784818,47.6626185266514,4.5739467395011,2.0,2025.0,Terai,2025-02-01,Winter
1293,45.5669972287646,45.9732246212816,3.7805078056439,3.0,2025.0,Terai,2025-03-01,Pre-monsoon
1293,46.2713964842972,46.292359341180294,1.8900118448093,4.0,2025.0,Terai,2025-04-01,Pre-monsoon
1293,44.0939789577076,44.2219957219538,1.9577599016011997,5.0,2025.0,Terai,2025-05-01,Pre-monsoon
1293,40.971946042373304,40.8008524153391,1.8630481309304,6.0,2025.0,Terai,2025-06-01,Monsoon
1293,35.019508784607304,35.051175578276,0.9001434158656055,7.0,2025.0,Terai,2025-07-01,Monsoon
1293,36.6918955466884,36.668137554016695,1.0214615237465998,8.0,2025.0,Terai,2025-08-01,Monsoon
1293,38.2586660195485,38.286337417876,1.0710971979708,9.0,2025.0,Terai,2025-09-01,Monsoon
1293,34.628531955377,34.6818084673979,1.0830101868907,10.0,2025.0,Terai,2025-10-01,Post-monsoon
1293,37.6071448812852,37.14697533146661,2.7973660556241,11.0,2025.0,Terai,2025-11-01,Post-monsoon
1293,38.5510188441747,38.5058059141414,2.2609512361181,12.0,2025.0,Terai,2025-12-01,Winter
1293,41.092131420623105,41.5921424210041,2.8834054790942,1.0,2026.0,Terai,2026-01-01,Winter
1293,45.1001067354288,45.3367425098147,2.8970565750607,2.0,2026.0,Terai,2026-02-01,Winter
1293,43.9866569794913,44.2247203722026,2.0382291069839,3.0,2026.0,Terai,2026-03-01,Pre-monsoon
1293,43.1554214494068,43.647571497041,2.6437838727439,4.0,2026.0,Terai,2026-04-01,Pre-monsoon
1293,43.1830822311582,43.3085343548452,1.3857475639662,5.0,2026.0,Terai,2026-05-01,Pre-monsoon
1293,42.0856756361176,42.3880360122725,2.8333609281447,6.0,2026.0,Terai,2026-06-01,Monsoon
1293,34.625966322208996,34.6526296695655,1.1371443590024,7.0,2026.0,Terai,2026-07-01,Monsoon
1275,34.827503494023,34.9870563006032,3.0046305530982,8.0,2026.0,Terai,2026-08-01,Monsoon
