Pollutant,Zone,Period,Mean,PctChange_vs_Baseline
NO2,High_Himal,Pre-Lockdown (Jan 2019–Feb 2020),8.0268,0.0
NO2,High_Mountains,Pre-Lockdown (Jan 2019–Feb 2020),9.1334,0.0
NO2,Middle_Mountains,Pre-Lockdown (Jan 2019–Feb 2020),14.0573,0.0
NO2,Siwalik,Pre-Lockdown (Jan 2019–Feb 2020),18.6524,0.0
NO2,Terai,Pre-Lockdown (Jan 2019–Feb 2020),23.637,0.0
NO2,High_Himal,Lockdown (Mar–Jun 2020),9.1664,14.2
NO2,High_Mountains,Lockdown (Mar–Jun 2020),9.9082,8.48
NO2,Middle_Mountains,Lockdown (Mar–Jun 2020),14.0778,0.15
NO2,Siwalik,Lockdown (Mar–Jun 2020),18.2117,-2.36
NO2,Terai,Lockdown (Mar–Jun 2020),22.6691,-4.09
NO2,High_Himal,Post-Lockdown 2020 (Jul–Dec 2020),8.2897,3.27
NO2,High_Mountains,Post-Lockdown 2020 (Jul–Dec 2020),10.1367,10.99
NO2,Middle_Mountains,Post-Lockdown 2020 (Jul–Dec 2020),13.5323,-3.73
NO2,Siwalik,Post-Lockdown 2020 (Jul–Dec 2020),17.4051,-6.69
NO2,Terai,Post-Lockdown 2020 (Jul–Dec 2020),21.7908,-7.81
NO2,High_Himal,Rebound 2021 (Jan–Dec 2021),7.741,-3.56
NO2,High_Mountains,Rebound 2021 (Jan–Dec 2021),9.8882,8.26
NO2,Middle_Mountains,Rebound 2021 (Jan–Dec 2021),15.6007,10.98
NO2,Siwalik,Rebound 2021 (Jan–Dec 2021),21.1741,13.52
NO2,Terai,Rebound 2021 (Jan–Dec 2021),26.5275,12.23
NO2,High_Himal,Post-Rebound (2022–2026),8.3324,3.81
NO2,High_Mountains,Post-Rebound (2022–2026),10.2442,12.16
NO2,Middle_Mountains,Post-Rebound (2022–2026),15.6503,11.33
NO2,Siwalik,Post-Rebound (2022–2026),21.8105,16.93
NO2,Terai,Post-Rebound (2022–2026),27.3563,15.74
SO2,High_Himal,Pre-Lockdown (Jan 2019–Feb 2020),18.8101,0.0
SO2,High_Mountains,Pre-Lockdown (Jan 2019–Feb 2020),60.7201,0.0
SO2,Middle_Mountains,Pre-Lockdown (Jan 2019–Feb 2020),74.3433,0.0
SO2,Siwalik,Pre-Lockdown (Jan 2019–Feb 2020),63.5501,0.0
SO2,Terai,Pre-Lockdown (Jan 2019–Feb 2020),41.9616,0.0
SO2,High_Himal,Lockdown (Mar–Jun 2020),-88.6984,-571.55
SO2,High_Mountains,Lockdown (Mar–Jun 2020),8.9133,-85.32
SO2,Middle_Mountains,Lockdown (Mar–Jun 2020),6.9844,-90.61
SO2,Siwalik,Lockdown (Mar–Jun 2020),13.7244,-78.4
SO2,Terai,Lockdown (Mar–Jun 2020),27.0148,-35.62
SO2,High_Himal,Post-Lockdown 2020 (Jul–Dec 2020),46.6137,147.81
SO2,High_Mountains,Post-Lockdown 2020 (Jul–Dec 2020),68.8665,13.42
SO2,Middle_Mountains,Post-Lockdown 2020 (Jul–Dec 2020),93.8384,26.22
SO2,Siwalik,Post-Lockdown 2020 (Jul–Dec 2020),87.4679,37.64
SO2,Terai,Post-Lockdown 2020 (Jul–Dec 2020),53.5378,27.59
SO2,High_Himal,Rebound 2021 (Jan–Dec 2021),44.1439,134.68
SO2,High_Mountains,Rebound 2021 (Jan–Dec 2021),63.2014,4.09
SO2,Middle_Mountains,Rebound 2021 (Jan–Dec 2021),71.9694,-3.19
SO2,Siwalik,Rebound 2021 (Jan–Dec 2021),67.0692,5.54
SO2,Terai,Rebound 2021 (Jan–Dec 2021),50.5474,20.46
SO2,High_Himal,Post-Rebound (2022–2026),17.9051,-4.81
SO2,High_Mountains,Post-Rebound (2022–2026),40.0477,-34.05
SO2,Middle_Mountains,Post-Rebound (2022–2026),52.1024,-29.92
SO2,Siwalik,Post-Rebound (2022–2026),50.3695,-20.74
SO2,Terai,Post-Rebound (2022–2026),46.2425,10.2
CO,High_Himal,Pre-Lockdown (Jan 2019–Feb 2020),16.4752,0.0
CO,High_Mountains,Pre-Lockdown (Jan 2019–Feb 2020),20.2873,0.0
CO,Middle_Mountains,Pre-Lockdown (Jan 2019–Feb 2020),28.5516,0.0
CO,Siwalik,Pre-Lockdown (Jan 2019–Feb 2020),35.5726,0.0
CO,Terai,Pre-Lockdown (Jan 2019–Feb 2020),41.4119,0.0
CO,High_Himal,Lockdown (Mar–Jun 2020),17.6414,7.08
CO,High_Mountains,Lockdown (Mar–Jun 2020),21.7989,7.45
CO,Middle_Mountains,Lockdown (Mar–Jun 2020),30.8203,7.95
CO,Siwalik,Lockdown (Mar–Jun 2020),37.6761,5.91
CO,Terai,Lockdown (Mar–Jun 2020),42.8495,3.47
CO,High_Himal,Post-Lockdown 2020 (Jul–Dec 2020),17.6625,7.21
CO,High_Mountains,Post-Lockdown 2020 (Jul–Dec 2020),21.2547,4.77
CO,Middle_Mountains,Post-Lockdown 2020 (Jul–Dec 2020),28.4754,-0.27
CO,Siwalik,Post-Lockdown 2020 (Jul–Dec 2020),34.1216,-4.08
CO,Terai,Post-Lockdown 2020 (Jul–Dec 2020),39.0989,-5.59
CO,High_Himal,Rebound 2021 (Jan–Dec 2021),17.204,4.42
CO,High_Mountains,Rebound 2021 (Jan–Dec 2021),21.2491,4.74
CO,Middle_Mountains,Rebound 2021 (Jan–Dec 2021),30.2634,6.0
CO,Siwalik,Rebound 2021 (Jan–Dec 2021),37.6697,5.9
CO,Terai,Rebound 2021 (Jan–Dec 2021),43.1406,4.17
CO,High_Himal,Post-Rebound (2022–2026),16.1664,-1.87
CO,High_Mountains,Post-Rebound (2022–2026),19.9064,-1.88
CO,Middle_Mountains,Post-Rebound (2022–2026),28.3191,-0.81
CO,Siwalik,Post-Rebound (2022–2026),35.4818,-0.26
CO,Terai,Post-Rebound (2022–2026),41.4181,0.01
O3,High_Himal,Pre-Lockdown (Jan 2019–Feb 2020),117.8919,0.0
O3,High_Mountains,Pre-Lockdown (Jan 2019–Feb 2020),118.7939,0.0
O3,Middle_Mountains,Pre-Lockdown (Jan 2019–Feb 2020),119.8012,0.0
O3,Siwalik,Pre-Lockdown (Jan 2019–Feb 2020),120.8127,0.0
O3,Terai,Pre-Lockdown (Jan 2019–Feb 2020),121.4933,0.0
O3,High_Himal,Lockdown (Mar–Jun 2020),124.9818,6.01
O3,High_Mountains,Lockdown (Mar–Jun 2020),126.1295,6.18
O3,Middle_Mountains,Lockdown (Mar–Jun 2020),127.9925,6.84
O3,Siwalik,Lockdown (Mar–Jun 2020),129.5349,7.22
O3,Terai,Lockdown (Mar–Jun 2020),130.5831,7.48
O3,High_Himal,Post-Lockdown 2020 (Jul–Dec 2020),113.7594,-3.51
O3,High_Mountains,Post-Lockdown 2020 (Jul–Dec 2020),114.4407,-3.66
O3,Middle_Mountains,Post-Lockdown 2020 (Jul–Dec 2020),115.8942,-3.26
O3,Siwalik,Post-Lockdown 2020 (Jul–Dec 2020),117.3205,-2.89
O3,Terai,Post-Lockdown 2020 (Jul–Dec 2020),118.5336,-2.44
O3,High_Himal,Rebound 2021 (Jan–Dec 2021),119.0956,1.02
O3,High_Mountains,Rebound 2021 (Jan–Dec 2021),120.0583,1.06
O3,Middle_Mountains,Rebound 2021 (Jan–Dec 2021),121.5234,1.44
O3,Siwalik,Rebound 2021 (Jan–Dec 2021),122.9268,1.75
O3,Terai,Rebound 2021 (Jan–Dec 2021),123.9232,2.0
O3,High_Himal,Post-Rebound (2022–2026),121.2073,2.81
O3,High_Mountains,Post-Rebound (2022–2026),122.1115,2.79
O3,Middle_Mountains,Post-Rebound (2022–2026),123.627,3.19
O3,Siwalik,Post-Rebound (2022–2026),125.0664,3.52
O3,Terai,Post-Rebound (2022–2026),126.1473,3.83
HCHO,High_Himal,Pre-Lockdown (Jan 2019–Feb 2020),62.572,0.0
HCHO,High_Mountains,Pre-Lockdown (Jan 2019–Feb 2020),58.9167,0.0
HCHO,Middle_Mountains,Pre-Lockdown (Jan 2019–Feb 2020),89.4894,0.0
HCHO,Siwalik,Pre-Lockdown (Jan 2019–Feb 2020),135.3646,0.0
HCHO,Terai,Pre-Lockdown (Jan 2019–Feb 2020),179.7097,0.0
HCHO,High_Himal,Lockdown (Mar–Jun 2020),64.8965,3.71
HCHO,High_Mountains,Lockdown (Mar–Jun 2020),56.1963,-4.62
HCHO,Middle_Mountains,Lockdown (Mar–Jun 2020),80.2319,-10.34
HCHO,Siwalik,Lockdown (Mar–Jun 2020),136.3624,0.74
HCHO,Terai,Lockdown (Mar–Jun 2020),184.8317,2.85
HCHO,High_Himal,Post-Lockdown 2020 (Jul–Dec 2020),74.7017,19.39
HCHO,High_Mountains,Post-Lockdown 2020 (Jul–Dec 2020),83.2058,41.23
HCHO,Middle_Mountains,Post-Lockdown 2020 (Jul–Dec 2020),97.5741,9.03
HCHO,Siwalik,Post-Lockdown 2020 (Jul–Dec 2020),124.3912,-8.11
HCHO,Terai,Post-Lockdown 2020 (Jul–Dec 2020),167.4587,-6.82
HCHO,High_Himal,Rebound 2021 (Jan–Dec 2021),76.6624,22.52
HCHO,High_Mountains,Rebound 2021 (Jan–Dec 2021),81.204,37.83
HCHO,Middle_Mountains,Rebound 2021 (Jan–Dec 2021),103.705,15.89
HCHO,Siwalik,Rebound 2021 (Jan–Dec 2021),143.5911,6.08
HCHO,Terai,Rebound 2021 (Jan–Dec 2021),184.8495,2.86
HCHO,High_Himal,Post-Rebound (2022–2026),69.4657,11.02
HCHO,High_Mountains,Post-Rebound (2022–2026),75.0317,27.35
HCHO,Middle_Mountains,Post-Rebound (2022–2026),103.6359,15.81
HCHO,Siwalik,Post-Rebound (2022–2026),149.868,10.71
HCHO,Terai,Post-Rebound (2022–2026),197.2864,9.78
UVAI,High_Himal,Pre-Lockdown (Jan 2019–Feb 2020),-0.514,0.0
UVAI,High_Mountains,Pre-Lockdown (Jan 2019–Feb 2020),-0.864,0.0
UVAI,Middle_Mountains,Pre-Lockdown (Jan 2019–Feb 2020),-1.2143,0.0
UVAI,Siwalik,Pre-Lockdown (Jan 2019–Feb 2020),-1.2488,0.0
UVAI,Terai,Pre-Lockdown (Jan 2019–Feb 2020),-1.0316,0.0
UVAI,High_Himal,Lockdown (Mar–Jun 2020),-0.4724,8.1
UVAI,High_Mountains,Lockdown (Mar–Jun 2020),-0.8882,-2.8
UVAI,Middle_Mountains,Lockdown (Mar–Jun 2020),-1.3712,-12.92
UVAI,Siwalik,Lockdown (Mar–Jun 2020),-1.469,-17.63
UVAI,Terai,Lockdown (Mar–Jun 2020),-1.2917,-25.22
UVAI,High_Himal,Post-Lockdown 2020 (Jul–Dec 2020),-0.9352,-81.94
UVAI,High_Mountains,Post-Lockdown 2020 (Jul–Dec 2020),-1.2648,-46.39
UVAI,Middle_Mountains,Post-Lockdown 2020 (Jul–Dec 2020),-1.4337,-18.07
UVAI,Siwalik,Post-Lockdown 2020 (Jul–Dec 2020),-1.5837,-26.81
UVAI,Terai,Post-Lockdown 2020 (Jul–Dec 2020),-1.5215,-47.49
UVAI,High_Himal,Rebound 2021 (Jan–Dec 2021),-0.6572,-27.85
UVAI,High_Mountains,Rebound 2021 (Jan–Dec 2021),-0.9564,-10.69
UVAI,Middle_Mountains,Rebound 2021 (Jan–Dec 2021),-1.0531,13.28
UVAI,Siwalik,Rebound 2021 (Jan–Dec 2021),-1.0191,18.4
UVAI,Terai,Rebound 2021 (Jan–Dec 2021),-0.8159,20.91
UVAI,High_Himal,Post-Rebound (2022–2026),-0.2468,51.99
UVAI,High_Mountains,Post-Rebound (2022–2026),-0.4996,42.18
UVAI,Middle_Mountains,Post-Rebound (2022–2026),-0.5397,55.55
UVAI,Siwalik,Post-Rebound (2022–2026),-0.4716,62.24
UVAI,Terai,Post-Rebound (2022–2026),-0.2245,78.24
