zone,mean,std,min,max,CV,Pollutant,Level,season
High_Himal,8.241236525299724,1.6109562523697079,4.238744884920203,11.170479000380771,19.547506583802594,NO2,Annual,
High_Mountains,10.004487525247455,1.8947886071606208,4.971555359125323,13.912711806757285,18.939386973884545,NO2,Annual,
Middle_Mountains,15.189934446929342,2.975426109046794,9.15612446921494,24.44904036606351,19.588143184174694,NO2,Annual,
Siwalik,20.7920655866029,5.130032576458977,14.359033229672576,41.58538633881582,24.673029983920635,NO2,Annual,
Terai,26.10181134805491,5.176268635255574,18.20819810862612,44.39597863735528,19.831070595954277,NO2,Annual,
High_Himal,9.467522651075713,0.8775326760351277,,,9.268873266814115,NO2,Seasonal,Monsoon
High_Himal,6.789473016982534,1.3937239170921925,,,20.527718625673387,NO2,Seasonal,Post-monsoon
High_Himal,8.625628343450053,1.2841224392601478,,,14.887291547116769,NO2,Seasonal,Pre-monsoon
High_Himal,7.12431051258464,1.368422949872889,,,19.207794880019016,NO2,Seasonal,Winter
High_Mountains,11.158220847152844,1.203711488199645,,,10.787665029114265,NO2,Seasonal,Monsoon
High_Mountains,8.922733118599421,1.4888640073016153,,,16.686187825096784,NO2,Seasonal,Post-monsoon
High_Mountains,10.649929036556687,1.6959229527545694,,,15.924265287901784,NO2,Seasonal,Pre-monsoon
High_Mountains,8.484572993268726,1.7410204873962953,,,20.519836281419725,NO2,Seasonal,Winter
Middle_Mountains,15.0757674574311,1.4340418852762689,,,9.51223139601696,NO2,Seasonal,Monsoon
Middle_Mountains,13.452806588297621,1.6478711006006836,,,12.24927370942908,NO2,Seasonal,Post-monsoon
Middle_Mountains,17.930045949935977,3.736193953639728,,,20.83761505169522,NO2,Seasonal,Pre-monsoon
Middle_Mountains,13.53698330056553,2.079212095135671,,,15.359493684599645,NO2,Seasonal,Winter
Siwalik,19.783179706879036,2.3990900545611944,,,12.126918372616204,NO2,Seasonal,Monsoon
Siwalik,18.120408684852855,1.7409471070572422,,,9.60765917223781,NO2,Seasonal,Post-monsoon
Siwalik,26.074709787546244,6.854231739943545,,,26.28689560033857,NO2,Seasonal,Pre-monsoon
Siwalik,18.221905247193167,2.4265307231604547,,,13.316558780450405,NO2,Seasonal,Winter
Terai,24.36863749964003,4.154167576964616,,,17.047188530856435,NO2,Seasonal,Monsoon
Terai,24.71143824506163,1.7292156786282682,,,6.997632681188993,NO2,Seasonal,Post-monsoon
Terai,31.087753055907672,6.347636267932713,,,20.418446635616395,NO2,Seasonal,Pre-monsoon
Terai,24.00606517004996,2.43601254502881,,,10.147487844313554,NO2,Seasonal,Winter
High_Himal,18.711397528293652,76.4859667447041,-253.67647766325243,247.91692255406176,408.76672428689017,SO2,Annual,
High_Mountains,46.739357045597096,93.03228796054569,-86.04660370394988,373.7783422781232,199.04486035138868,SO2,Annual,
Middle_Mountains,58.838497853059934,108.7147538514803,-73.32413886834118,406.4466993261449,184.7680648186815,SO2,Annual,
Siwalik,55.3796638104509,107.57765406786844,-57.75631160226171,418.4684329617936,194.25479799963514,SO2,Annual,
Terai,45.79233091190455,80.31000217701856,-82.7380341084836,384.1297387725304,175.37871643074737,SO2,Annual,
High_Himal,-7.033641475734778,16.335786328923067,,,-232.25218949927395,SO2,Seasonal,Monsoon
High_Himal,50.80680985249114,42.98085654590944,,,84.59664495900645,SO2,Seasonal,Post-monsoon
High_Himal,-24.470262204353887,61.093076417935315,,,-249.66253286434048,SO2,Seasonal,Pre-monsoon
High_Himal,81.67140980873263,107.28600104949322,,,131.36298406106584,SO2,Seasonal,Winter
High_Mountains,-3.5478815246398057,11.812774507497508,,,-332.95290232942,SO2,Seasonal,Monsoon
High_Mountains,68.9029891306612,57.63269644332353,,,83.64324562760879,SO2,Seasonal,Post-monsoon
High_Mountains,-2.974589255683713,22.73236224735313,,,-764.2185287907278,SO2,Seasonal,Pre-monsoon
High_Mountains,152.90232477243129,121.45802845648993,,,79.4350436706958,SO2,Seasonal,Winter
Middle_Mountains,-0.6062237333757526,18.060245119150775,,,-2979.138579511301,SO2,Seasonal,Monsoon
Middle_Mountains,64.94637158898982,74.15521140317587,,,114.17914440619374,SO2,Seasonal,Post-monsoon
Middle_Mountains,7.7210125657707644,24.091609492650978,,,312.0265546445978,SO2,Seasonal,Pre-monsoon
Middle_Mountains,188.58179279964375,138.32663660644977,,,73.35100305967134,SO2,Seasonal,Winter
Siwalik,-9.328953874202346,26.36730087728696,,,-282.639417375632,SO2,Seasonal,Monsoon
Siwalik,50.2923237426099,70.9535123275741,,,141.08219117236598,SO2,Seasonal,Post-monsoon
Siwalik,29.491792134675695,21.84857642455191,,,74.08358340781507,SO2,Seasonal,Pre-monsoon
Siwalik,172.705699871,149.6967894689829,,,86.67738793843904,SO2,Seasonal,Winter
Terai,-15.159142502341075,34.08812003693832,,,-224.86839233600438,SO2,Seasonal,Monsoon
Terai,32.042263246392494,48.262290533622384,,,150.62072913671614,SO2,Seasonal,Post-monsoon
Terai,62.164081862041115,34.96566485967722,,,56.247375996440304,SO2,Seasonal,Pre-monsoon
Terai,119.23035701431782,105.60923384645434,,,88.57579268488831,SO2,Seasonal,Winter
High_Himal,16.51042432657125,1.9035878772885686,13.2273895131347,20.6842876502685,11.529612078019138,CO,Annual,
High_Mountains,20.309737113030888,2.1602546971291314,16.393176538556002,25.498628800704,10.636546820407117,CO,Annual,
Middle_Mountains,28.727012356160266,3.217013259139658,23.3182551619959,40.5695843413728,11.198565375524671,CO,Annual,
Siwalik,35.7876641863463,4.42148151967989,28.7542390421619,52.9834537853509,12.354764190971627,CO,Annual,
Terai,41.55282040426252,4.554730737883877,33.7922047461853,53.9993043252794,10.961303453222754,CO,Annual,
High_Himal,18.42549773798393,1.0100510927535613,,,5.481811710689115,CO,Seasonal,Monsoon
High_Himal,15.125344534427443,0.9895411042925524,,,6.542271496958072,CO,Seasonal,Post-monsoon
High_Himal,16.73009815132024,1.2617881551727828,,,7.542024821134776,CO,Seasonal,Pre-monsoon
High_Himal,14.543105611016669,0.9310496541530827,,,6.402000226470167,CO,Seasonal,Winter
High_Mountains,22.051562137766616,1.2262483740283991,,,5.56082315786719,CO,Seasonal,Monsoon
High_Mountains,18.433993445657922,1.2046695963640432,,,6.535044074499223,CO,Seasonal,Post-monsoon
High_Mountains,21.201416529312635,1.6687134998977717,,,7.870764189697624,CO,Seasonal,Pre-monsoon
High_Mountains,18.173368834146196,1.1536720013649138,,,6.3481460806389585,CO,Seasonal,Winter
Middle_Mountains,29.062483268228267,1.9183013196769694,,,6.600610491444472,CO,Seasonal,Monsoon
Middle_Mountains,25.953740214475143,1.6432126513341225,,,6.331313474493576,CO,Seasonal,Post-monsoon
Middle_Mountains,31.965560615839063,3.3405480221381683,,,10.450459675288515,CO,Seasonal,Pre-monsoon
Middle_Mountains,26.583579898646896,1.7972782321838974,,,6.760858541386214,CO,Seasonal,Winter
Siwalik,34.12034887246376,2.586951805288544,,,7.581844532006819,CO,Seasonal,Monsoon
Siwalik,32.66598777160683,2.1902801533118623,,,6.705078593140376,CO,Seasonal,Post-monsoon
Siwalik,40.7757421960172,4.720796805977449,,,11.577463834462238,CO,Seasonal,Pre-monsoon
Siwalik,34.730115156111935,2.678377474328836,,,7.711974067144678,CO,Seasonal,Winter
Terai,38.08052665335592,3.441330274621074,,,9.036981830496298,CO,Seasonal,Monsoon
Terai,39.556741609061646,3.152457082061043,,,7.969455910238267,CO,Seasonal,Post-monsoon
Terai,45.687777663144,3.3305812389154763,,,7.289873592609062,CO,Seasonal,Pre-monsoon
Terai,43.133134978078225,3.37710023969491,,,7.829480146553852,CO,Seasonal,Winter
High_Himal,120.10574750980322,5.826633524833693,108.39272368442268,135.7537533178793,4.851252871439907,O3,Annual,
High_Mountains,121.01323821885592,5.9124133749141965,109.1039268261906,136.61584818134222,4.885757510448094,O3,Annual,
Middle_Mountains,122.45590939627357,6.065215895009418,110.16801384826952,137.8708858324936,4.952979341635584,O3,Annual,
Siwalik,123.82914493905491,6.155743925610954,111.38194228547393,138.7766555582245,4.97115919571328,O3,Annual,
Terai,124.84528956905949,6.158912483176785,112.3951188606699,138.7804137722978,4.933235770797678,O3,Annual,
High_Himal,119.55768662524113,2.9480772960845525,,,2.4658199562905825,O3,Seasonal,Monsoon
High_Himal,114.08285648905095,3.2022056513581454,,,2.8069122302047855,O3,Seasonal,Post-monsoon
High_Himal,125.07901049194346,4.188553374044287,,,3.3487260233115435,O3,Seasonal,Pre-monsoon
High_Himal,119.32105403765496,7.28305039363191,,,6.103742924809857,O3,Seasonal,Winter
High_Mountains,120.43856321888869,3.0056243492750405,,,2.495566427351452,O3,Seasonal,Monsoon
High_Mountains,114.90929091260867,3.212282975932293,,,2.79549455959598,O3,Seasonal,Post-monsoon
High_Mountains,126.19287058755685,4.170237073984034,,,3.3046534677968067,O3,Seasonal,Pre-monsoon
High_Mountains,120.09841258570916,7.326535981250665,,,6.1004436474312485,O3,Seasonal,Winter
Middle_Mountains,122.28687093198502,3.227961190614278,,,2.639662922121578,O3,Seasonal,Monsoon
Middle_Mountains,116.38461024346704,3.373636010082459,,,2.898695972796652,O3,Seasonal,Post-monsoon
Middle_Mountains,128.04017602115215,4.16543224446565,,,3.253222835133813,O3,Seasonal,Pre-monsoon
Middle_Mountains,120.55225641954097,7.196216577280802,,,5.969375265973312,O3,Seasonal,Winter
Siwalik,123.89793203369182,3.4068084118848247,,,2.749689487116221,O3,Seasonal,Monsoon
Siwalik,117.87119079054084,3.4563649844004987,,,2.932323802974486,O3,Seasonal,Post-monsoon
Siwalik,129.6577367738931,4.155305025664516,,,3.2048261284329285,O3,Seasonal,Pre-monsoon
Siwalik,121.2810038133739,7.025497978082472,,,5.792743922942164,O3,Seasonal,Winter
Terai,125.11578701572036,3.494852974237954,,,2.793294961089793,O3,Seasonal,Monsoon
Terai,119.19104314934263,3.39626298271579,,,2.8494280215841212,O3,Seasonal,Post-monsoon
Terai,130.74423387966155,4.200252378928981,,,3.212571793257774,O3,Seasonal,Pre-monsoon
Terai,121.76700111580296,6.831580607746632,,,5.6103710735634005,O3,Seasonal,Winter
High_Himal,69.49852122193356,14.977990216034419,32.017705843486915,109.88913495199635,21.551523619048464,HCHO,Annual,
High_Mountains,73.09867116241612,18.071122664601546,25.69316610458576,129.7740084272695,24.721547433399667,HCHO,Annual,
Middle_Mountains,100.07927808638041,25.597310564804587,62.9175410981654,198.6473505776219,25.57703358202788,HCHO,Annual,
Siwalik,144.59351642960976,40.390863565644494,84.20527369407299,306.0928898416328,27.93407654990351,HCHO,Annual,
Terai,190.50269882244862,41.70460921156182,123.62883405251534,300.8828803277172,21.891873169960252,HCHO,Annual,
High_Himal,78.76412026172913,13.873564401434017,,,17.614066348145414,HCHO,Seasonal,Monsoon
High_Himal,69.6893048138069,5.098274566978483,,,7.315720225075927,HCHO,Seasonal,Post-monsoon
High_Himal,64.15608284826143,13.841701572507406,,,21.57504161412888,HCHO,Seasonal,Pre-monsoon
High_Himal,62.14915669685361,15.63972413475519,,,25.164821159265983,HCHO,Seasonal,Winter
High_Mountains,83.49352649185397,15.815374944067747,,,18.942037315444775,HCHO,Seasonal,Monsoon
High_Mountains,69.71693167036617,9.302322051042216,,,13.342988321725374,HCHO,Seasonal,Post-monsoon
High_Mountains,68.46864423069769,18.61499759622957,,,27.187624065562556,HCHO,Seasonal,Pre-monsoon
High_Mountains,65.9779965553452,18.983717211210926,,,28.77280033092027,HCHO,Seasonal,Winter
Middle_Mountains,95.47671572643928,21.359780415592407,,,22.371716761595188,HCHO,Seasonal,Monsoon
Middle_Mountains,91.35626348688973,11.381917003515177,,,12.45882501000992,HCHO,Seasonal,Post-monsoon
Middle_Mountains,113.11881846781391,36.47213442457288,,,32.24232264674018,HCHO,Seasonal,Pre-monsoon
Middle_Mountains,97.98591584275609,18.775530695330875,,,19.161458597234628,HCHO,Seasonal,Winter
Siwalik,131.80312007499015,33.54747084735927,,,25.45271373566289,HCHO,Seasonal,Monsoon
Siwalik,122.47950575222737,12.065051858600043,,,9.850669942290025,HCHO,Seasonal,Post-monsoon
Siwalik,184.37382623622793,48.54772171070528,,,26.331135336153295,HCHO,Seasonal,Pre-monsoon
Siwalik,133.78355995646731,16.529489802267573,,,12.3553968870661,HCHO,Seasonal,Winter
Terai,175.94264515473327,42.94591049590373,,,24.409039922148963,HCHO,Seasonal,Monsoon
Terai,179.34525261024933,25.567421746685536,,,14.255979109883835,HCHO,Seasonal,Post-monsoon
Terai,230.6237039308265,35.594650648869965,,,15.434081597937677,HCHO,Seasonal,Pre-monsoon
Terai,175.05321134718326,24.18465042305252,,,13.815599403707637,HCHO,Seasonal,Winter
High_Himal,-0.3956750874245346,0.3088272057026391,-1.0158389019279082,0.1404041042818483,-78.05070764318474,UVAI,Annual,
High_Mountains,-0.6814124064986177,0.3127045897895382,-1.5050629996101392,-0.1391068059842436,-45.89065106641444,UVAI,Annual,
Middle_Mountains,-0.8037997942645443,0.4255591674175665,-1.6403136653752888,0.0036858765231203,-52.943428258393865,UVAI,Annual,
Siwalik,-0.7771543357747316,0.5306095667351035,-1.7298438564262382,0.4236882950544446,-68.275957851557,UVAI,Annual,
Terai,-0.555468716358826,0.6150231171138515,-1.796934470878494,0.8837827850705381,-110.72146801451083,UVAI,Annual,
High_Himal,-0.6005295898750804,0.2352000616629661,,,-39.16544090889699,UVAI,Seasonal,Monsoon
High_Himal,-0.4086345250496188,0.2928330033103064,,,-71.66134659687624,UVAI,Seasonal,Post-monsoon
High_Himal,-0.18557749727124698,0.23881932098252381,,,-128.68980587309926,UVAI,Seasonal,Pre-monsoon
High_Himal,-0.3309107596402216,0.3114327811708369,,,-94.113827398492,UVAI,Seasonal,Winter
High_Mountains,-0.7563310524538734,0.22165491864752343,,,-29.30660032116578,UVAI,Seasonal,Monsoon
High_Mountains,-0.7733065957773763,0.3768596358177675,,,-48.73353439316324,UVAI,Seasonal,Post-monsoon
High_Mountains,-0.5237198435647347,0.2583545333064226,,,-49.330674879132886,UVAI,Seasonal,Pre-monsoon
High_Mountains,-0.6890482689289502,0.3785486281843655,,,-54.93789698837467,UVAI,Seasonal,Winter
Middle_Mountains,-0.9273853147851758,0.23063122216571158,,,-24.868975008423135,UVAI,Seasonal,Monsoon
Middle_Mountains,-0.7855082800496825,0.5004614882851512,,,-63.71180304471108,UVAI,Seasonal,Post-monsoon
Middle_Mountains,-0.7578104084768597,0.41527537641572315,,,-54.79937617251716,UVAI,Seasonal,Pre-monsoon
Middle_Mountains,-0.6963508952111926,0.5587134504835449,,,-80.23447005321873,UVAI,Seasonal,Winter
Siwalik,-1.054874682857604,0.3249678548289775,,,-30.806299564290935,UVAI,Seasonal,Monsoon
Siwalik,-0.7720516754093706,0.5436638791235193,,,-70.41806869148344,UVAI,Seasonal,Post-monsoon
Siwalik,-0.5544193007342205,0.5725900385815694,,,-103.27743601697945,UVAI,Seasonal,Pre-monsoon
Siwalik,-0.6383607412755258,0.5658602611293726,,,-88.64271007623557,UVAI,Seasonal,Winter
Terai,-0.950824994707119,0.4605668753839001,,,-48.438658843393966,UVAI,Seasonal,Monsoon
Terai,-0.5546478903173956,0.5856244909623652,,,-105.58491273215577,UVAI,Seasonal,Post-monsoon
Terai,-0.2385607790476512,0.6331297809049804,,,-265.39558741905194,UVAI,Seasonal,Pre-monsoon
Terai,-0.3537833872827883,0.530348635932074,,,-149.90772743892367,UVAI,Seasonal,Winter
