dewpoint_mean,month,precip_mean,precip_std,rh_mean,rh_std,temp_mean,temp_std,wind_dir_mean,wind_speed_mean,year,zone,date,season
-24.715932212729264,1,103.4397509473794,47.48278266546442,57.26057573974094,8.903860341346897,-18.180849641295147,3.008333906142043,172.4669191546871,0.7224639312799159,2019,High_Himal,2019-01-01,Winter
-23.26838216964606,2,147.31743061921773,62.69041180719505,57.625844071353214,9.11156537047829,-16.701831534352205,3.32688328323924,192.59867837316804,0.710738302063668,2019,High_Himal,2019-02-01,Winter
-21.282908645635345,3,47.2370213453784,47.7664646908512,55.60911718638614,9.216708201769116,-14.186023162243297,3.408254402032042,166.30443397776028,0.6775091241248754,2019,High_Himal,2019-03-01,Pre-monsoon
-12.615598193032868,4,39.78241134480917,31.279481878972348,66.41706373311632,6.613072019950772,-7.386479601110498,2.5841794622778176,151.3081789893986,0.50062804511372,2019,High_Himal,2019-04-01,Pre-monsoon
-7.949034404927123,5,52.07578458023123,62.044041845902825,76.05035885077824,9.241948161637088,-4.294024920585353,2.6778300252811875,193.39896242426147,0.6321946444910546,2019,High_Himal,2019-05-01,Pre-monsoon
-2.0201719858105087,6,111.97498575445437,89.87071851422269,80.37443522754768,12.074229402598853,1.1101141524247349,2.290592761480236,226.75497679974836,0.869630503728039,2019,High_Himal,2019-06-01,Monsoon
2.263202287581157,7,307.22883871878014,148.6334785414879,91.30888728709424,4.912059818406871,3.5600246269481057,2.008089230375784,242.7417087873119,0.661908529654886,2019,High_Himal,2019-07-01,Monsoon
2.486120940187815,8,221.4214928086064,76.36426020645072,91.21137606835032,3.254365735591032,3.791905485159535,1.9481140484598485,244.3113623726492,0.6756186776270333,2019,High_Himal,2019-08-01,Monsoon
0.1680867312407284,9,224.4514273956136,119.18259686922433,90.28441940201544,5.075041699077631,1.6010502216409364,1.967594330209873,240.41049001575809,0.6451618679138504,2019,High_Himal,2019-09-01,Monsoon
-8.93360831404135,10,34.10856610893933,28.924807023779746,70.29630839386739,9.8722893857705,-4.234399405583563,2.5300479025985045,220.05390317404425,0.7006448398618611,2019,High_Himal,2019-10-01,Post-monsoon
-15.571579338549729,11,36.265013686625146,32.83993656973791,58.2180846036662,10.690238060991463,-8.647280893662842,3.4706526868915653,181.8903519025013,0.692154644266664,2019,High_Himal,2019-11-01,Post-monsoon
-26.16038081980317,12,56.89484298981272,31.20985076615504,44.01099532001578,9.254502027411732,-16.533977331417166,4.0444569489122415,154.82648929608632,0.7817061333322853,2019,High_Himal,2019-12-01,Winter
-25.564811539464248,1,125.41321059264034,60.55788550670115,54.55421804675267,10.706661654308204,-18.40268427441801,3.4951449797567924,175.66315645713703,0.698036410339301,2020,High_Himal,2020-01-01,Winter
-24.726448859013708,2,22.842126925503628,27.690983190083507,47.00357149935152,8.21259472018395,-15.825831867603709,3.566260038947173,133.37124223721335,0.6389816395718955,2020,High_Himal,2020-02-01,Winter
-20.037281966685168,3,65.80366898380547,45.94507479719695,59.63417107950931,8.367994059799313,-13.746696134440738,3.317411764544492,167.6420328445872,0.5671029616102353,2020,High_Himal,2020-03-01,Pre-monsoon
-13.364611405266638,4,57.7141655979444,43.00030614418935,71.4554001054481,6.546944773086295,-9.115706641471771,2.721745098445116,163.26081723067938,0.4597884745676109,2020,High_Himal,2020-04-01,Pre-monsoon
-7.412221678811568,5,83.46835047589995,72.4443627640301,78.0602805595715,8.003370707619313,-4.115219273599779,2.366626351710594,185.35134244133243,0.4560248848152304,2020,High_Himal,2020-05-01,Pre-monsoon
-0.3302665190687419,6,224.7475708129988,124.9681276328266,89.63053468703437,5.014667687038609,1.1949646084768102,1.9285353505510792,225.76099437553376,0.6826336355026761,2020,High_Himal,2020-06-01,Monsoon
2.6784228559998478,7,340.4344783992918,183.47180677160205,91.07841538668526,5.047713598871756,4.01677418542475,1.899454955552928,239.92054014769653,0.8226007727786494,2020,High_Himal,2020-07-01,Monsoon
2.830225651211421,8,260.36413845854094,124.02451529839789,89.16092112117278,4.268689068593023,4.468860911224118,1.8757056996686912,240.62424484256437,0.6671337212115032,2020,High_Himal,2020-08-01,Monsoon
0.2212099490856455,9,190.49787551160472,116.68778059863274,86.8160167206357,5.79959487432268,2.2076257186475554,1.9674708704756372,236.20806368437368,0.6910791920412016,2020,High_Himal,2020-09-01,Monsoon
-7.138479435241453,10,17.3801679924539,16.64653999499849,67.77993443485877,11.07803316617782,-1.8293125305168627,2.343468581134494,237.0303657165728,0.7772957930932685,2020,High_Himal,2020-10-01,Post-monsoon
-18.10290483586018,11,29.30299753387347,25.40459014619142,54.3381429662388,9.913708318566997,-10.472877807228132,3.269462503556155,188.39585473545387,0.6052571787431351,2020,High_Himal,2020-11-01,Post-monsoon
-22.52672419771192,12,13.657842231654543,32.40217556512377,46.83938447964245,12.719777323815835,-13.148169608009647,4.353469540408745,175.49176220403285,0.7082948445262318,2020,High_Himal,2020-12-01,Winter
-21.737831173344457,1,26.6720337888344,30.555117690870887,46.46628687016418,12.101905729740585,-12.236545548166156,4.149702430420302,178.29667844339406,0.726567889472272,2021,High_Himal,2021-01-01,Winter
-21.39768187601591,2,27.71186686410829,24.47917248994438,52.44398532296413,9.749653795994483,-13.561037993626158,3.38186032235685,148.34056279557683,0.5668208171827075,2021,High_Himal,2021-02-01,Winter
-16.007365014747393,3,44.06457255989157,39.86964034987989,62.24564899102045,10.93165155670203,-9.98569659569022,3.141573747295642,182.600207201383,0.6801155282810579,2021,High_Himal,2021-03-01,Pre-monsoon
-15.542459459659698,4,72.22404706313093,36.80914407019864,62.733156211304006,9.610931723994472,-9.64269704090082,3.11625324795877,179.89978830849995,0.6377239454784973,2021,High_Himal,2021-04-01,Pre-monsoon
-5.918649188967605,5,186.8918911586657,72.32211281928183,83.08982148446813,6.163075095548067,-3.442668227849686,2.3693064085088174,214.1582753892577,0.5739628219323203,2021,High_Himal,2021-05-01,Pre-monsoon
-0.3694399403375963,6,240.65724291470423,104.1897881832778,88.33196420859784,4.699314866493929,1.3576623616445322,2.0525254374842388,233.5272436277616,0.553471952825622,2021,High_Himal,2021-06-01,Monsoon
2.8387925931902807,7,319.2477062817398,145.54959190069047,90.9122442986154,4.550977047443489,4.202916048219612,1.927713725622352,241.669510699065,0.6545456855968863,2021,High_Himal,2021-07-01,Monsoon
2.6523267885980792,8,313.2580560853219,159.535593936099,91.55775336152408,4.356197362300918,3.911611153150525,1.8594321531910472,241.15542820810785,0.8543650277459901,2021,High_Himal,2021-08-01,Monsoon
0.0913611301441905,9,178.6520210074611,74.71866732612611,88.39623502980304,3.818942611104952,1.8113809054138896,1.9820308005338796,245.4322528640952,0.525721331071336,2021,High_Himal,2021-09-01,Monsoon
-6.706552120775775,10,113.69738797497315,57.34834814943872,75.92386535883531,7.8334391614892445,-3.005833236028094,2.526968899046453,233.08049681404543,0.5887337564154504,2021,High_Himal,2021-10-01,Post-monsoon
-16.05818405073814,11,15.379189924610408,22.064721681392943,55.21925008292922,14.71205122974756,-8.227555462011964,3.717993219969148,182.44620446320695,0.6365161672057577,2021,High_Himal,2021-11-01,Post-monsoon
-23.35244393086093,12,76.94084809829104,31.316887722103157,53.42480875795109,8.61128129058767,-15.90765290180278,4.135636585533502,169.48755763633707,0.6051959289647528,2021,High_Himal,2021-12-01,Winter
-25.780099956003895,1,41.87841514375332,31.606173997369165,53.11444774874332,9.479337553975135,-18.378081997308342,3.4257282412206504,143.40025648643464,0.6925784295427216,2022,High_Himal,2022-01-01,Winter
-25.509370452575343,2,59.269573977423775,41.94105958827532,51.93563593666328,9.069229054214835,-17.84618524984037,3.430988884283113,164.920971997173,0.6478382716691702,2022,High_Himal,2022-02-01,Winter
-16.420434412707593,3,14.940132731859906,25.483217183785413,54.28060410776161,7.161097335456781,-8.772198299151329,2.913717280603386,142.98979808523706,0.5106456502880153,2022,High_Himal,2022-03-01,Pre-monsoon
-9.781185286815855,4,48.62503508736416,41.15778709850894,65.62436911256884,10.306210888196272,-4.172133612990989,2.5776680836062686,183.5758947016325,0.5924602715393635,2022,High_Himal,2022-04-01,Pre-monsoon
-3.849159065420534,5,122.31274306952128,76.00233372695824,82.58425601417679,7.925008949941861,-1.221960502779451,2.052369581834617,230.13261683763568,0.757923328078638,2022,High_Himal,2022-05-01,Pre-monsoon
0.078512996934196,6,179.61869727286287,139.15943198665855,82.61157594914263,11.37413906149702,2.858755233849621,1.9694713262476025,232.256297217603,0.9543519769400616,2022,High_Himal,2022-06-01,Monsoon
2.8970958966108844,7,258.7142529393227,118.78374741642617,89.33257861083422,4.194763543697392,4.508977978279823,1.9251893712641168,241.35186893390076,0.6705370887506221,2022,High_Himal,2022-07-01,Monsoon
2.5886835660444008,8,245.54988591947324,94.30779891274209,89.62241320786455,3.4615266170722747,4.146444591415233,1.8991841537706895,245.62469756219383,0.6982583133669752,2022,High_Himal,2022-08-01,Monsoon
-0.1693510643683978,9,170.59784201190405,74.56202728847381,88.38723556709535,4.458370828900003,1.5521318784906524,1.9501135710865585,244.5830721075052,0.7182035166774122,2022,High_Himal,2022-09-01,Monsoon
-10.337165027341014,10,151.06343972852343,62.786678562595824,72.766904397161,7.162234310994119,-6.199919783513842,3.1810470580937253,198.80136379512157,0.458019074124934,2022,High_Himal,2022-10-01,Post-monsoon
-16.98283093273273,11,11.309220288194249,17.806619081949922,54.27692189708471,11.85123841057015,-9.179774919598453,3.508902823486148,180.8694919448036,0.5840145979807725,2022,High_Himal,2022-11-01,Post-monsoon
-20.893420381570607,12,8.487735334163087,25.337012751395022,44.87996760839512,12.580193092771086,-10.853488005060656,3.811923708690019,177.58104990979746,0.6546675632445363,2022,High_Himal,2022-12-01,Winter
-23.456418896123505,1,41.75368862493048,39.03634090610238,48.20941625788848,11.921402902017736,-14.592721069149432,3.912254519558328,193.19783759146975,0.7097659703860378,2023,High_Himal,2023-01-01,Winter
-21.689834353389525,2,20.105452976067323,35.22721769810968,47.70278628466804,10.341263109274982,-12.63519351434249,3.9649398600257024,155.32765540878864,0.6593796060887663,2023,High_Himal,2023-02-01,Winter
-16.448745393463103,3,49.80221610061285,37.69447715444419,67.41221664294123,8.904731811743265,-11.534546370894148,2.7335433712245245,175.0911469310819,0.5317943344052841,2023,High_Himal,2023-03-01,Pre-monsoon
-13.998237804044576,4,60.26277824185481,36.99467543684334,70.65606617509154,8.691591538658525,-9.588849431467503,2.904823491249505,178.80624445183486,0.5611442225586247,2023,High_Himal,2023-04-01,Pre-monsoon
-9.603794162749448,5,81.1522637895923,58.79007482804938,75.74655067725047,8.1667118594346,-5.966919805183624,2.6774097560591823,192.2015200629301,0.5386288077562705,2023,High_Himal,2023-05-01,Pre-monsoon
-1.811279493683866,6,142.81732730246972,112.1308968753572,83.63560845987456,8.333470463181337,0.6903000667323649,2.176563374943857,221.1027285141841,0.6169364054868247,2023,High_Himal,2023-06-01,Monsoon
3.0573461469436243,7,265.45867273432475,118.3157786480668,91.2348612278474,4.887065287710727,4.3738119404637406,1.8204970070697617,240.41205803716417,0.8388472799917499,2023,High_Himal,2023-07-01,Monsoon
3.0177761712694955,8,266.357995079112,116.28519019903804,90.1153409612758,4.332930803607527,4.5078802264944,1.81599734888117,239.25936323941607,0.7574467849675367,2023,High_Himal,2023-08-01,Monsoon
-0.1136886156102153,9,123.5295230023644,52.5752488816013,84.73614614280486,5.366683082958348,2.206193927289529,1.9821563660434327,243.16860743108785,0.7002835555374612,2023,High_Himal,2023-09-01,Monsoon
-9.318171664891338,10,66.56759049796308,39.00846184865857,71.91282449611198,8.517757133283483,-4.973533306676224,2.48485932803039,218.54933141596536,0.5867249517240359,2023,High_Himal,2023-10-01,Post-monsoon
-16.43661581958374,11,19.872693657383795,15.425357151517066,55.24848141036097,9.243481887948118,-8.94207368359057,2.8892782773574672,181.25030440963343,0.5145336857883718,2023,High_Himal,2023-11-01,Post-monsoon
-23.099016008869004,12,24.728638511704137,19.080054273217566,45.14503597930003,10.684087255302597,-13.43655927835452,3.7205957296168166,152.24797262887662,0.6647149172613069,2023,High_Himal,2023-12-01,Winter
-23.489779030818525,1,18.563211012399563,27.43235799942014,50.11245630251844,10.709858469147802,-15.186120007091086,3.041091468837237,163.97416035982798,0.602910089968688,2024,High_Himal,2024-01-01,Winter
-23.277858145529443,2,54.034928537493805,45.04479737886055,53.04533197813035,9.068328812779026,-15.73381056707879,3.438143980052756,181.2461379555659,0.7067795474701853,2024,High_Himal,2024-02-01,Winter
-18.444339300815027,3,66.04588736726386,40.91377747728068,59.48570041975763,8.830808574184116,-12.05034335325526,3.2558722735079058,168.77378787069435,0.5692462380020734,2024,High_Himal,2024-03-01,Pre-monsoon
-12.57527047163439,4,38.46262009356149,32.43213029010079,67.40308400529906,10.32583570349545,-7.445858337822484,3.012759680310829,196.0973292182839,0.7080732130398729,2024,High_Himal,2024-04-01,Pre-monsoon
-5.564548772950531,5,84.41545388758324,61.24403421845446,75.58505775382257,8.62300502981622,-1.7547551432037354,2.165973693361459,210.48368970562444,0.6309492732685916,2024,High_Himal,2024-05-01,Pre-monsoon
-0.2392363873287418,6,175.93329572045525,143.95128615857973,79.25356171846849,11.682738592215282,3.132128137009503,1.9734883858971293,226.47009351469657,0.9479923200370164,2024,High_Himal,2024-06-01,Monsoon
3.6180670124930927,7,384.8087196116568,184.0370281871193,90.02370590980213,4.629337925108446,5.131814703885007,1.829556106785132,241.4689621774822,0.7730770586551595,2024,High_Himal,2024-07-01,Monsoon
2.617634442795815,8,271.8777988233289,105.5042896627358,89.30587039462264,3.536451069911758,4.226652756188615,1.879217545505156,245.3990035205059,0.6191856469155541,2024,High_Himal,2024-08-01,Monsoon
0.6955053144275285,9,261.57487175032736,109.65572803711258,88.45365768923904,3.631980655583808,2.41547058314018,1.875222138433568,247.3204450786808,0.5307958587899825,2024,High_Himal,2024-09-01,Monsoon
-7.664764049041524,10,32.82442027006243,35.8576774423728,70.62404171530689,7.732943812043137,-3.02249353449848,2.4106547542520973,203.19780479925117,0.4616459558483988,2024,High_Himal,2024-10-01,Post-monsoon
-13.962807156726084,11,21.675759882788235,23.18095346208093,54.9961332590764,11.090772285796572,-6.161166441767491,2.451101844409871,203.0910854681072,0.594180226369883,2024,High_Himal,2024-11-01,Post-monsoon
-22.644480555337218,12,27.62114533549264,28.906239148906927,40.67579183630557,11.796101351705891,-11.455252796158618,3.484245490262396,208.3069643111692,0.8038807652027633,2024,High_Himal,2024-12-01,Winter
-23.13201493691475,1,19.760265114794056,26.957142481927445,43.58619997959588,10.463808834656795,-13.03563103600497,4.257303960797651,171.05688394815618,0.7144732259880443,2025,High_Himal,2025-01-01,Winter
-20.22646896168433,2,62.928757577028186,49.42542193801463,55.16361790020103,13.01676699966351,-12.806719271356975,3.73048304831857,185.81144173851644,0.7972658863323273,2025,High_Himal,2025-02-01,Winter
-18.5010903253022,3,38.32414929321207,45.1203946451946,56.33915031573986,9.83480323284012,-11.384677377524344,3.6888079633636695,164.46621769554918,0.6297242890040722,2025,High_Himal,2025-03-01,Pre-monsoon
-12.011532341962836,4,47.76413307601975,41.80959018963135,64.505413855257,9.076216014779348,-6.324832283123563,2.640822508198027,167.68332183535696,0.4582659758450725,2025,High_Himal,2025-04-01,Pre-monsoon
-4.131683659445883,5,117.26660956236788,77.06550954145924,80.56195850584913,8.077546774184716,-1.1703098430048653,2.102720519539849,222.5138217291613,0.6142649656438169,2025,High_Himal,2025-05-01,Pre-monsoon
-0.1731290593763944,6,195.5285141316768,104.98665472813008,81.43614525817772,8.104981185523968,2.736182851627819,1.9493973923755423,237.2865705847485,0.6046307155793218,2025,High_Himal,2025-06-01,Monsoon
2.7581924776855766,7,281.2434289132735,98.84816240677242,87.22177081650064,5.009340111394783,4.7160710368096925,1.8728644226426412,244.2036849800272,0.6910546724632698,2025,High_Himal,2025-07-01,Monsoon
2.966615977857331,8,283.27745962084714,109.7340508364584,90.92109254807832,3.5209687232994824,4.32405688662274,1.803589119135272,243.33344145149047,0.7388038693920894,2025,High_Himal,2025-08-01,Monsoon
0.948396246850776,9,169.20440832492645,70.79030892503683,88.33132618476124,4.452606841045557,2.6955447667876244,1.8884031559019852,241.15852462613427,0.5931625628390088,2025,High_Himal,2025-09-01,Monsoon
-8.29508436256937,10,138.81705057484257,73.32450761010851,73.41762848293511,7.00628214704068,-4.206158811651594,2.579851866320698,218.0909486268248,0.5498557506239309,2025,High_Himal,2025-10-01,Post-monsoon
-18.106732544188667,11,15.785303829005242,17.596357544117375,54.50979913091332,12.97128028898423,-10.346254063764192,4.085257815888424,169.49226054315264,0.5402854218175617,2025,High_Himal,2025-11-01,Post-monsoon
-21.037788195895764,12,2.9374424791981717,14.56109684317696,42.13366195891575,7.928910772548456,-10.445163899049945,3.430633018897036,155.37949250320565,0.53480120053803,2025,High_Himal,2025-12-01,Winter
-23.298720257099223,1,44.94117000671992,26.49420389664792,45.72180884272321,8.8237573693656,-13.893473229113788,3.383892217846407,191.03093081872404,0.5934641952837098,2026,High_Himal,2026-01-01,Winter
-23.308269649101792,2,18.281155371260105,26.166013477437765,49.45329872521501,8.533006286947218,-14.916100538549582,3.684186165285657,141.28664248135877,0.6050696296875029,2026,High_Himal,2026-02-01,Winter
-14.381780498990793,3,63.12735206958341,41.944862596222336,64.20303630872309,8.187418256606094,-8.767427890067028,2.76860718639855,166.99274999849453,0.5220689488847476,2026,High_Himal,2026-03-01,Pre-monsoon
-11.841456285292288,4,79.9383204082781,50.6809028369298,71.54716848400017,7.796137791814988,-7.533627384299412,2.6905874178329183,172.65296421815088,0.5401740528443012,2026,High_Himal,2026-04-01,Pre-monsoon
-7.217729294942895,5,90.50060437807194,67.53830067933532,75.53418483446724,8.813376748291272,-3.456177335541511,2.250572159316788,196.97224631292568,0.4737636511530101,2026,High_Himal,2026-05-01,Pre-monsoon
-1.233958172863982,6,131.94500313259928,94.8677111268756,83.12515168294973,8.795525344017218,1.3719740741383128,2.041169035989024,235.397694887569,0.8253605826716319,2026,High_Himal,2026-06-01,Monsoon
-17.905862344747504,1,122.44285896108424,59.703752645520346,58.762799564264654,7.708847460090017,-11.32244662484834,5.698529949707128,122.23415628091936,0.6140955436503035,2019,High_Mountains,2019-01-01,Winter
-15.977383475334875,2,181.7963204061083,82.30535167852129,60.24542113032383,8.215868449570467,-9.597901500615428,5.7485673358940925,136.2179578273612,0.5275260157187291,2019,High_Mountains,2019-02-01,Winter
-14.033425953950845,3,69.13183808195735,83.3136526046569,57.34998499808353,8.783137887245976,-6.9011446316971226,6.015468966903784,110.38129429608075,0.5597694191503144,2019,High_Mountains,2019-03-01,Pre-monsoon
-6.085637284081869,4,65.75372529229575,76.08715357409916,67.33868748604537,7.325084903166386,-0.7216338849014412,5.112481139290133,106.8423072068997,0.4043755635289265,2019,High_Mountains,2019-04-01,Pre-monsoon
-2.3142005881488865,5,88.1566543321751,112.12856860131754,71.71935219664722,10.460016973688983,2.450573218964028,5.25286600462331,167.53317125964745,0.330429090178082,2019,High_Mountains,2019-05-01,Pre-monsoon
3.3362163334645243,6,160.5216186490994,145.27902466221806,78.29301604562069,10.038277895851136,6.981078102266432,4.330195129881554,216.14776983283352,0.4924278743926474,2019,High_Mountains,2019-06-01,Monsoon
7.320954243007639,7,425.5925958281141,223.75848406044975,90.1697767024236,4.239259052893211,8.860590832823878,3.55034308336695,240.84298557327332,0.4815258453148803,2019,High_Mountains,2019-07-01,Monsoon
7.428321076919763,8,313.07141984792025,106.8793699618418,89.89385797892739,3.122599218194948,9.009619088187376,3.5071193547279376,240.04680242264564,0.4876625928180879,2019,High_Mountains,2019-08-01,Monsoon
5.515589141188364,9,299.8645377894608,158.775260935141,89.67968418785699,3.9538383957215744,7.109665928337579,3.731366280217916,242.87786616770603,0.4581960006723467,2019,High_Mountains,2019-09-01,Monsoon
-2.6570379259290413,10,48.87237189043173,48.44681398636818,71.54073772530093,8.55914915830588,2.025815751841401,4.472261507141399,206.66495853987823,0.3267611556230035,2019,High_Mountains,2019-10-01,Post-monsoon
-8.682942388599816,11,46.60626515669329,51.39192663927695,60.43629087238067,9.880484857269046,-1.877086064609964,5.579294628478459,130.87582261201746,0.446489161852828,2019,High_Mountains,2019-11-01,Post-monsoon
-19.227925580419644,12,69.89143222107083,45.027294317304005,47.66406362084442,9.845211010672712,-10.021550797081098,6.259198073944009,100.71242217190635,0.7761512646940585,2019,High_Mountains,2019-12-01,Winter
-18.144283036074,1,154.46010464782827,86.22789699544201,58.19770646564664,9.169226427494769,-11.412665460015225,5.8011236361966105,120.50136145360108,0.6072298560635477,2020,High_Mountains,2020-01-01,Winter
-17.67545923424588,2,34.53130654076382,50.41321834932446,50.82892929318943,10.879958680916864,-9.142067280509416,5.851967982282883,87.24902626665612,0.6719080294641925,2020,High_Mountains,2020-02-01,Winter
-12.829282140786642,3,89.51247051599255,77.79180995335899,61.64510771836064,8.442419273699265,-6.583272622831183,5.870622696515726,105.7890645329806,0.4811129822560014,2020,High_Mountains,2020-03-01,Pre-monsoon
-6.779226240923689,4,95.37668481937536,71.37855870365034,71.65506748421959,6.120807296366712,-2.302349867582103,5.4134393491425525,125.2624589694782,0.3160261742495414,2020,High_Mountains,2020-04-01,Pre-monsoon
-1.4347332879871986,5,131.53777834664692,116.19338714671012,77.0633334213191,7.422292255867425,2.23695601330107,4.942025648160714,157.18731021781022,0.2600725462944838,2020,High_Mountains,2020-05-01,Pre-monsoon
4.94834198931542,6,304.98693631113946,172.99563229102122,88.15555142029433,4.537977582795641,6.794119418281088,4.111834929220017,233.97475851671103,0.387742511711117,2020,High_Mountains,2020-06-01,Monsoon
7.634243584863278,7,448.3850245531233,252.2031175229078,90.49699781668303,4.247048371000314,9.122445726957654,3.4466810514907986,239.67543070587436,0.5981757787846872,2020,High_Mountains,2020-07-01,Monsoon
7.892246349350176,8,373.2052729088653,178.0493960563579,89.58760335930408,3.776457524527841,9.529148601311777,3.365460372012428,238.32833774615372,0.5278133232787934,2020,High_Mountains,2020-08-01,Monsoon
5.328153232987499,9,240.75968234411096,176.83816828559324,85.33043250506829,5.359827012405656,7.659662527049965,3.7968230827849614,235.1485176991395,0.4251014801384595,2020,High_Mountains,2020-09-01,Monsoon
-1.4076970881955806,10,21.91037396831565,25.61256144013178,68.25393669840682,9.860842211246942,4.032825569382742,4.191378419486453,224.52825273712267,0.3835988990001122,2020,High_Mountains,2020-10-01,Post-monsoon
-11.3178339743852,11,37.831621913560966,40.06447515293786,56.94757380787593,8.11809889730055,-3.925020215686817,5.427280652449503,127.83458186090724,0.4226943905574162,2020,High_Mountains,2020-11-01,Post-monsoon
-15.724054507546912,12,20.574017841645407,60.77998088607709,48.15776843042158,11.46089048863333,-6.2292437230742985,6.358674200126194,120.48205393673295,0.5216113004832067,2020,High_Mountains,2020-12-01,Winter
-15.025902412893378,1,37.65056717028072,56.120350802422685,48.71774198122584,12.094310972039915,-5.616784498603725,5.956148350351359,134.6872771049217,0.4832032592778923,2021,High_Mountains,2021-01-01,Winter
-14.693967931223687,2,40.16584673241307,43.93113530348463,53.98187512384796,9.539732339320985,-6.76026491775671,5.783069248450556,98.7119646339186,0.4917996659343048,2021,High_Mountains,2021-02-01,Winter
-9.753433140942818,3,70.692186758458,71.62288567653748,62.44394299543057,10.143861051844704,-3.4420336953318884,5.604674811104507,136.9903588276726,0.4094056172361742,2021,High_Mountains,2021-03-01,Pre-monsoon
-9.159490410750044,4,98.80402045584935,54.552244506812,60.975913859825816,9.496726263009656,-2.4833742904572533,5.916763233236412,131.39739586319251,0.3946331220163477,2021,High_Mountains,2021-04-01,Pre-monsoon
-0.2670182962348924,5,235.51665918640444,97.58948792608962,81.47182289601555,6.330298534810946,2.636566707162772,4.761495610353092,182.6817956212714,0.2804503356966933,2021,High_Mountains,2021-05-01,Pre-monsoon
4.810069564491043,6,350.2378373494476,143.60247122117514,86.87099208309373,4.398182936122687,6.865242607285764,4.092065000302915,228.55446926951925,0.3207326903285071,2021,High_Mountains,2021-06-01,Monsoon
7.828475345143024,7,423.2047660508528,212.41466750935808,90.6365314551909,3.7997769063557287,9.29259193383676,3.385116832498708,238.80912093070555,0.54550000190579,2021,High_Mountains,2021-07-01,Monsoon
7.588288593429018,8,405.3489171324782,212.7294861980076,91.19685873767746,3.7104421320628087,8.957277943651945,3.386416927381098,240.2901335122339,0.6366992476773412,2021,High_Mountains,2021-08-01,Monsoon
5.467562722163379,9,241.9755577130829,107.6209232514336,88.14358725717602,3.255884939020819,7.309903634659261,3.723284460979348,242.3095896639205,0.3905149998705419,2021,High_Mountains,2021-09-01,Monsoon
-0.9322381168761652,10,152.21257218535325,74.77834248725775,75.62856466333506,6.697196837529237,2.9980941431871657,4.627633815256848,210.9563267381112,0.2762316139974604,2021,High_Mountains,2021-10-01,Post-monsoon
-9.2100179174649,11,23.21174658805621,42.8048807057657,58.24406736891682,13.459524931759816,-1.7869346216070894,5.390404160474426,133.63795722940438,0.4003415786342261,2021,High_Mountains,2021-11-01,Post-monsoon
-16.79167660305898,12,87.79901019990078,36.99448731552005,54.911614400415495,8.354078990253997,-9.281613273911924,6.419419326420173,97.37051521400636,0.6217180607247916,2021,High_Mountains,2021-12-01,Winter
-18.87997774221955,1,63.93105762852375,52.13964313102639,55.60215075720522,8.56637003825041,-11.64911012452613,5.859174779292815,95.70239237981816,0.696137492036263,2022,High_Mountains,2022-01-01,Winter
-18.202060251367318,2,87.82837176170258,72.9973111066036,55.35521956651143,9.634314542378906,-10.857362557359174,5.826767967033927,105.74896842564272,0.572220915633134,2022,High_Mountains,2022-02-01,Winter
-10.219203994285174,3,26.058436788844887,47.94849848543806,55.59537097051776,8.578680630619848,-2.414423875815556,5.417626942061727,94.13167659898808,0.4851301640187481,2022,High_Mountains,2022-03-01,Pre-monsoon
-4.061687109991016,4,72.31639678091045,87.78752455854357,63.79957723679325,11.075212091188169,2.3021503633722333,5.002299271173686,158.3248714689298,0.3524081413182668,2022,High_Mountains,2022-04-01,Pre-monsoon
1.6558219305439843,5,169.2006903279784,112.42680849926654,81.81214475395294,6.977353719182532,4.555429017435183,4.149428603652035,225.95988764215832,0.4925252129611659,2022,High_Mountains,2022-05-01,Pre-monsoon
4.980411292572185,6,251.7463863105659,227.7209562036646,81.23946281542571,9.717254294976616,8.105197997598665,3.686212369051874,228.4636395849689,0.6898423987756481,2022,High_Mountains,2022-06-01,Monsoon
7.886014980933446,7,375.11262041056574,170.9978281918036,89.55578597337329,3.5919064949469046,9.52754059884933,3.314409858752376,238.71854307666567,0.5747593371261877,2022,High_Mountains,2022-07-01,Monsoon
7.542728863362547,8,327.9029783075537,129.0806338546185,89.30917782473834,3.186700158983498,9.22007460773209,3.3830720256006206,239.78285423158528,0.5344643277463497,2022,High_Mountains,2022-08-01,Monsoon
5.017718968847669,9,234.54825381027996,98.74140055074434,87.50163467874465,4.001835405656327,6.966656820328593,3.747571596754032,243.82714287102635,0.4401775591547503,2022,High_Mountains,2022-09-01,Monsoon
-4.081741097242859,10,209.24435613224705,75.08349283007853,72.56940807081979,6.695229725845936,0.329534818414067,5.279452260323255,149.50709099320102,0.3002970911335696,2022,High_Mountains,2022-10-01,Post-monsoon
-9.911782347837084,11,18.28474902521464,31.670778759213917,57.58303498446647,10.496782330084438,-2.498140663057016,5.5203613542578,122.34870909514274,0.4244881504574842,2022,High_Mountains,2022-11-01,Post-monsoon
-14.016704593007589,12,16.694795069904778,49.44847381630328,47.7805999670444,13.20557190220356,-4.189843669075012,5.5374890825017085,130.1627840162785,0.4456864785557011,2022,High_Mountains,2022-12-01,Winter
-16.6875130936249,1,53.52919657463666,56.651999302471474,49.59332273115055,9.622949164830416,-7.756274860406404,5.913624411217901,125.34351223365668,0.4954425310026852,2023,High_Mountains,2023-01-01,Winter
-14.560634043558826,2,38.669115912872826,69.94848795738271,51.09544429277065,11.505338854815497,-5.80272405407751,6.13617194457103,108.17700249952846,0.5292851540965158,2023,High_Mountains,2023-02-01,Winter
-9.737694282936657,3,79.75261172805197,64.7690313428952,68.03845276032605,7.942549593548472,-4.646145931865892,5.394744593037958,121.86460545681034,0.3532127179990508,2023,High_Mountains,2023-03-01,Pre-monsoon
-7.549587461501053,4,89.6002781956045,58.82497272825828,68.71209255592659,8.347036166366387,-2.4671416625774096,5.793152174938667,126.08006538023604,0.3697074203611336,2023,High_Mountains,2023-04-01,Pre-monsoon
-3.476878675841292,5,124.773774764699,94.19811463877532,73.81882132420317,8.213055238748888,0.7701777108544188,5.384208359987632,160.14997470063733,0.2861604221035479,2023,High_Mountains,2023-05-01,Pre-monsoon
3.493490267784644,6,222.8533467194884,179.98836714458116,81.49425674423298,7.294265688230275,6.503699453843593,4.408083431945396,209.40482170390632,0.3289138464431164,2023,High_Mountains,2023-06-01,Monsoon
8.012332566435463,7,371.2740955063165,158.77672673022073,90.70901893888109,4.144870584599695,9.470860912982369,3.4050799539055667,239.12080658886248,0.6389285556331009,2023,High_Mountains,2023-07-01,Monsoon
7.912979355953176,8,362.790564937495,161.78142011554743,90.08707644783686,3.6975863623667458,9.46720696444602,3.3040293542021613,237.8466895912764,0.5772031361925756,2023,High_Mountains,2023-08-01,Monsoon
5.142417627455711,9,160.08572196677113,64.28320095599952,83.70534341866482,4.766348550792328,7.750702558077824,3.784420744924159,238.8446050114722,0.4409129030568588,2023,High_Mountains,2023-09-01,Monsoon
-2.9264102887292385,10,85.32010893673541,53.769462034060936,73.47401787901767,7.002822207537567,1.346401987965796,4.634258484507344,196.3351979231274,0.2787567052296809,2023,High_Mountains,2023-10-01,Post-monsoon
-9.190598107511168,11,25.27419596517918,23.515678792461784,59.338701880394304,9.179574831365985,-2.206590813059441,4.946289765090111,141.57597028058473,0.3382007081561965,2023,High_Mountains,2023-11-01,Post-monsoon
-15.843586920986688,12,30.21237598804728,32.04235572503744,49.430727944537686,10.38433080855438,-6.811828338801502,6.2516587460419295,94.265363177348,0.6498668769347129,2023,High_Mountains,2023-12-01,Winter
-16.295932495082425,1,37.94044954245049,54.06709723959069,53.79893141583917,10.556410609505695,-8.393208232108725,5.722731458382061,112.1309619055738,0.4538779840172622,2024,High_Mountains,2024-01-01,Winter
-16.360124007592592,2,78.72644686587422,76.08734045116417,55.82459450923504,9.015057330381309,-9.004365441902697,5.781617129609003,132.19127601014668,0.4948531578354103,2024,High_Mountains,2024-02-01,Winter
-11.492732143046869,3,91.47111771297824,70.59111782098917,60.29752571263874,8.80343300647957,-4.865992424368121,5.837986993462135,117.45862023418822,0.411224193656319,2024,High_Mountains,2024-03-01,Pre-monsoon
-6.550668437038334,4,53.042749106647214,48.062171869709886,64.09799203472095,10.357974811481416,-0.3774067839380409,5.765166622349587,151.39781111099634,0.3726972035175926,2024,High_Mountains,2024-04-01,Pre-monsoon
-0.021390037173603,5,112.19383338533736,85.46240150361345,73.02569667405666,8.554606619208329,4.510582338818107,4.673341455860683,200.81811939609665,0.358223091724365,2024,High_Mountains,2024-05-01,Pre-monsoon
4.892981817222664,6,234.64935359790968,236.28118201555247,77.78817599630798,10.636388164555049,8.690287035296604,3.954943977629608,223.1160822999484,0.6441704098992476,2024,High_Mountains,2024-06-01,Monsoon
8.640677351349783,7,513.0538891333855,227.1416362938591,90.12994939827452,3.8839506087473055,10.19840505698469,3.40186368280469,240.24056203949263,0.6076625656077613,2024,High_Mountains,2024-07-01,Monsoon
7.687458537113424,8,371.9811526977086,148.69782045992451,89.45480624483486,3.160512398932725,9.342342759786607,3.429333848410573,239.86758945502064,0.4937668616232313,2024,High_Mountains,2024-08-01,Monsoon
5.734231430315241,9,299.1861232520565,123.14314977855176,86.66895124318413,3.303947325954972,7.83421553022252,3.800388885078725,246.10580283503444,0.3168912292106394,2024,High_Mountains,2024-09-01,Monsoon
-1.2960829658493571,10,47.9139926979514,62.65556693122656,72.31038616474486,7.266791195924521,3.2616370192979964,4.489893090458026,184.71032453929232,0.2255446977766513,2024,High_Mountains,2024-10-01,Post-monsoon
-6.55929541032273,11,36.91710542207103,39.24377506941863,62.379168642749576,11.635456569142535,-0.04224780583263,4.278756754793101,174.9423923929547,0.3100320002605535,2024,High_Mountains,2024-11-01,Post-monsoon
-15.338550920570912,12,34.86017077806847,49.916785887388286,45.13563176148031,11.491764279151315,-4.943388454104599,5.191358229706058,158.30944066376426,0.4930009103190109,2024,High_Mountains,2024-12-01,Winter
-16.385378968224266,1,29.00295076245032,45.37990539107736,45.93635570671675,10.37572391072727,-6.384931199193455,6.204957263406086,113.81084192156528,0.5935614495926829,2025,High_Mountains,2025-01-01,Winter
-13.36446120842258,2,97.61414293206596,81.92170890075953,57.46566606835263,11.983185873129354,-6.078275735728423,5.88625474641352,143.35634088406476,0.4608914238332544,2025,High_Mountains,2025-02-01,Winter
-11.47204922380642,3,61.830437094080025,82.93395528699853,58.04675196528719,9.482732332665629,-4.314225654723141,6.051550578483501,116.8524698954912,0.4694199502603662,2025,High_Mountains,2025-03-01,Pre-monsoon
-5.537566259115323,4,66.75059724842372,63.62032105733375,64.15887147472932,8.847824884018307,0.5816830661681615,5.293348703176781,130.21746225278278,0.2829030900413242,2025,High_Mountains,2025-04-01,Pre-monsoon
1.6572755858086283,5,168.01833153011964,124.85813564380354,80.53518225850341,6.882777709710317,4.7743880703027335,4.225111700993503,217.57910627684595,0.3577351567307596,2025,High_Mountains,2025-05-01,Pre-monsoon
5.468671828509591,6,268.4121151098674,143.52425090897603,83.0277595293819,6.704084003727663,8.218514622763847,3.6743876183777786,235.09585016710557,0.4660406498721801,2025,High_Mountains,2025-06-01,Monsoon
7.96421018295555,7,381.7253474870248,132.253838266393,88.60349992379507,4.338032487139014,9.768368530242,3.3514035183217774,238.8587501637371,0.5920382235212827,2025,High_Mountains,2025-07-01,Monsoon
7.883289953859831,8,403.9255944765208,161.0803895917577,91.01071771676968,3.14224409688399,9.282780562676631,3.322481462422802,240.2127476991186,0.5810142106371985,2025,High_Mountains,2025-08-01,Monsoon
6.114822676299762,9,219.07982419092824,93.36413035013489,87.79792948597436,3.71794426590201,8.027548010548518,3.618295006240296,239.03169320961288,0.4127640133356524,2025,High_Mountains,2025-09-01,Monsoon
-2.2086856191621025,10,138.3602562597334,81.03080752099282,73.39561078628984,6.221935265554201,2.1010700863491967,4.698332555744693,184.05399330783135,0.2754459260218747,2025,High_Mountains,2025-10-01,Post-monsoon
-10.76236063021327,11,24.88726596566145,32.896942878324474,57.62383400958677,10.874527631350182,-3.4224764924621884,6.233322741809858,103.59201098190786,0.4804378963410508,2025,High_Mountains,2025-11-01,Post-monsoon
-14.03102579804928,12,5.739491306588805,27.88869952282205,44.57333953312239,8.60289434689482,-3.499497038461554,5.458202827699086,98.20214642683796,0.5033124978007347,2025,High_Mountains,2025-12-01,Winter
-16.415841119249425,1,54.50410641738628,36.399216286182885,47.56581467048528,8.496532902741388,-6.981711108010203,5.457605279328083,130.05322049718845,0.4181371710228722,2026,High_Mountains,2026-01-01,Winter
-16.181381220226132,2,30.31563594122637,47.87115243190486,51.86451754360975,9.694366037610823,-7.844820961215065,6.300732802064226,88.86361648637404,0.5949620890371734,2026,High_Mountains,2026-02-01,Winter
-7.539443585102238,3,99.68250371796306,77.0722704882287,66.97519935035943,8.373079303250456,-2.1511068407740592,5.206672249753559,122.49015634074564,0.3523531327830134,2026,High_Mountains,2026-03-01,Pre-monsoon
-5.471272243049516,4,111.94037443835845,85.77865594854084,69.64615585279485,8.250397160003493,-0.4945353278866139,5.561031111330562,132.30537778910076,0.3230821419702345,2026,High_Mountains,2026-04-01,Pre-monsoon
-0.9893628548487864,5,135.94581715875495,111.22231038517788,75.05268596304296,8.124120540066388,3.076531634558472,4.686406368398122,183.5334366642141,0.2669394805243276,2026,High_Mountains,2026-05-01,Pre-monsoon
4.093988935456786,6,179.40949739723035,140.90112718192563,81.91884064796234,7.0933573409909085,7.028747203472784,4.017819165423497,231.08065755478097,0.522873829560015,2026,High_Mountains,2026-06-01,Monsoon
-2.965555767815369,1,99.1772934728212,67.42657279674981,64.79363051384247,5.477718612161289,3.0445028246772674,4.849297042266049,87.66646803989984,0.4428089730799697,2019,Middle_Mountains,2019-01-01,Winter
-0.8675181825112079,2,164.48247593488705,105.49909393524231,67.05306372121608,6.72481606434962,4.770659913836165,4.782776592301254,97.63277883260054,0.4171655170166441,2019,Middle_Mountains,2019-02-01,Winter
0.9238304242294548,3,83.66899736606733,114.62073136869792,61.38054709724699,6.392831414831071,7.968459324439678,4.914504306227074,112.3128344322924,0.3703114378026814,2019,Middle_Mountains,2019-03-01,Pre-monsoon
6.842854833553944,4,123.841240649811,76.15262454927567,69.58761102743689,7.895780148299764,12.340389617964572,4.525407814232696,120.13228786911723,0.2834876514010817,2019,Middle_Mountains,2019-04-01,Pre-monsoon
8.232224619351971,5,116.24138890928414,145.42314579628766,62.30882845666737,13.377028201433331,15.772032530854824,4.546547688136707,152.01148375705455,0.3163092463307689,2019,Middle_Mountains,2019-05-01,Pre-monsoon
13.669668019364492,6,254.3639118761876,188.0979178301681,77.21872770179644,9.694360303479796,17.84434875015131,3.728238738288313,215.11468709143685,0.3158106946480073,2019,Middle_Mountains,2019-06-01,Monsoon
16.1780615390618,7,771.0828179689565,299.1543410368641,90.54259783834787,2.5094323616800374,17.753432884101,2.9965350043839183,253.8317854589572,0.3419032662355219,2019,Middle_Mountains,2019-07-01,Monsoon
16.08639378188767,8,430.92666052218914,95.8723922373905,88.25742920677006,2.169592208953736,18.067410937935666,3.0819287592098608,260.08620197980537,0.3068521227147776,2019,Middle_Mountains,2019-08-01,Monsoon
14.730989183746464,9,494.42536629387786,154.13331860068658,89.47211956874608,2.6773160099142004,16.477981180567266,3.1493310131266736,258.321213563117,0.2824570515838838,2019,Middle_Mountains,2019-09-01,Monsoon
9.467859523308274,10,83.49716316397856,74.00050297115011,78.62356791135394,6.179769466198017,13.135426176532674,3.6068055117773583,180.10738339196507,0.1527741568285635,2019,Middle_Mountains,2019-10-01,Post-monsoon
5.1944764089624105,11,46.400505079707294,74.68207291729708,69.2634342373062,9.633913224665712,10.70534905314264,3.967603138559711,115.95970154781476,0.2856772825535449,2019,Middle_Mountains,2019-11-01,Post-monsoon
-2.036565029792676,12,66.77470147905377,61.57212441927543,63.669622067923925,9.559989454834,4.348545693239465,4.674401176363158,101.90334975699854,0.4146029815148959,2019,Middle_Mountains,2019-12-01,Winter
-2.215567798492596,1,155.4616318813689,109.0826869679857,69.4037693271287,8.205467632367395,2.8815202021797286,4.729473861673149,94.1888272025968,0.4159073162394266,2020,Middle_Mountains,2020-01-01,Winter
-0.4913977082197423,2,68.88073520127445,69.63625952338866,68.04963459399278,10.052309417824183,5.021857221832728,4.662231477568006,119.27888792333847,0.3262122373569812,2020,Middle_Mountains,2020-02-01,Winter
2.056994947739032,3,119.68406670575172,110.16078586834186,66.84969769197167,6.373182887762335,7.889215127156738,4.841312810981707,101.52299204939848,0.3233924098105481,2020,Middle_Mountains,2020-03-01,Pre-monsoon
5.444706653679101,4,155.2457934790211,82.09651320120379,67.25963251172368,6.922545821324671,11.39594845016841,4.639929262118595,123.14505054894686,0.261504017258985,2020,Middle_Mountains,2020-04-01,Pre-monsoon
9.953444405896269,5,211.91104028735336,144.34836150020206,74.75837858642043,8.966954457856813,14.500284826015308,4.127709645657779,175.76936793859974,0.2027165180782074,2020,Middle_Mountains,2020-05-01,Pre-monsoon
14.779452395712996,6,514.489817397295,194.4239293862336,87.47770236536482,3.6733395133454647,16.88965709148809,3.339189005504421,248.21185724729,0.2777971221080623,2020,Middle_Mountains,2020-06-01,Monsoon
16.336000111640928,7,797.8715937953401,329.00875460345713,91.80792619120452,2.677979361307109,17.693302954953154,2.9308344349032445,253.77062759063816,0.3944479422583793,2020,Middle_Mountains,2020-07-01,Monsoon
16.46038673569515,8,549.9121858299636,156.67319561265472,90.25330222056812,1.9221717260968831,18.08890358278238,2.9658612243128464,257.3940117039004,0.3796836403999226,2020,Middle_Mountains,2020-08-01,Monsoon
15.022280033998967,9,408.50205018667714,256.319853889796,87.4980934817989,3.989564602913015,17.13150407811002,3.154634739943573,240.44573853940165,0.2441068998770345,2020,Middle_Mountains,2020-09-01,Monsoon
10.041498459327228,10,45.327465194676606,41.78599671769072,73.64522453763433,5.811410016741353,14.746129719654654,3.607430517997632,186.2423243984004,0.1268853899416091,2020,Middle_Mountains,2020-10-01,Post-monsoon
2.55414989745639,11,33.440101401013514,56.34050083600069,63.43820938442969,6.503533667993401,9.19509151433839,4.207370069906229,97.43927483062689,0.2924674743814832,2020,Middle_Mountains,2020-11-01,Post-monsoon
-0.0272997968180347,12,32.486294060264726,87.34017708675631,62.38934737337764,11.745069143712502,6.8697968452991365,3.824685755822708,119.6707824069352,0.3097209460316862,2020,Middle_Mountains,2020-12-01,Winter
0.1936232680755876,1,40.66515619175155,78.4011009613083,64.30803002362873,10.33614152417097,6.594869055635912,3.5341512818102854,144.1579001641952,0.2594925957360872,2021,Middle_Mountains,2021-01-01,Winter
0.1738237794759375,2,53.23619157872093,61.420412853569175,63.20337703777837,7.188457059433658,6.754994782257185,4.458940776732355,121.16734741228088,0.2795620762139886,2021,Middle_Mountains,2021-02-01,Winter
2.4094163656820404,3,80.21493920003068,99.18001455739623,59.075877472844745,9.965155582706316,10.267501623023891,4.739228097908025,132.50465072961418,0.3080771885391971,2021,Middle_Mountains,2021-03-01,Pre-monsoon
2.127586743554585,4,82.81315190448572,71.8263942633265,50.450861201561295,10.738667051860508,12.482517528045872,5.195968678367344,113.66037130890724,0.3513344898289466,2021,Middle_Mountains,2021-04-01,Pre-monsoon
10.751222723543956,5,336.5997591019539,130.1380219301432,78.53517877186087,6.631433708000949,14.499599962658458,3.914489359687112,186.3358881539345,0.1733578899602571,2021,Middle_Mountains,2021-05-01,Pre-monsoon
14.76425986182666,6,531.3289638249179,126.57493089396486,86.74882437916466,3.889348807180925,17.006590578209067,3.304164528514733,235.9679139673554,0.2636532465938982,2021,Middle_Mountains,2021-06-01,Monsoon
16.344508430792885,7,668.3131826050269,249.73060737760025,91.11791195686948,2.3381566626283328,17.822158438485015,2.9726602102387574,254.88184070347512,0.3731163837587377,2021,Middle_Mountains,2021-07-01,Monsoon
16.171552148659334,8,682.1023138699006,238.53912714466028,92.10202082110231,2.1720184841324857,17.474527998889346,2.9021177386721466,256.9661456359923,0.4139899488788711,2021,Middle_Mountains,2021-08-01,Monsoon
14.622073679283716,9,317.8718462071175,116.53700012809828,87.0550348715017,2.1297297806678177,16.79785672021679,3.2428071394177183,255.4010627255012,0.2251583413135039,2021,Middle_Mountains,2021-09-01,Monsoon
10.68869879815454,10,255.4197512551571,90.01527006919821,79.00639374220506,5.017480159391991,14.304796458848758,3.619005924776981,187.46305231006437,0.1214898668299784,2021,Middle_Mountains,2021-10-01,Post-monsoon
4.990047674924178,11,37.003368855665535,64.51415697499355,72.70125086374628,8.713046215462425,9.742515714274049,3.5445037697489177,162.58478837839098,0.2219880471992215,2021,Middle_Mountains,2021-11-01,Post-monsoon
-0.6199819588137153,12,74.60779668520868,50.983944495857294,65.69221947345831,8.104430441458366,5.355592090407519,4.4538451533094765,97.89764531388067,0.3431081012445997,2021,Middle_Mountains,2021-12-01,Winter
-2.450331345016961,1,82.10162783922597,64.83129811210098,69.05319700211498,8.81568093384038,2.7187209532805623,4.801801567438488,106.0564370968045,0.3717052478958217,2022,Middle_Mountains,2022-01-01,Winter
-1.7902390813798208,2,115.60472005139958,103.2461430075759,68.96821967670454,8.441496465469418,3.4291740065770298,4.703789745016742,123.41499333206406,0.3085056301595466,2022,Middle_Mountains,2022-02-01,Winter
3.657763010589688,3,45.85347577040058,63.26819727629748,60.35482942901283,7.419805071946657,11.153774632741907,4.717813578608687,117.2821917033932,0.2900649313294187,2022,Middle_Mountains,2022-03-01,Pre-monsoon
6.701117863045424,4,107.78311098259152,120.23154855783616,59.51170536239267,14.261358803445978,14.955250626809534,4.5123187344058575,151.03908681732827,0.3166846129155244,2022,Middle_Mountains,2022-04-01,Pre-monsoon
11.434042336798836,5,242.84375713857352,143.215266715454,77.69347785518694,7.401368152513029,15.391524883584058,3.837862794094701,210.28738304504583,0.2501112974111255,2022,Middle_Mountains,2022-05-01,Pre-monsoon
14.26003302957804,6,464.8009671656526,276.2628322309884,81.56575521709783,10.875360340356533,17.600051801009784,3.414365564832797,225.99445594729636,0.4008188983976468,2022,Middle_Mountains,2022-06-01,Monsoon
16.254567604859655,7,574.8665841512793,163.08050750992126,89.36029168261972,2.0963780795154072,18.04083056678842,3.006827908227575,258.52927951753406,0.3971066999759056,2022,Middle_Mountains,2022-07-01,Monsoon
16.065292265364643,8,436.6767626943382,137.8375208696461,88.70791312616632,1.9256110582923287,17.96402640541216,3.040869993809158,258.1922215232639,0.3588584417122609,2022,Middle_Mountains,2022-08-01,Monsoon
14.531293525934124,9,361.99254714480793,104.54868809841824,87.92739342583705,2.6724539635487665,16.547802138714026,3.191570762557624,263.0525597125882,0.2384699839491136,2022,Middle_Mountains,2022-09-01,Monsoon
8.528600001564726,10,258.94952141981923,78.49853622881069,75.05224793259609,5.351925982025807,12.86935947907475,3.880480391028521,126.82351300718152,0.1949809628627769,2022,Middle_Mountains,2022-10-01,Post-monsoon
4.085832859892652,11,26.78426352058368,46.30245811887863,67.89047754522772,8.283610968024481,9.823644377790062,3.832893328078761,122.3808105335048,0.2485686705671821,2022,Middle_Mountains,2022-11-01,Post-monsoon
0.7554875358399387,12,26.848186052013133,71.7461493830847,63.23133447907741,12.083465176938894,7.521820837406368,3.4950227000639527,134.7704480671759,0.2882999511138835,2022,Middle_Mountains,2022-12-01,Winter
-1.7726958042304706,1,36.910287689532645,72.16911230174871,59.5677756333349,9.10751983461169,5.598531927411677,4.113169213850015,111.14804411512708,0.3560629515606402,2023,Middle_Mountains,2023-01-01,Winter
1.1960828209294945,2,59.15373869821816,100.91277367246838,63.49455805805027,10.23956788509978,7.854395568828258,4.331238922597183,141.74087779475178,0.2990820616976384,2023,Middle_Mountains,2023-02-01,Winter
2.983257182472887,3,124.45245626531458,84.14695170915944,66.72851153607999,6.539026315797273,8.918437963022928,4.668160437855055,112.77208211392932,0.2580484372312969,2023,Middle_Mountains,2023-03-01,Pre-monsoon
4.225866446122212,4,100.53831743739354,72.87919472926951,59.28386360797084,8.709327923056795,12.110984744001357,4.913032546437039,115.80558854616652,0.3251880978832165,2023,Middle_Mountains,2023-04-01,Pre-monsoon
7.997515042794588,5,166.90879578250556,114.39817050080217,66.80470841092514,8.793176619477645,14.228903556483464,4.498598670852521,155.62121101645187,0.2282804519890939,2023,Middle_Mountains,2023-05-01,Pre-monsoon
13.317226334205833,6,354.0809503557884,191.36350237528055,75.55279844433846,7.800881770031903,17.79457689552344,3.893861438737902,208.8827875652621,0.2346565046308755,2023,Middle_Mountains,2023-06-01,Monsoon
16.495143474659976,7,571.9691018840728,139.61386861249963,89.98096600251999,2.445694626680679,18.17734721549027,3.0565144233265182,258.9115955670839,0.3879746482079541,2023,Middle_Mountains,2023-07-01,Monsoon
16.46022470198311,8,561.7380828896269,158.8755177096847,90.9666278482237,2.0800590762675704,17.96404179122092,2.927521102712776,249.37767515479476,0.3889444974427685,2023,Middle_Mountains,2023-08-01,Monsoon
14.720075263259014,9,226.6721958591332,67.43999663906477,83.82946478744367,2.959580407901839,17.496961733174974,3.3003889409877547,246.2663675857292,0.1893522577363215,2023,Middle_Mountains,2023-09-01,Monsoon
8.87670979580466,10,127.4029867262975,74.69870397735184,75.85961059401377,5.179892157849966,13.072817959927306,3.880495118078589,139.60279325330904,0.1502057586368669,2023,Middle_Mountains,2023-10-01,Post-monsoon
4.514236435780772,11,30.701267993774305,32.50198013751432,69.91510861162514,6.401142640978988,9.789695237397376,4.0768218703469765,105.07912611220893,0.2607230088063567,2023,Middle_Mountains,2023-11-01,Post-monsoon
0.6759266476466348,12,33.79145774160636,44.94320124068835,64.6053621083332,9.278492424914756,6.9971479218652775,4.264522633985239,110.9441251756299,0.3404746300973489,2023,Middle_Mountains,2023-12-01,Winter
-0.6997415327179177,1,54.97207903616102,76.31527603672302,68.59807155933811,9.092849573320969,4.678936776593447,4.18880015350306,141.23945015723336,0.2360626344404496,2024,Middle_Mountains,2024-01-01,Winter
-1.212724590507034,2,71.18374183202643,99.9305439460635,63.42473651632005,6.442397268745229,5.220588349782279,4.700884874742003,120.9434777104522,0.3115400378414665,2024,Middle_Mountains,2024-02-01,Winter
2.4276410103932125,3,111.15892235254086,97.8159367550855,61.8170480722822,6.522978697776312,9.470855902443516,4.754537811332477,127.86347227686008,0.2749947377148234,2024,Middle_Mountains,2024-03-01,Pre-monsoon
3.490680633674522,4,37.87689541509772,52.94346953364456,49.29560275192257,10.772352003203729,14.340670487053051,5.034808557586917,135.9175372197177,0.4018700970230568,2024,Middle_Mountains,2024-04-01,Pre-monsoon
9.704321114605552,5,151.35228947237388,102.36075038912304,64.32243503348519,9.65261430478763,16.667184564272542,4.336420428148003,182.8299025467605,0.2226327015419985,2024,Middle_Mountains,2024-05-01,Pre-monsoon
14.382436666451492,6,404.2459375840772,326.5451074545559,76.5235050765614,13.059389312822333,18.844380364917114,3.723487295404503,222.6951011916032,0.4080647017014324,2024,Middle_Mountains,2024-06-01,Monsoon
17.221065738895117,7,810.2292055598965,177.12799412351922,90.47653041254527,2.255388234417113,18.82188647600825,2.953021209326739,256.1549363893619,0.4169687093097551,2024,Middle_Mountains,2024-07-01,Monsoon
16.293403078916526,8,533.39269771406,120.66229086250672,89.02283232120784,1.7673523828131263,18.137631140063966,3.005506895699304,259.4618435022166,0.3467310625349132,2024,Middle_Mountains,2024-08-01,Monsoon
15.116321508699938,9,407.42983524416513,147.88320257191293,85.19563773681699,2.352543002059581,17.64132607003842,3.312573738522884,263.36105080016057,0.1676267535123406,2024,Middle_Mountains,2024-09-01,Monsoon
10.59310379829103,10,105.74443224102528,103.28161621064606,78.50737101877594,5.328324500807591,14.309301074439418,3.656476158685402,178.64395363926536,0.1553003017548714,2024,Middle_Mountains,2024-10-01,Post-monsoon
6.327215102817849,11,58.454144538399305,51.58392218997195,76.00443414108742,5.543210258538248,10.407998714607452,3.663705267651821,167.79192116729732,0.1736533165194055,2024,Middle_Mountains,2024-11-01,Post-monsoon
-0.0650935746367624,12,35.381337508844446,69.66438309372032,62.14515291948953,10.338618551338248,6.829453455540695,3.712592262957617,105.39356708832943,0.319407929610857,2024,Middle_Mountains,2024-12-01,Winter
-0.269794743865471,1,30.510823456024028,63.774434546492856,61.4001240370925,10.86806605822736,6.80207931727731,3.9583509209530447,113.08415487210786,0.3674482454755244,2025,Middle_Mountains,2025-01-01,Winter
1.1590556005687276,2,102.64085999802482,120.62433581577366,65.84790958162311,10.391526915326189,7.270083808400477,4.237617597566393,143.04211461713052,0.3164292428282606,2025,Middle_Mountains,2025-02-01,Winter
2.889359265482981,3,78.62041176653561,112.48218071673747,61.003358877086825,7.973006293526558,10.192335353609216,4.724958151515216,136.91221507252135,0.3284234539281724,2025,Middle_Mountains,2025-03-01,Pre-monsoon
6.067257332219135,4,103.41093579216712,69.4058551027499,60.092744727792905,9.112784817558314,13.863730907138384,4.56233772408718,145.56640501777585,0.2083789558375246,2025,Middle_Mountains,2025-04-01,Pre-monsoon
11.87036241458897,5,255.18679704893935,160.45705889871073,78.21824745259777,6.246906955506106,15.714083225011102,3.8502313601904063,198.4198871317868,0.2001329926700018,2025,Middle_Mountains,2025-05-01,Pre-monsoon
14.92163034937363,6,407.9014429473492,134.80652228708405,83.90754156008339,3.8596975565024754,17.700619423735905,3.344865201394589,243.59593882835557,0.3013829784308382,2025,Middle_Mountains,2025-06-01,Monsoon
16.559569628362294,7,488.8351293237443,105.38530165840996,88.98577006545246,1.911378744916827,18.416758628182684,3.030024753052248,253.8428943312768,0.4131178509823734,2025,Middle_Mountains,2025-07-01,Monsoon
16.31917429712481,8,638.8625669617622,142.08660968247298,91.12224389775176,1.7948539243045272,17.793121713182522,2.922768995270593,260.2446140770496,0.41064945139988,2025,Middle_Mountains,2025-08-01,Monsoon
15.23755503523778,9,344.1338949943542,108.16208483866691,87.84770926898796,2.1974826013133497,17.278689844716062,3.1364074899608148,256.5570874008065,0.2385914181418652,2025,Middle_Mountains,2025-09-01,Monsoon
9.33318333322696,10,186.2768643723012,116.91422882000238,75.02075877525198,4.775078497304028,13.707905171856824,3.7878128440384855,116.06592943993418,0.1310067172924741,2025,Middle_Mountains,2025-10-01,Post-monsoon
4.664071267996871,11,39.97467959926156,50.60869067841594,69.63950983419734,8.315265608990298,10.040632976642613,3.9324812994534266,134.29999781628428,0.2260443036663971,2025,Middle_Mountains,2025-11-01,Post-monsoon
0.8251703703007277,12,9.942313842268971,40.46784122474742,61.35328769006252,11.552916035242273,8.025051136199913,3.4042382758888983,104.3835857385356,0.3347522844396124,2025,Middle_Mountains,2025-12-01,Winter
-1.3805586638587777,1,46.32329429835955,50.5398973157226,61.328586198757215,9.230691214921078,5.595318192268381,3.8952397465057302,110.05866417954252,0.2964662614952783,2026,Middle_Mountains,2026-01-01,Winter
0.4275807995110126,2,46.69638550030157,66.15672204084218,63.66763494936807,8.649580629554075,6.942322712148048,4.750032490105087,116.33778686657786,0.3048528916394468,2026,Middle_Mountains,2026-02-01,Winter
5.629905611516757,3,160.67112882776954,108.75610341854302,71.91963970521047,5.875978091095227,10.533941283396068,4.281337919411087,144.1222333225182,0.2401894173881421,2026,Middle_Mountains,2026-03-01,Pre-monsoon
6.43600202494041,4,154.6570929969802,108.8238295611038,64.59465347193445,10.207098574109391,13.157795263235498,4.568830700726179,138.17968379613438,0.2915278012628526,2026,Middle_Mountains,2026-04-01,Pre-monsoon
10.456878257739207,5,224.3862668846808,146.00010724900233,75.18237578429438,8.615586760624634,14.92211440283367,4.03012522771465,190.36807849312945,0.2072197951469065,2026,Middle_Mountains,2026-05-01,Pre-monsoon
13.966260765586927,6,276.2109499221673,178.40093385075625,80.46071225998125,7.201385788848628,17.433064060024893,3.5946433646944334,215.1785864994476,0.3012092620029369,2026,Middle_Mountains,2026-06-01,Monsoon
5.540473700771788,1,44.86104958430388,35.85520898917814,67.58538281792214,3.992274848790785,11.34902347470654,2.419250762338561,86.92004785462859,0.4246906174242936,2019,Siwalik,2019-01-01,Winter
8.07472041635235,2,95.9818579695337,56.094372509287,71.20985253,3.707719086759068,13.191010085019697,2.5102780690640327,107.51858757699596,0.4017014717410105,2019,Siwalik,2019-02-01,Winter
8.5071289396986,3,40.96418668410814,49.96725080424632,57.94929652100844,5.455560402192008,16.915377360213824,2.837371950840651,126.93341897694276,0.4581938704216767,2019,Siwalik,2019-03-01,Pre-monsoon
13.979857632692193,4,102.57369982018892,57.85266234375277,65.72350831465567,8.547668377139527,20.77567933292085,3.0315786786769707,90.59778918157784,0.3628409684875735,2019,Siwalik,2019-04-01,Pre-monsoon
14.184984323827988,5,72.48226918468967,81.0902288914395,54.68785226476211,13.73729052916841,24.390994522025373,3.2805572985953755,139.7510725587844,0.4056908161393028,2019,Siwalik,2019-05-01,Pre-monsoon
19.791727195207223,6,233.591376919684,130.22209105067822,73.20975627262726,9.07704223350206,25.060867534310184,2.808367427146505,202.17779081925764,0.3464793279342167,2019,Siwalik,2019-06-01,Monsoon
21.657833461832418,7,834.2266561083388,253.06969532198585,88.8585647642016,2.00115518138606,23.611436741438144,2.0376945191897367,281.8680992139092,0.4087023618125098,2019,Siwalik,2019-07-01,Monsoon
21.694720924489875,8,378.4613015312846,86.6403224081262,86.16462349914542,1.725003455646497,24.15873363960945,2.049289793644266,272.5921829606249,0.3913025139279638,2019,Siwalik,2019-08-01,Monsoon
20.402521304271424,9,534.1568428021272,178.21109410714914,87.97184654576448,1.6252957811238478,22.499031395423557,1.9780119300419663,245.78435965293232,0.4288598386596193,2019,Siwalik,2019-09-01,Monsoon
16.604719588108257,10,60.2578797424357,51.028801504082445,81.24771039078378,2.5014391916498244,19.920165116609105,2.179011813293998,155.1853411789327,0.1712986572735073,2019,Siwalik,2019-10-01,Post-monsoon
13.27738744999013,11,20.81241930474209,36.54703325711764,75.95142182475374,4.606063502503104,17.589315167181514,2.1359026485226837,118.906809129137,0.2744820414711728,2019,Siwalik,2019-11-01,Post-monsoon
7.11272382633073,12,37.40950696377656,28.52189340434884,73.31304858320816,4.423781251496635,11.749719846086096,1.9681414977426528,107.31694796672976,0.2934901070219448,2019,Siwalik,2019-12-01,Winter
7.076124222624724,1,104.27611579241116,53.72456500885556,78.56912450748044,4.210846456875142,10.660703926915971,2.167555847490305,106.02808562863945,0.2861733934662078,2020,Siwalik,2020-01-01,Winter
8.361442927199251,2,54.92260116758608,40.25990174143097,74.38552708147898,3.602739631943871,12.82222045975693,2.3201121136856604,126.03888558452816,0.2160942207309839,2020,Siwalik,2020-02-01,Winter
10.03180544652504,3,71.9037147700315,53.91886305095651,65.40182538536415,4.228330995313421,16.58443295033295,2.811991647599575,119.7248610711994,0.3781023413685386,2020,Siwalik,2020-03-01,Pre-monsoon
11.952934680651074,4,127.4499155418027,58.41467719956631,60.14395587431376,6.951381239301241,20.036840865740317,3.0055228816548456,107.5534376344363,0.3819898996310099,2020,Siwalik,2020-04-01,Pre-monsoon
16.522276610134,5,160.07579868951413,101.22976397901895,70.93300478584091,8.405549643406511,22.16359499417592,2.8071275385357435,149.4240659412262,0.283316409579448,2020,Siwalik,2020-05-01,Pre-monsoon
20.580186420221143,6,556.0365693670896,189.780016311442,85.55407586119296,3.0025380308609844,23.14932781622871,2.1188179723251888,252.51246159267183,0.3482192021260493,2020,Siwalik,2020-06-01,Monsoon
21.70618988057859,7,876.5616489626856,277.9426926322,91.18247424872654,1.5074865237912052,23.228827641063734,1.89776026007835,289.9327197709798,0.4353426538030769,2020,Siwalik,2020-07-01,Monsoon
21.80025825775189,8,436.5747460400684,153.6745625135637,87.83032914384789,1.7922210683926911,23.948493871641865,2.0288156361997984,295.62722132226685,0.4610811798612385,2020,Siwalik,2020-08-01,Monsoon
20.97555303204537,9,462.8855577063785,220.78789220549777,88.14109664202877,2.1551240723542224,23.050885266613097,2.006808544547215,269.45411640258766,0.2649072110155127,2020,Siwalik,2020-09-01,Monsoon
16.66385532745209,10,27.62277350600565,29.223843814243068,74.12350792656734,3.0895897102983265,21.47626418288393,2.0959847348188787,123.30795175465497,0.1896830033061361,2020,Siwalik,2020-10-01,Post-monsoon
10.311906495380486,11,11.381549475211022,20.37531098432937,67.25719660401766,3.643248397695501,16.414229136197577,2.095944723821667,101.41934801596923,0.3256488278907894,2020,Siwalik,2020-11-01,Post-monsoon
8.054180796316983,12,11.88226093185255,28.264678964254493,72.46852325417183,4.716976878971376,12.910754854445416,1.783033594223046,126.76762870161664,0.2820784184388653,2020,Siwalik,2020-12-01,Winter
7.637093909661334,1,16.70412321842184,30.35507497840781,73.18080412454019,3.985938980287359,12.319491252089811,1.7020257200021478,155.83401240708747,0.2380068617350867,2021,Siwalik,2021-01-01,Winter
7.751750524385287,2,24.499692148119287,31.722081339421948,64.41680995264772,3.0708235226773084,14.40032595641332,2.3500346160451686,114.08399990788304,0.3365067601750607,2021,Siwalik,2021-02-01,Winter
8.463079700791118,3,28.25302903029409,46.74582890093761,51.270102565938366,6.926522573229384,18.87917955265552,2.837525005437965,125.63415219436196,0.4369415676382176,2021,Siwalik,2021-03-01,Pre-monsoon
7.358519797192011,4,32.17146571698131,31.752383492627526,39.69134797038353,8.132631566668652,21.979545139628893,3.1581081832127667,102.96194794305688,0.4636321297231562,2021,Siwalik,2021-04-01,Pre-monsoon
17.297713607375563,5,358.9955376212085,115.35197547333762,76.26305387384511,5.495301645697294,21.702850894501445,2.412768962632408,143.56959980398534,0.2180725973232848,2021,Siwalik,2021-05-01,Pre-monsoon
20.689397409622003,6,537.8193461606371,140.52383300638252,85.52962138550824,2.828688590229873,23.26290236467706,2.1009402094701914,208.5789301976959,0.3111426087679474,2021,Siwalik,2021-06-01,Monsoon
21.720055234273705,7,668.6348583630473,229.9170371558922,89.34961111539292,1.5153967719632837,23.580268810648217,1.9905973960355097,282.4281287330736,0.4532588136554533,2021,Siwalik,2021-07-01,Monsoon
21.52686184028317,8,698.1474267351407,218.67878330710656,91.29423651313274,1.154131340002284,23.025945958318164,1.8952440075355808,293.0025487647641,0.4452154881198362,2021,Siwalik,2021-08-01,Monsoon
20.430257306913177,9,284.91607318995824,107.4864158777866,85.46893388110438,1.5697255375144925,23.002662613536483,2.0424277603458734,194.09709047011103,0.3659907984291465,2021,Siwalik,2021-09-01,Monsoon
17.614900339259442,10,258.31694469428294,89.28733855359953,81.26095192161729,2.3461863598389603,20.951599682369075,2.0952746007502547,155.78598804742032,0.1373346846986305,2021,Siwalik,2021-10-01,Post-monsoon
11.858112416020402,11,16.70614388727378,33.00764380308962,77.01205942209212,3.371934026545597,15.89586914770263,1.9374235863143332,149.97933247388156,0.2394139181122848,2021,Siwalik,2021-11-01,Post-monsoon
7.642614819237149,12,41.85188054422651,23.00960012526865,71.95194947087126,3.9320008130918103,12.583512345276864,2.0133333572448477,96.96660016341217,0.3440001610560773,2021,Siwalik,2021-12-01,Winter
6.832902931748423,1,51.191041337549166,38.85308951731291,77.77627778165485,3.91652907474006,10.562518010113314,2.1992543682691275,112.76287733979504,0.2451440452842946,2022,Siwalik,2022-01-01,Winter
7.026473388438637,2,76.52571730096692,53.57136359575164,73.9109660258158,3.2617886140365377,11.53268063567974,2.408117662326256,133.50411735914872,0.2259723668027162,2022,Siwalik,2022-02-01,Winter
11.13943684012707,3,21.38611085941498,31.7892995899704,58.381618749765,4.36294882609076,19.5780487334241,2.735109877236362,114.97078469370685,0.327319539725351,2022,Siwalik,2022-03-01,Pre-monsoon
13.060072103784396,4,76.61195793942815,82.16183968960847,55.14716286483671,12.708460758600111,22.948464113978677,3.024937156466234,136.34249279664806,0.3763166107361111,2022,Siwalik,2022-04-01,Pre-monsoon
17.681741533784805,5,204.17797988507604,116.57837056865984,73.14993187894949,7.059320846060575,22.8281254085864,2.77072116249427,159.61802159802522,0.3622586254179355,2022,Siwalik,2022-05-01,Pre-monsoon
20.2892812582402,6,440.9726093823219,203.87922149493244,79.96264352939504,10.130423969684278,24.10678055236802,2.691046321364014,219.78848307107648,0.3540771255834476,2022,Siwalik,2022-06-01,Monsoon
21.60358102530512,7,452.85408481449167,158.0204693935601,85.97796899748708,2.27984358232664,24.107222979065288,2.15545114342984,272.90692736240334,0.5254425720222937,2022,Siwalik,2022-07-01,Monsoon
21.5052408148743,8,364.4984960457039,110.53716121293822,86.14491623873595,1.9058016570012917,23.97192675710088,2.0881438721653405,294.0362879758361,0.4672511717583084,2022,Siwalik,2022-08-01,Monsoon
20.4217860681362,9,373.4920359577185,103.99515718465184,87.33683561755836,1.4728228406572716,22.63752642846511,2.0160429180952293,262.7958970710747,0.3665546442655007,2022,Siwalik,2022-09-01,Monsoon
15.885407599245108,10,231.9897111264005,102.20748204043343,78.01246402216461,2.6709533438648565,19.835583387116447,2.15736129510424,115.90541144305926,0.2340401568677744,2022,Siwalik,2022-10-01,Post-monsoon
11.632402369870784,11,12.383197221614903,20.06658348093097,72.89810283716757,3.6739072216834368,16.52593307692907,2.073195260021235,111.71040504395572,0.2682556053504077,2022,Siwalik,2022-11-01,Post-monsoon
8.619338790205484,12,9.992473768619949,24.4472380798347,72.49960587614476,4.83800634286119,13.492197426196054,1.8900779216441972,127.15752421775908,0.2692263936814346,2022,Siwalik,2022-12-01,Winter
6.645393284427912,1,10.20022629475966,20.34958459534629,69.79582557023654,5.12195912662342,12.020576454291506,1.7453635349064989,125.08934150342397,0.33660312615445,2023,Siwalik,2023-01-01,Winter
8.758175401960772,2,24.64682388750868,51.6499046387917,66.31412343212376,4.700151149303696,15.027103018979922,2.157817045530618,141.42984900003592,0.2866342733039311,2023,Siwalik,2023-02-01,Winter
9.642278564145938,3,75.99763113266965,49.42810846070976,60.0449080400469,5.534660972979446,17.55760459787459,2.833610390390155,113.18069467239204,0.3527283553970826,2023,Siwalik,2023-03-01,Pre-monsoon
9.473462581332477,4,46.58394068347226,35.65713946378441,47.255522651595534,8.03646760335253,21.39231158883372,3.1108021541050634,122.91699975206512,0.5540607005231691,2023,Siwalik,2023-04-01,Pre-monsoon
14.00026738747499,5,106.41679546413933,68.72784021199882,57.972948353836365,7.604365311361763,22.85037077118335,3.039276368842993,138.14315781663055,0.320755580945158,2023,Siwalik,2023-05-01,Pre-monsoon
18.50219225438133,6,293.63702526085706,136.56515551406338,65.6825800626915,9.233233217565047,25.578997774241817,2.937584397624619,192.50630866473855,0.3116116956897374,2023,Siwalik,2023-06-01,Monsoon
21.83847271535418,7,498.2348825315156,137.94640811623438,86.60258553222901,2.1557863702662767,24.22426555392749,2.112200835913973,257.58561661656057,0.4848194324461258,2023,Siwalik,2023-07-01,Monsoon
21.814810829106406,8,514.4132812707842,151.6127371334266,88.98238496401463,1.4298622194170516,23.744749674663897,2.0021857675678656,263.4989456399754,0.3286431592581916,2023,Siwalik,2023-08-01,Monsoon
20.92733750225052,9,222.29543049740332,60.3411871315976,83.57830684359962,1.8549103630649837,23.88165550434753,2.114102644814201,188.72825120516384,0.2557682982359261,2023,Siwalik,2023-09-01,Monsoon
15.859411301608716,10,107.476191150882,53.68473033910963,75.95821846360599,3.708856003379701,20.250650538196584,2.258843354493741,101.5894961221338,0.2546953278591081,2023,Siwalik,2023-10-01,Post-monsoon
12.08339464646504,11,13.000128444898202,15.649497902255844,72.33000866952626,2.794357710512619,17.112136133328843,2.3010764804504054,92.62423466957011,0.3558736334823307,2023,Siwalik,2023-11-01,Post-monsoon
8.444728577620582,12,13.755717191565626,18.99148508836048,70.12286222755253,3.4484387058357755,13.81219190891414,2.017828590319741,99.9747945798022,0.3492239309513246,2023,Siwalik,2023-12-01,Winter
6.996018485630317,1,21.441490435432037,42.43569690304557,74.4464225807057,3.3278956153428085,11.390836856403554,1.95752260771968,126.51366666571066,0.2292401509679009,2024,Siwalik,2024-01-01,Winter
6.416449227484169,2,26.117632580059407,37.918794659036855,63.08781017635477,3.553134329989583,13.319444135485014,2.354607330491012,135.35940101796743,0.3204606569767126,2024,Siwalik,2024-02-01,Winter
9.267289067860665,3,64.81994339937661,54.15818984518732,57.38220058199055,4.1550570063697965,17.849372936993525,2.57468467891946,139.20430024567773,0.3174099983589659,2024,Siwalik,2024-03-01,Pre-monsoon
7.849216892510242,4,6.317100651376348,14.645385661018343,37.08203016738395,8.186429840200864,23.71303937864528,3.0582705851515937,138.45657388251115,0.7451220716546311,2024,Siwalik,2024-04-01,Pre-monsoon
15.377024598088116,5,112.1406544761086,71.9699595399925,56.50175038518879,7.891828161508311,24.77184231482904,2.9047009112003344,162.31059916698032,0.2920868247953546,2024,Siwalik,2024-05-01,Pre-monsoon
20.297316657527546,6,361.8999879481915,254.176741620901,73.78608698209715,12.521557616469671,25.575153283848653,2.825650828788912,222.4259845668992,0.365186162947841,2024,Siwalik,2024-06-01,Monsoon
22.51782066322261,7,779.3707730264335,179.248820241356,88.72428534535639,1.4174649044695886,24.505887481401672,1.9305646282450597,292.05775950632267,0.4938537239983392,2024,Siwalik,2024-07-01,Monsoon
21.76434613544188,8,479.2354949854191,118.32549995765812,87.81921545104021,1.2887225609688753,23.910444974006275,1.9277195297573333,297.5032658963834,0.4324596510947867,2024,Siwalik,2024-08-01,Monsoon
21.21692766412028,9,502.12221019509286,181.09889818608252,85.33628894702235,1.8440747429535416,23.82996557243337,1.97939827618023,250.4915544104388,0.2312995626761736,2024,Siwalik,2024-09-01,Monsoon
17.486714728499415,10,80.3856095132448,73.74022140354316,80.32551299978512,3.048744913848367,21.01478697396389,2.1852798008046315,155.73155220896132,0.171715747687543,2024,Siwalik,2024-10-01,Post-monsoon
12.82296983578983,11,27.151706390621545,30.634224149188825,76.28021570130797,2.2912692995582957,17.03779709924329,2.121218013666083,117.48584349870944,0.2579011293314836,2024,Siwalik,2024-11-01,Post-monsoon
7.787054610500165,12,12.97921313517062,22.306424700110668,71.07651303027039,4.520811108832567,12.926825240897106,1.8188243424114892,117.46345090395992,0.3262256998078897,2024,Siwalik,2024-12-01,Winter
8.160382930106394,1,12.152463364862893,20.063671987947775,73.82998899837224,5.365680533394645,12.740875651471264,1.604997522892021,133.052540533146,0.2617144207704605,2025,Siwalik,2025-01-01,Winter
8.685805547169066,2,39.28213251578149,61.61055083662315,68.27262981927134,6.320211526546802,14.522044693251022,2.193985595823294,144.41162379608176,0.3376588595056955,2025,Siwalik,2025-02-01,Winter
9.43569287255633,3,30.09217192916278,44.31150889039627,55.637726319021965,6.496409231409374,18.5863419507434,2.6464677235429583,139.43838972678262,0.4222502786456553,2025,Siwalik,2025-03-01,Pre-monsoon
12.108223884176375,4,86.11248488803069,41.88730650402711,53.48533601819267,7.160910938934503,22.134888182815217,2.7109891343534867,130.08252994401303,0.2723832230377791,2025,Siwalik,2025-04-01,Pre-monsoon
17.89662010258077,5,208.1811838307056,110.21723898781016,72.12434518686072,6.502224958840208,23.27637573136805,2.7450304932268583,159.40160125662806,0.2601904787361415,2025,Siwalik,2025-05-01,Pre-monsoon
20.50158762676088,6,347.1502991230682,110.01483297542924,79.39893939483007,4.2667284903738665,24.32781764749279,2.3804974763868696,222.86096267308145,0.3409794859894126,2025,Siwalik,2025-06-01,Monsoon
21.88120658256917,7,396.1409559210424,105.79848471691749,85.67121446809536,2.181755808228082,24.44901523948173,2.105221499841289,281.8878047317892,0.4475742867828213,2025,Siwalik,2025-07-01,Monsoon
21.600380677579324,8,613.4538082945755,136.83800030075406,89.37138984344183,1.430906852245117,23.45431953635895,1.9333678962675576,298.07789388412067,0.5109635104285387,2025,Siwalik,2025-08-01,Monsoon
20.97792111274065,9,370.9440439908454,128.15124735939642,86.899131996598,1.5195431622072657,23.28582062069784,1.9919320027196128,249.78304160850905,0.2857594931120698,2025,Siwalik,2025-09-01,Monsoon
16.35886486964549,10,199.95148015503284,115.33781815271794,77.05420562059466,3.597004327316807,20.53082492358211,2.0894759396693834,98.1355411551016,0.200964094685645,2025,Siwalik,2025-10-01,Post-monsoon
12.131026208919783,11,22.672037880452383,33.58200356330846,75.4864065505553,3.0903403844473827,16.486774337555076,1.9013627465833745,133.46776673102886,0.2451363037758897,2025,Siwalik,2025-11-01,Post-monsoon
8.65808416678532,12,3.619739002978548,10.63103245788139,74.93529948893098,5.104674912243471,13.025189905661769,1.4753492603120224,124.80364093402174,0.2606251839995656,2025,Siwalik,2025-12-01,Winter
6.831741494283083,1,19.46853207536674,20.91225302074224,71.99992176598,4.73759007465143,11.736570552904452,1.6979249464629476,127.8655136529869,0.3148750512776291,2026,Siwalik,2026-01-01,Winter
8.987706621179823,2,18.32637958729737,27.951191240439204,68.23507272613871,3.549923681598776,14.80517947734494,2.3018213498930478,125.26909185379714,0.2811810291213854,2026,Siwalik,2026-02-01,Winter
12.351836715610052,3,127.09847202488912,87.66398518000565,69.12891983496176,4.36002939802425,18.13859078392636,2.509159263160174,124.9850622585373,0.2911359389399034,2026,Siwalik,2026-03-01,Pre-monsoon
12.8381262548696,4,127.27467269234948,77.62660533425411,59.44731598650375,9.21389977557793,21.24458603944375,2.749212801833877,121.47609893313212,0.3774600172318128,2026,Siwalik,2026-04-01,Pre-monsoon
17.126092803616256,5,185.23952735211336,105.05084593779708,73.1089576308831,7.78743410586237,22.271976202534187,2.6319797980131243,165.30816606229655,0.3339608138371324,2026,Siwalik,2026-05-01,Pre-monsoon
19.969504103168862,6,238.7024016658889,127.73746497885398,76.393962782864,8.324540509710125,24.502470905398624,2.6497432499259563,185.3384921916806,0.2780297742437438,2026,Siwalik,2026-06-01,Monsoon
9.168982006968012,1,15.45525360798332,14.366548745913237,66.11525446310515,4.6857315636266,15.508560461999604,1.066655660697463,110.00154005213,0.6770031926340652,2019,Terai,2019-01-01,Winter
12.222082647158066,2,59.98273184044629,13.57060047600666,71.18788468474197,3.9399768083117648,17.525208043976953,1.1338209115693114,132.76898186925035,0.6892707158488682,2019,Terai,2019-02-01,Winter
11.077002745352337,3,10.856489241567049,5.09292150714102,50.05852372863317,5.601101598241912,22.06024798780673,1.2439269376634938,146.7132712813528,0.8901211149144309,2019,Terai,2019-03-01,Pre-monsoon
17.00198129080016,4,60.04667315132801,33.34337224815716,56.55546364713474,7.147274891686988,26.45306030716677,1.215330288755173,97.01639564721292,0.8615807790250938,2019,Terai,2019-04-01,Pre-monsoon
17.592411911378726,5,44.61295262537121,48.39354128172283,50.12159468301793,13.708100960365192,29.60691668863985,1.787610229620403,203.9896231100174,0.9128544922793232,2019,Terai,2019-05-01,Pre-monsoon
22.87226410103752,6,171.62556247489746,98.30128791161584,66.20372947790214,9.403328104892529,30.03231942842321,1.6589681421571314,231.45280165502635,1.0710194965770348,2019,Terai,2019-06-01,Monsoon
24.79625948462664,7,669.2380092888876,171.179655196553,84.96019322349336,2.415553293197958,27.561998691934217,0.765437165104027,312.96839922453063,1.28347012590949,2019,Terai,2019-07-01,Monsoon
25.1221815201614,8,263.5518939826667,76.57522949847551,84.1011424693493,1.5834109029441863,28.06450112377292,0.6566484383735101,247.0694766650712,1.2695508376661653,2019,Terai,2019-08-01,Monsoon
23.79560907664536,9,440.1242442785325,142.78028285457285,86.62362261839316,1.2526317708436312,26.20620679142015,0.593595873263991,234.9656545224995,1.4219485304392212,2019,Terai,2019-09-01,Monsoon
20.45578352720204,10,26.891272465904706,14.166348356313376,80.34124484355523,1.285160490384848,24.054678490515958,0.7369610414279424,90.03589271912455,0.295000821656646,2019,Terai,2019-10-01,Post-monsoon
16.6348770812281,11,2.988050244374148,3.0336016743075263,72.9832930778874,3.282724520212833,21.707033785116728,1.0361026017006152,108.88489725326168,0.5441644054820308,2019,Terai,2019-11-01,Post-monsoon
10.541701699985577,12,21.89260757844906,12.23712727682108,74.25318664498748,4.729354991520709,15.123305626222828,0.9564180036363448,115.64215505092832,0.580989204753988,2019,Terai,2019-12-01,Winter
11.015571442991366,1,55.99638869304555,28.530644152445365,79.72868306004018,3.4708285446706477,14.492343487442245,0.9480656677244148,119.20883373279273,0.4750403400380844,2020,Terai,2020-01-01,Winter
11.470334311288315,2,24.98575830018878,11.685570000279908,69.72559703912128,5.560362895463408,17.096227899580967,1.0163354328365508,98.53664635261286,0.345555494646578,2020,Terai,2020-02-01,Winter
13.417304913183331,3,32.91641543088438,17.42322870969967,58.96581148823073,5.023954006379001,21.858137395082267,1.367502454815788,152.4889492935849,0.6820613891764346,2020,Terai,2020-03-01,Pre-monsoon
14.688217197256105,4,66.67872054514415,40.511670565168735,50.757922640255785,5.330370116615843,25.745359387674373,1.2112059627094551,150.1970054138283,0.6861139919504936,2020,Terai,2020-04-01,Pre-monsoon
19.897410167825186,5,84.1135364563281,47.31656055171118,64.42552557330487,7.309445044795549,27.295845547036198,1.2793752223904464,199.75603015089064,0.9460098812300108,2020,Terai,2020-05-01,Pre-monsoon
23.80905089154668,6,357.30096120973053,125.61847261518828,81.57055985810621,3.166350064573217,27.253249553820574,0.7975987518259801,275.95587988711003,1.118923109847339,2020,Terai,2020-06-01,Monsoon
24.933951141033383,7,689.9450229965232,172.13863728466427,89.19940766466712,1.4852832527604862,26.866858244056857,0.6892353424458905,329.3601984564831,0.9918811413250403,2020,Terai,2020-07-01,Monsoon
24.995798660958933,8,236.41773171336268,66.43196307899062,84.71380977466326,1.76515725884198,27.81159604339574,0.6813057819018395,313.7378123412471,1.384905749793499,2020,Terai,2020-08-01,Monsoon
24.442247128791287,9,377.1528757744535,141.100035419174,87.11848483639316,1.82373851242914,26.770243067938708,0.74393942983415,261.70961129657127,0.7712628113185048,2020,Terai,2020-09-01,Monsoon
20.49880966252684,10,19.21372559700413,19.99465583848765,74.68792962456214,2.8191553130359424,25.327677745486827,0.780774844840751,76.29118327165122,0.4118673072538614,2020,Terai,2020-10-01,Post-monsoon
13.47676831565443,11,2.4480720095248496,3.460036882271213,65.99909860378965,3.7896694832096185,20.047704717065063,0.8399025004670363,115.88273729461874,0.679715633167773,2020,Terai,2020-11-01,Post-monsoon
11.17233375976546,12,1.2913538244815932,1.3267434967495555,72.3947991243673,3.143808267728314,16.157315757107856,0.9712369298039398,119.17662049520024,0.5866083466761427,2020,Terai,2020-12-01,Winter
10.811847164822249,1,3.7997089075652735,5.366155307219392,73.99834820593303,2.59927239665263,15.43496210891614,0.8283014150970224,136.71225946540312,0.5438014649137168,2021,Terai,2021-01-01,Winter
10.978913794627298,2,3.566513612329846,2.529310398053534,61.16981591106622,2.937931447662425,18.626088108195823,0.7655145556576863,116.92985475317968,0.5842148564856436,2021,Terai,2021-02-01,Winter
11.396347504480811,3,4.882799093054378,6.823938510726978,45.739806234482586,4.761447542999352,23.88094391585478,1.0537089210533357,115.82960163317172,0.5803870562846423,2021,Terai,2021-03-01,Pre-monsoon
10.770601935850406,4,14.04171167393028,10.304840233740167,35.927851075848665,6.653002097375371,27.38999238358386,1.1658082188584715,100.04914223330952,0.7019277188618857,2021,Terai,2021-04-01,Pre-monsoon
20.832527974424497,5,312.0158091258652,104.75619558070152,72.45711719396576,4.486023093674903,26.207745129002628,0.8607597152381069,100.52532846779673,0.714595551582781,2021,Terai,2021-05-01,Pre-monsoon
24.086971413797347,6,359.41340015611746,112.12461876992197,83.10814151859462,2.293012260055201,27.212481218025054,0.72133793227313,156.93658501155625,1.114747586386834,2021,Terai,2021-06-01,Monsoon
24.936606434394992,7,418.223460994756,127.5665764990955,86.29000529943993,1.631273360998705,27.435319017492617,0.6816424893629326,274.84895145146965,1.387004660524355,2021,Terai,2021-07-01,Monsoon
24.820675321122103,8,428.8169076310716,114.94081540139832,89.39830295909931,1.2680498571991694,26.71323565876573,0.6408346298465384,334.3101151737179,0.9337027430237592,2021,Terai,2021-08-01,Monsoon
24.00546786719138,9,172.88832508614522,64.7511318796313,83.83526843503692,1.5731516492100417,26.97714489542317,0.6678991950006833,151.54611104849184,1.2811924249732494,2021,Terai,2021-09-01,Monsoon
21.431877942143128,10,197.17882384045956,71.37049239752388,81.55988997958069,1.0513295220171028,24.80445106057851,0.661202138369859,54.838199045123474,0.3463953980589486,2021,Terai,2021-10-01,Post-monsoon
14.563912294548556,11,0.7444509588119496,0.8088684341438397,74.13708686172988,3.0366358736113543,19.297735036395,0.6633190635503468,91.04428774919715,0.570905196376172,2021,Terai,2021-11-01,Post-monsoon
11.076391755816774,12,22.23919582401388,9.427994240737316,72.27956319139025,3.291451809521953,16.084043048027045,0.9075849060044048,102.87419453397318,0.6485512092647769,2021,Terai,2021-12-01,Winter
10.693110892366278,1,22.002105401522517,16.7058633954428,78.8135496358614,3.753407868630567,14.342391937290529,0.9363246219897892,123.4235844951432,0.5397139110402156,2022,Terai,2022-01-01,Winter
10.53976675409056,2,40.01532635919968,12.304749965776647,71.24298263509979,3.9361627812439655,15.760483965429522,0.9031846909057052,89.5920760921027,0.3588101147001404,2022,Terai,2022-02-01,Winter
14.25134860484586,3,2.987451963074564,3.648121771095784,52.97906887321644,4.220706166837672,24.51557219450305,1.0547721564171115,119.28052678616586,0.427738104877793,2022,Terai,2022-03-01,Pre-monsoon
16.546800060477537,4,33.39030184406913,36.37655900123811,51.10786453908848,11.384458403207857,27.92744388667806,1.61696520978312,173.34793049765852,0.98959213657394,2022,Terai,2022-04-01,Pre-monsoon
20.847501241364483,5,102.2519582840685,72.11525076499717,65.07807692519718,7.08369908791547,28.12279068474144,1.4090795586777047,189.5880605782005,1.3282120616863349,2022,Terai,2022-05-01,Pre-monsoon
23.40762832113033,6,297.1422872990778,123.25047328874336,74.70625937137869,10.26850132921472,28.50170209603843,1.8676889470853009,253.38447427024204,1.2102740213648795,2022,Terai,2022-06-01,Monsoon
24.72371712996211,7,242.7590020265979,70.4271878850089,81.29951721114676,2.53191446709617,28.243782238218987,0.7613867566456495,285.11064933831864,1.604868083677652,2022,Terai,2022-07-01,Monsoon
24.66068945288124,8,240.19520090201988,51.11848204491604,82.38003934835588,1.764043135835366,27.94753997512028,0.6723256497565493,319.83279247971217,1.3401343945246686,2022,Terai,2022-08-01,Monsoon
23.96399236096389,9,288.57286131921325,55.41629890488887,85.75023376219639,1.3846578115639798,26.549794987426743,0.6317796058561123,239.47577498321644,1.0677028913014628,2022,Terai,2022-09-01,Monsoon
19.95038715633012,10,158.51341997625417,101.38004997114815,79.04123030210252,1.849076357683553,23.8091937153957,0.7950373671005743,78.8642977107264,0.3951259828193616,2022,Terai,2022-10-01,Post-monsoon
14.76083242973046,11,1.7700145343924187,1.6153529900499983,70.48283641147049,3.584772463220641,20.326016404084104,0.8073552569498884,112.93595538305456,0.6067074871452347,2022,Terai,2022-11-01,Post-monsoon
11.730918216932244,12,0.7129569751310924,0.8543440817104949,71.47638108773253,3.162505850141317,16.940697225045312,1.029494526744713,121.81271104023764,0.5881855585346122,2022,Terai,2022-12-01,Winter
10.568062316391837,1,3.215314085074451,5.3328301981492645,75.1955145933477,2.117693589065317,14.929007218481788,0.812159111532843,138.1501931143067,0.6840681329413367,2023,Terai,2023-01-01,Winter
12.016734532405607,2,1.8478457562909063,2.9134701407665657,63.846690451493394,2.6033593483658044,19.033379746136166,0.8895312086197769,129.6787395587258,0.4675453652442723,2023,Terai,2023-02-01,Winter
13.245961714562874,3,46.91752686906992,24.243577390630197,55.34675732842825,4.019921987834765,22.69189635700252,0.9735794626380004,120.66557510408695,0.4556165559975984,2023,Terai,2023-03-01,Pre-monsoon
12.103765829090806,4,18.000717518329612,10.489594775866104,40.28519728530304,7.446168878481491,26.95570475877146,1.246465157838788,147.0503301662893,0.87920805839721,2023,Terai,2023-04-01,Pre-monsoon
16.888910916129234,5,54.46946184410654,26.69404781239476,49.61607773373164,5.391128347427243,28.5270828707771,1.1359605992819706,198.64921384207125,0.4315772329909471,2023,Terai,2023-05-01,Pre-monsoon
21.00883529824593,6,185.16252099674145,86.76987676592172,56.83335536512295,8.563664323344677,30.718781113087648,1.4460691668343992,230.60953127378855,1.001143743723981,2023,Terai,2023-06-01,Monsoon
25.21356338842444,7,351.4979971352324,100.14712671199776,83.73969224230513,1.9606816309414128,28.23372683652005,0.7006269271857,261.3594266918682,1.5041845089184047,2023,Terai,2023-07-01,Monsoon
25.20410898350649,8,357.0695926610988,77.26395914603934,86.27361708987694,1.4009904765243608,27.710319910488625,0.6653954634381595,286.5183465643556,0.4511564823796106,2023,Terai,2023-08-01,Monsoon
24.751181423830037,9,192.01188442416705,97.92794413797864,83.15651591407598,1.0435375135851832,27.87684419477549,0.6418483728795777,130.3160048338098,0.9767406331184462,2023,Terai,2023-09-01,Monsoon
20.0627666445313,10,77.81363856394546,41.143016828652165,76.28534319187301,2.970091784527306,24.522748990388955,0.748071478077754,76.25903861015072,0.5123748581543424,2023,Terai,2023-10-01,Post-monsoon
15.760702691970934,11,2.3175213456475854,2.07752769587578,70.33470821500904,2.3107171243371303,21.392222553118145,0.920285189886375,99.03100984361198,0.6682954210494416,2023,Terai,2023-11-01,Post-monsoon
11.851774149308287,12,3.519340902145072,2.9613441403486576,69.62161965898663,2.2752841221825846,17.474556767552517,0.9910761622776691,113.33596930173914,0.676191654062286,2023,Terai,2023-12-01,Winter
10.463157899233584,1,2.2068088581612417,1.69622946618642,75.21172349458234,2.8272846621418397,14.8233953690568,1.0199275768989624,133.9478980744747,0.6029221967789379,2024,Terai,2024-01-01,Winter
9.81655898237732,2,7.355707824752592,4.650055285930728,61.31484300476076,2.6271267995952305,17.351587255649353,0.9003182485254358,141.3226810948206,0.7057159696133556,2024,Terai,2024-02-01,Winter
12.349071875307104,3,38.12186868784077,19.920540219302502,52.96855827765531,3.2303298599313965,22.437055648909592,0.9192375900374652,140.63878311173204,0.5051845657802171,2024,Terai,2024-03-01,Pre-monsoon
10.261507784248144,4,0.8401489650590666,2.159990154217023,31.8534712693011,7.284770084064048,28.995588772107126,1.2629924023820582,149.2320529362628,1.3124001380990813,2024,Terai,2024-04-01,Pre-monsoon
18.581768729423832,5,59.57082121866901,44.76361087462004,50.81657885165883,6.211013629256646,29.986072923482617,1.164113842095842,200.76669380125432,1.0199838916477983,2024,Terai,2024-05-01,Pre-monsoon
23.486633308421496,6,203.12164035409776,145.72109368917535,69.20428607720046,11.339046981251384,29.980760075924863,1.8620179586868024,261.2085677539741,1.1936259307100938,2024,Terai,2024-06-01,Monsoon
25.66889596077411,7,521.97495795917,109.6420470313172,86.06783471108496,1.8566126715636784,28.22662323896213,0.6812277446081605,301.47468269620225,1.5438390527462662,2024,Terai,2024-07-01,Monsoon
25.0692280516904,8,305.46382702152295,74.95472483456088,85.69736529454039,1.7507454949414971,27.688728136465688,0.6350818996792192,322.44844797479794,1.264680488355976,2024,Terai,2024-08-01,Monsoon
24.842270779321066,9,421.6706385923802,143.77291421163838,84.64939752403816,1.49095648283396,27.666981768243048,0.6729185674484878,200.41829568019676,0.6459637265818159,2024,Terai,2024-09-01,Monsoon
21.48215215632549,10,36.47716507652337,21.53639439075727,79.90009465791304,1.7575460961908858,25.203628482622623,0.7337173567334236,76.46927400643924,0.3579305543429393,2024,Terai,2024-10-01,Post-monsoon
16.075377423242912,11,5.687486619892569,4.985945351461716,72.56777372121958,3.009817048561268,21.21574356559582,0.9017677713697978,90.35425794204797,0.5748707144282581,2024,Terai,2024-11-01,Post-monsoon
11.014994407357188,12,3.237211065987965,3.859499823352372,70.93030795694662,2.704497752676617,16.31193802032003,1.076697244688419,111.4649820477719,0.6177486529299927,2024,Terai,2024-12-01,Winter
11.59481095927405,1,3.4079717715092928,2.326440387494307,76.9190907862423,2.882958344690296,15.642972390014828,1.0093373220226476,138.0975020723307,0.5619327945493712,2025,Terai,2025-01-01,Winter
11.948176971195794,2,6.380667235614553,5.708445914227129,65.73826993899347,2.8809918672889245,18.492888345490524,0.8400830125438671,123.56618236646844,0.5212929685793308,2025,Terai,2025-02-01,Winter
12.13575811513236,3,8.665101134106433,6.861752506403892,49.3117257735168,3.8742748888808274,23.403349802787908,1.0159408859532046,146.98937684665898,0.6830806382746369,2025,Terai,2025-03-01,Pre-monsoon
15.851221196026229,4,82.2057617840896,46.641451896844885,51.456532385708925,7.252221916145897,26.832318561742063,0.958461375017637,153.82613062393176,0.7801831288014265,2025,Terai,2025-04-01,Pre-monsoon
21.129447776010142,5,122.14203317444556,68.02996350643386,65.30457438777485,6.2024830953445305,28.33513246464984,1.2113111466699698,204.97441637244145,0.9964037507471238,2025,Terai,2025-05-01,Pre-monsoon
23.67301028326004,6,203.0344500487475,68.05394745736218,73.12677440968936,4.8312611551677485,29.012185179515622,1.0041018199778275,201.80701483594805,1.2710036125847917,2025,Terai,2025-06-01,Monsoon
24.8643029701142,7,222.59736706510515,88.02665452677519,80.24696060281555,3.900587229748279,28.6261470799236,0.8301233333037351,293.46969616744434,1.518056552986314,2025,Terai,2025-07-01,Monsoon
24.81009631854576,8,488.97989784095387,127.09327186063943,86.78843123447446,1.6268347056379078,27.20817197924187,0.6499099732549961,332.32593435862015,1.3514925973528114,2025,Terai,2025-08-01,Monsoon
24.579526876921623,9,245.85946113957735,59.26736952550979,85.6978929091285,1.1856332962981768,27.187382575558217,0.6328017544646202,187.98455092797343,0.8286082436204503,2025,Terai,2025-09-01,Monsoon
20.555931970910947,10,211.3765990818692,113.018088108185,79.19103886820135,1.6461576295759697,24.39888592527007,0.6959327923746474,74.88503897586541,0.3762312193212094,2025,Terai,2025-10-01,Post-monsoon
15.36337811601457,11,3.1265327652349097,3.466622585244476,75.27168663570782,1.978659614367784,19.87378121196538,0.7358785984012035,133.16347137034768,0.7167328811442735,2025,Terai,2025-11-01,Post-monsoon
11.593986236234212,12,1.3175038795893836,1.0984404909946688,76.1410194775203,3.6717774733105126,15.80732885109216,0.915045040073622,134.21135231069337,0.6626876349159962,2025,Terai,2025-12-01,Winter
10.322268579747174,1,5.7636738810840455,8.607543380870778,74.84955832232238,2.604259849829332,14.750520934901184,0.9282874518193788,139.7781940100747,0.8212604145771041,2026,Terai,2026-01-01,Winter
12.240695195521758,2,1.3755196008054569,1.7151568438735836,64.96635062035043,4.743635672490143,19.02046820995936,1.0095809265478488,135.91372202914897,0.6847001646433796,2026,Terai,2026-02-01,Winter
15.591675560249357,3,70.52846172468375,41.94244710173206,63.26072884421537,3.891824990982658,22.979402805286384,0.9152486319035328,83.06557139956759,0.6953960299675993,2026,Terai,2026-03-01,Pre-monsoon
15.997429413868026,4,72.52911866644345,52.9116265926709,53.65402982394489,8.41222516306861,26.31898350659846,1.2430261375736933,141.37528225913888,0.7647194133390214,2026,Terai,2026-04-01,Pre-monsoon
20.88505464394487,5,127.42272902844144,79.88444816753382,69.80140185917115,8.226610125888302,26.981185498417396,1.3512149046098956,189.9855599946565,1.2958104005068636,2026,Terai,2026-05-01,Pre-monsoon
23.29706364249761,6,165.80101859145122,87.13554040464732,70.96498572183816,9.48276003421874,29.25395483684726,1.517032536251621,203.32478125833072,0.7339099695416271,2026,Terai,2026-06-01,Monsoon
