HCHO_count,HCHO_mean,HCHO_median,HCHO_stdDev,month,year,zone,date,season
690,76.24642238338262,70.48271317043681,61.29228202785497,1.0,2019.0,High_Himal,2019-01-01,Winter
355,32.017705843486915,32.5912047243011,89.43635019225871,2.0,2019.0,High_Himal,2019-02-01,Winter
550,44.85507020441956,43.75037572554587,54.62278473879159,3.0,2019.0,High_Himal,2019-03-01,Pre-monsoon
689,56.25118283089872,52.39320162454405,41.95910625728187,4.0,2019.0,High_Himal,2019-04-01,Pre-monsoon
690,86.1950435895986,79.22580904515182,41.91482517748283,5.0,2019.0,High_Himal,2019-05-01,Pre-monsoon
690,94.75022285575628,95.04007420840624,35.81788482925798,6.0,2019.0,High_Himal,2019-06-01,Monsoon
690,82.7171023163715,81.72564063684125,30.78385768278724,7.0,2019.0,High_Himal,2019-07-01,Monsoon
690,65.71993186911034,65.88222492783288,43.838580095149844,8.0,2019.0,High_Himal,2019-08-01,Monsoon
686,70.30231856037082,62.880633745675276,52.60969405472437,9.0,2019.0,High_Himal,2019-09-01,Monsoon
690,70.44666523216735,67.65455483124991,48.651730316161185,10.0,2019.0,High_Himal,2019-10-01,Post-monsoon
690,65.51636494091895,60.05265439065844,51.13486589628899,11.0,2019.0,High_Himal,2019-11-01,Post-monsoon
634,50.53469021751301,47.833562310446894,65.06327080449455,12.0,2019.0,High_Himal,2019-12-01,Winter
537,34.34430132997894,35.572487333841245,83.1121629716136,1.0,2020.0,High_Himal,2020-01-01,Winter
654,46.11156567779679,40.579317071492625,57.12538401792066,2.0,2020.0,High_Himal,2020-02-01,Winter
620,49.86298970916776,43.77449224838633,69.08315987702704,3.0,2020.0,High_Himal,2020-03-01,Pre-monsoon
688,44.2361721394024,41.019877233755714,44.61756988558223,4.0,2020.0,High_Himal,2020-04-01,Pre-monsoon
690,80.3386731685874,78.63913813980884,49.33155288030636,5.0,2020.0,High_Himal,2020-05-01,Pre-monsoon
690,85.14798131274543,80.86487715493104,49.984741047835996,6.0,2020.0,High_Himal,2020-06-01,Monsoon
689,95.47312033822028,90.64390329302132,48.7774077621085,7.0,2020.0,High_Himal,2020-07-01,Monsoon
560,66.97950391878413,62.82186472035344,66.94477734179988,8.0,2020.0,High_Himal,2020-08-01,Monsoon
547,72.55545571017865,66.40715462958683,59.51171261996484,9.0,2020.0,High_Himal,2020-09-01,Monsoon
612,76.75701744437204,72.1693399321656,64.68915536173269,10.0,2020.0,High_Himal,2020-10-01,Post-monsoon
557,68.37396659924386,62.662952801492914,67.72417138808296,11.0,2020.0,High_Himal,2020-11-01,Post-monsoon
362,68.07085183471153,70.7018071301707,62.08173435827328,12.0,2020.0,High_Himal,2020-12-01,Winter
338,67.92800806581766,70.5065471233074,66.52956343532516,1.0,2021.0,High_Himal,2021-01-01,Winter
305,68.42279388338952,70.73099513499102,79.49780545605122,2.0,2021.0,High_Himal,2021-02-01,Winter
310,79.68755958784804,70.26647062031414,73.1932781438955,3.0,2021.0,High_Himal,2021-03-01,Pre-monsoon
313,81.80857003181484,75.02810469298107,66.47221607970074,4.0,2021.0,High_Himal,2021-04-01,Pre-monsoon
225,62.20190691414631,59.964448985146994,99.77090998081444,5.0,2021.0,High_Himal,2021-05-01,Pre-monsoon
277,104.43380057569402,93.55839113147711,92.65771668195549,6.0,2021.0,High_Himal,2021-06-01,Monsoon
518,109.88913495199635,96.60092649541699,117.05049312448533,7.0,2021.0,High_Himal,2021-07-01,Monsoon
483,54.01519872734707,57.72161251234018,94.18522914828849,8.0,2021.0,High_Himal,2021-08-01,Monsoon
531,72.43865351423881,66.4617907782532,75.28055519700015,9.0,2021.0,High_Himal,2021-09-01,Monsoon
588,73.40397817793689,74.4546969775368,71.82334061451661,10.0,2021.0,High_Himal,2021-10-01,Post-monsoon
258,73.86410271483072,66.30764192987681,85.55840785402545,11.0,2021.0,High_Himal,2021-11-01,Post-monsoon
133,71.85490544658533,66.62650555597583,105.56646226847414,12.0,2021.0,High_Himal,2021-12-01,Winter
1,35.25651137751262,35.25651137751262,0.0,1.0,2022.0,High_Himal,2022-01-01,Winter
0,,,,2.0,2022.0,High_Himal,2022-02-01,Winter
50,57.00566260698505,68.16476399420203,68.26923168695583,3.0,2022.0,High_Himal,2022-03-01,Pre-monsoon
377,60.30914945271053,56.62512545483242,95.91178849421452,4.0,2022.0,High_Himal,2022-04-01,Pre-monsoon
510,55.313103019939284,55.84034826461997,72.98810599405968,5.0,2022.0,High_Himal,2022-05-01,Pre-monsoon
602,93.38151519277996,81.97794881905834,81.63432042216984,6.0,2022.0,High_Himal,2022-06-01,Monsoon
594,72.39580898155141,66.92116880127413,74.10408222013912,7.0,2022.0,High_Himal,2022-07-01,Monsoon
609,81.51882839967364,74.18062586473754,76.01462331307734,8.0,2022.0,High_Himal,2022-08-01,Monsoon
576,69.01120484733639,70.69535539367324,77.95967064385749,9.0,2022.0,High_Himal,2022-09-01,Monsoon
398,73.37335545652019,59.6425192996265,121.64753264741813,10.0,2022.0,High_Himal,2022-10-01,Post-monsoon
214,67.81279956783064,74.53374329698255,82.98193016796137,11.0,2022.0,High_Himal,2022-11-01,Post-monsoon
272,69.09239295416207,63.24813773816408,71.3189673719197,12.0,2022.0,High_Himal,2022-12-01,Winter
272,77.58911775115176,62.57884117289125,90.07691703012792,1.0,2023.0,High_Himal,2023-01-01,Winter
166,76.9699433473485,64.5048352204574,104.98776656997082,2.0,2023.0,High_Himal,2023-02-01,Winter
160,66.30120979393143,51.97748598638257,105.7738272035792,3.0,2023.0,High_Himal,2023-03-01,Pre-monsoon
207,58.90369183273408,52.48710220696852,62.850162097899975,4.0,2023.0,High_Himal,2023-04-01,Pre-monsoon
267,82.73586496131306,73.71820489433712,78.79811969143138,5.0,2023.0,High_Himal,2023-05-01,Pre-monsoon
547,90.62243005840625,78.28875813155408,76.18070638323849,6.0,2023.0,High_Himal,2023-06-01,Monsoon
556,86.89317877597567,77.62635941190351,75.31535330614349,7.0,2023.0,High_Himal,2023-07-01,Monsoon
488,75.76601366059698,70.89195217799008,62.99671346380933,8.0,2023.0,High_Himal,2023-08-01,Monsoon
533,76.95891125396963,74.32106863746331,70.23597460759467,9.0,2023.0,High_Himal,2023-09-01,Monsoon
465,69.12495027503333,62.83440039341463,74.88779470055073,10.0,2023.0,High_Himal,2023-10-01,Post-monsoon
327,74.8786551612425,66.43910151033018,83.07755958997006,11.0,2023.0,High_Himal,2023-11-01,Post-monsoon
94,58.48402289960367,50.35410938510537,96.58703287213554,12.0,2023.0,High_Himal,2023-12-01,Winter
105,73.1630587595986,63.32855739329457,69.39330792698587,1.0,2024.0,High_Himal,2024-01-01,Winter
27,95.41394258700116,105.75501781397553,95.7916295588098,2.0,2024.0,High_Himal,2024-02-01,Winter
58,55.51103188763267,70.5337753443176,107.4051876890396,3.0,2024.0,High_Himal,2024-03-01,Pre-monsoon
256,61.92228000126464,58.45657848034741,86.81799843145826,4.0,2024.0,High_Himal,2024-04-01,Pre-monsoon
491,92.6580267287786,79.43870985870001,95.77638880656812,5.0,2024.0,High_Himal,2024-05-01,Pre-monsoon
543,100.23490173853466,95.06472426039474,72.64614867918775,6.0,2024.0,High_Himal,2024-06-01,Monsoon
484,83.51389167869631,73.86788666404738,86.3196423257745,7.0,2024.0,High_Himal,2024-07-01,Monsoon
504,69.40189324018833,62.58017104975916,71.83477916235704,8.0,2024.0,High_Himal,2024-08-01,Monsoon
494,80.89553714715416,77.77441212142183,79.39205451335087,9.0,2024.0,High_Himal,2024-09-01,Monsoon
507,63.46472851071975,67.15849004038954,67.60396177657861,10.0,2024.0,High_Himal,2024-10-01,Post-monsoon
553,75.02612116525398,74.39852103480554,66.60441242207447,11.0,2024.0,High_Himal,2024-11-01,Post-monsoon
557,68.64437510742046,65.00848070985649,76.37980950742691,12.0,2024.0,High_Himal,2024-12-01,Winter
240,61.362395772917154,62.37372312448547,82.64668600424461,1.0,2025.0,High_Himal,2025-01-01,Winter
329,66.285095160841,59.54207300142228,87.8420451190393,2.0,2025.0,High_Himal,2025-02-01,Winter
146,56.817431213887964,63.163945238945956,91.70100677055846,3.0,2025.0,High_Himal,2025-03-01,Pre-monsoon
379,63.070423325548866,54.91589845692088,81.93066375998606,4.0,2025.0,High_Himal,2025-04-01,Pre-monsoon
466,80.7853895178196,78.5148870837824,89.03167671975193,5.0,2025.0,High_Himal,2025-05-01,Pre-monsoon
517,80.56877825180638,72.5678780248185,88.3613633960395,6.0,2025.0,High_Himal,2025-06-01,Monsoon
505,86.13587533610283,78.16032989781104,76.41292296321497,7.0,2025.0,High_Himal,2025-07-01,Monsoon
453,63.88007844105039,65.56487418245771,66.48431170919268,8.0,2025.0,High_Himal,2025-08-01,Monsoon
477,72.77116582737307,66.25642306252544,71.3584440955076,9.0,2025.0,High_Himal,2025-09-01,Monsoon
481,61.071479992129035,59.34361008355016,72.7262578836686,10.0,2025.0,High_Himal,2025-10-01,Post-monsoon
680,62.53608215509726,60.547921188967535,21.80488980853079,11.0,2025.0,High_Himal,2025-11-01,Post-monsoon
690,61.24634954625024,59.54126188730141,16.23346973517993,12.0,2025.0,High_Himal,2025-12-01,Winter
690,55.21251038745609,53.64554416239202,13.60244714952188,1.0,2026.0,High_Himal,2026-01-01,Winter
690,53.03048699685379,51.76916382490943,10.880444200339031,2.0,2026.0,High_Himal,2026-02-01,Winter
690,51.01865753193481,49.36474698037755,10.370436385803316,3.0,2026.0,High_Himal,2026-03-01,Pre-monsoon
690,53.26238879316792,51.69172669308908,11.546212984648484,4.0,2026.0,High_Himal,2026-04-01,Pre-monsoon
690,58.69450951474237,57.941503582347416,12.609596650767047,5.0,2026.0,High_Himal,2026-05-01,Pre-monsoon
690,68.25619723536224,68.18973251326238,18.417087578955528,6.0,2026.0,High_Himal,2026-06-01,Monsoon
680,59.08535368323092,57.737286337712106,24.797074167885278,7.0,2026.0,High_Himal,2026-07-01,Monsoon
462,55.97373971300009,51.05480682822223,60.638272965966046,8.0,2026.0,High_Himal,2026-08-01,Monsoon
1449,54.48195440909995,54.70049510325991,58.09365902380486,1.0,2019.0,High_Mountains,2019-01-01,Winter
1059,25.693166104585757,28.854208596895504,86.8984836984994,2.0,2019.0,High_Mountains,2019-02-01,Winter
1312,35.14660745362043,33.430177390839376,61.22443043029188,3.0,2019.0,High_Mountains,2019-03-01,Pre-monsoon
1434,52.69898886586114,51.45005156333012,50.18295841401595,4.0,2019.0,High_Mountains,2019-04-01,Pre-monsoon
1449,85.30687948347584,80.99670691415857,44.90275160243665,5.0,2019.0,High_Mountains,2019-05-01,Pre-monsoon
1449,94.72322071064782,94.40517954045744,42.59420442202029,6.0,2019.0,High_Mountains,2019-06-01,Monsoon
1449,88.82910259440287,86.81868765416179,34.56937633925038,7.0,2019.0,High_Mountains,2019-07-01,Monsoon
1447,68.79869435541946,70.59472785873612,45.17906458113772,8.0,2019.0,High_Mountains,2019-08-01,Monsoon
1417,73.73597995632937,70.34735628233243,53.328591542223094,9.0,2019.0,High_Mountains,2019-09-01,Monsoon
1449,67.24688896008254,67.74084588738371,44.46109220391413,10.0,2019.0,High_Mountains,2019-10-01,Post-monsoon
1449,66.65389952870738,65.54521883184732,46.15081779849297,11.0,2019.0,High_Mountains,2019-11-01,Post-monsoon
1407,46.43653782666571,47.65949412218715,59.26726415282868,12.0,2019.0,High_Mountains,2019-12-01,Winter
1187,28.608280865662472,28.46599808128798,88.94790393615767,1.0,2020.0,High_Mountains,2020-01-01,Winter
1406,36.47414370606293,36.06767203356481,64.22503262250147,2.0,2020.0,High_Mountains,2020-02-01,Winter
1381,38.06148870566657,36.26053118577767,72.61200725829165,3.0,2020.0,High_Mountains,2020-03-01,Pre-monsoon
1428,41.245929019725594,39.03941574074376,54.8895092177667,4.0,2020.0,High_Mountains,2020-04-01,Pre-monsoon
1429,63.86621750652671,65.75944977397235,53.518072398526,5.0,2020.0,High_Mountains,2020-05-01,Pre-monsoon
1430,81.61169132984313,77.96652439495138,62.28771896596931,6.0,2020.0,High_Mountains,2020-06-01,Monsoon
1442,96.46663797750976,90.4117632437588,54.69848472066595,7.0,2020.0,High_Mountains,2020-07-01,Monsoon
1316,78.1267529382665,70.77288186324765,73.43554617885373,8.0,2020.0,High_Mountains,2020-08-01,Monsoon
1213,83.21723992462735,78.25363581542788,64.63464661425353,9.0,2020.0,High_Mountains,2020-09-01,Monsoon
1439,83.57361125134027,85.70685123740212,41.41925503883126,10.0,2020.0,High_Mountains,2020-10-01,Post-monsoon
1369,70.86392728932016,66.54548859729313,56.99643813489396,11.0,2020.0,High_Mountains,2020-11-01,Post-monsoon
1090,86.9866641592574,86.0199997921221,57.98096287258164,12.0,2020.0,High_Mountains,2020-12-01,Winter
1042,82.90915887763931,86.04193721376087,67.4690563140397,1.0,2021.0,High_Mountains,2021-01-01,Winter
910,82.86877306189974,81.58383243187055,75.21516745913748,2.0,2021.0,High_Mountains,2021-02-01,Winter
886,84.20987160419273,79.81137718907145,81.88566420773924,3.0,2021.0,High_Mountains,2021-03-01,Pre-monsoon
905,99.14627026359784,95.5160792588822,75.44352339553616,4.0,2021.0,High_Mountains,2021-04-01,Pre-monsoon
824,61.4461869860843,58.9590498481285,105.77246444395274,5.0,2021.0,High_Mountains,2021-05-01,Pre-monsoon
981,83.39753863202793,80.10318904592809,92.87967880464406,6.0,2021.0,High_Mountains,2021-06-01,Monsoon
1055,129.7740084272695,117.72179742194258,132.69257717338365,7.0,2021.0,High_Mountains,2021-07-01,Monsoon
1054,68.36156695234614,63.15847806783152,92.71188754371842,8.0,2021.0,High_Mountains,2021-08-01,Monsoon
1244,71.77431940472925,66.750232143292,80.79094434394078,9.0,2021.0,High_Mountains,2021-09-01,Monsoon
1434,73.00716585127127,74.38778689674056,56.772510222122605,10.0,2021.0,High_Mountains,2021-10-01,Post-monsoon
1089,71.41752372907695,70.61734300678522,61.37336212047844,11.0,2021.0,High_Mountains,2021-11-01,Post-monsoon
661,66.13580783147783,65.35972435698291,97.54671375154038,12.0,2021.0,High_Mountains,2021-12-01,Winter
163,61.5283207597622,66.92422751626196,135.77976055969813,1.0,2022.0,High_Mountains,2022-01-01,Winter
159,39.09818319087629,35.466278730294974,115.10187632295015,2.0,2022.0,High_Mountains,2022-02-01,Winter
479,70.3946081224861,72.941056842626,89.67536405975015,3.0,2022.0,High_Mountains,2022-03-01,Pre-monsoon
1255,67.77970281171008,66.83773185744047,68.76885975694042,4.0,2022.0,High_Mountains,2022-04-01,Pre-monsoon
1235,54.60833960921913,51.643834559393696,77.71937195147213,5.0,2022.0,High_Mountains,2022-05-01,Pre-monsoon
1286,120.56900701896664,95.02978891580285,114.31982478552312,6.0,2022.0,High_Mountains,2022-06-01,Monsoon
1364,85.4935381915009,79.99679421404718,85.42819385518204,7.0,2022.0,High_Mountains,2022-07-01,Monsoon
1410,85.55279920416676,81.92195646671617,68.63397976928911,8.0,2022.0,High_Mountains,2022-08-01,Monsoon
1313,69.73487932392432,64.7390709835786,85.37646963724686,9.0,2022.0,High_Mountains,2022-09-01,Monsoon
1277,51.79936983859868,55.41356815885305,88.7485228803141,10.0,2022.0,High_Mountains,2022-10-01,Post-monsoon
1018,65.27852447689838,66.42124259983729,65.63697324959723,11.0,2022.0,High_Mountains,2022-11-01,Post-monsoon
1037,77.88983197613425,72.23267002959828,65.59795311103345,12.0,2022.0,High_Mountains,2022-12-01,Winter
980,75.52104991668048,74.69253668843999,69.07742723626122,1.0,2023.0,High_Mountains,2023-01-01,Winter
733,78.41416852720089,79.9426391247054,88.38570652886166,2.0,2023.0,High_Mountains,2023-02-01,Winter
683,60.85013943294728,59.38401105682405,86.44276630971932,3.0,2023.0,High_Mountains,2023-03-01,Pre-monsoon
744,80.83440744928808,79.59275921927272,89.33356754632325,4.0,2023.0,High_Mountains,2023-04-01,Pre-monsoon
954,80.10154300306047,74.12962835890553,80.11511767422297,5.0,2023.0,High_Mountains,2023-05-01,Pre-monsoon
1381,96.41476266406265,89.21438730826905,79.6008176310825,6.0,2023.0,High_Mountains,2023-06-01,Monsoon
1284,94.90308014993892,85.70972916534826,91.98897474188955,7.0,2023.0,High_Mountains,2023-07-01,Monsoon
1236,81.01456108603716,78.18011135019619,78.42684232166417,8.0,2023.0,High_Mountains,2023-08-01,Monsoon
1390,83.1340781511958,70.4978262558328,74.21246761017821,9.0,2023.0,High_Mountains,2023-09-01,Monsoon
1342,63.842251055289935,63.07533587267432,66.44527705660605,10.0,2023.0,High_Mountains,2023-10-01,Post-monsoon
1081,76.26814187514691,74.31968584324224,73.3979598076476,11.0,2023.0,High_Mountains,2023-11-01,Post-monsoon
564,86.18056603473003,85.99785477138019,96.02029433953751,12.0,2023.0,High_Mountains,2023-12-01,Winter
520,76.48445119365931,78.68905385678323,109.71276594245708,1.0,2024.0,High_Mountains,2024-01-01,Winter
264,75.18758838965537,72.25917867394536,132.9992145537308,2.0,2024.0,High_Mountains,2024-02-01,Winter
565,70.2695915096266,66.84000757746439,97.81333012299773,3.0,2024.0,High_Mountains,2024-03-01,Pre-monsoon
964,98.01148488717024,95.52265627618056,86.87231645667654,4.0,2024.0,High_Mountains,2024-04-01,Pre-monsoon
1343,106.90233752276703,95.48262848703452,95.26427667554954,5.0,2024.0,High_Mountains,2024-05-01,Pre-monsoon
1274,106.50551469875658,103.04997563477518,82.13645412447246,6.0,2024.0,High_Mountains,2024-06-01,Monsoon
1294,78.8826236508017,72.61501365659217,87.2066801469985,7.0,2024.0,High_Mountains,2024-07-01,Monsoon
1328,81.29518746245131,70.73224964701089,85.27950584196537,8.0,2024.0,High_Mountains,2024-08-01,Monsoon
1329,69.86958450439643,70.78142289311091,73.8738602538496,9.0,2024.0,High_Mountains,2024-09-01,Monsoon
1406,75.89134850789101,78.3317139384007,58.60911608956169,10.0,2024.0,High_Mountains,2024-10-01,Post-monsoon
1406,83.4238580900392,81.81836272247054,54.760077810812874,11.0,2024.0,High_Mountains,2024-11-01,Post-monsoon
1353,76.35372183903087,74.49995164387549,56.15849389802763,12.0,2024.0,High_Mountains,2024-12-01,Winter
803,80.3045793008768,81.76671935833438,70.70371327362864,1.0,2025.0,High_Mountains,2025-01-01,Winter
897,83.52013302193515,86.04229549823063,85.76017025554614,2.0,2025.0,High_Mountains,2025-02-01,Winter
673,70.90360466919262,66.58959674254127,85.3834499527458,3.0,2025.0,High_Mountains,2025-03-01,Pre-monsoon
1101,78.66349012094139,74.7916354669231,80.85818562416635,4.0,2025.0,High_Mountains,2025-04-01,Pre-monsoon
1169,70.8316130567191,67.04186590258533,103.16730912798704,5.0,2025.0,High_Mountains,2025-05-01,Pre-monsoon
1323,85.48042229992352,80.27865174283775,93.24174779210234,6.0,2025.0,High_Mountains,2025-06-01,Monsoon
1214,89.92388533820206,85.539691781388,88.50451141705514,7.0,2025.0,High_Mountains,2025-07-01,Monsoon
906,61.18770044987614,55.521930584117314,94.24965886392133,8.0,2025.0,High_Mountains,2025-08-01,Monsoon
1229,85.5466686938514,72.64800006685897,96.26541847171208,9.0,2025.0,High_Mountains,2025-09-01,Monsoon
1360,53.949814401869666,57.71189717081296,71.22955447518984,10.0,2025.0,High_Mountains,2025-10-01,Post-monsoon
1412,72.82071852959405,70.62391272324416,48.59424886256828,11.0,2025.0,High_Mountains,2025-11-01,Post-monsoon
1446,75.49308926297813,69.78481329877368,36.64828283520091,12.0,2025.0,High_Mountains,2025-12-01,Winter
1449,62.17334602984737,55.82317166723458,26.21123933898539,1.0,2026.0,High_Mountains,2026-01-01,Winter
1449,58.75040448722139,53.86045129603596,19.5360055248297,2.0,2026.0,High_Mountains,2026-02-01,Winter
1448,53.88363409782591,50.06224608174715,16.3880635970925,3.0,2026.0,High_Mountains,2026-03-01,Pre-monsoon
1449,58.47035921246429,52.85860522331753,21.970355485298736,4.0,2026.0,High_Mountains,2026-04-01,Pre-monsoon
1449,59.614166142575,56.18048969505266,22.793312758503582,5.0,2026.0,High_Mountains,2026-05-01,Pre-monsoon
1445,70.32140259900406,65.73979192340698,34.649793454042495,6.0,2026.0,High_Mountains,2026-06-01,Monsoon
1252,66.96638107171718,58.96962572954921,54.38736961871559,7.0,2026.0,High_Mountains,2026-07-01,Monsoon
758,56.686491485280186,51.583097370993414,87.86001363096945,8.0,2026.0,High_Mountains,2026-08-01,Monsoon
1518,86.22112278776028,90.66257023265656,47.887972877587245,1.0,2019.0,Middle_Mountains,2019-01-01,Winter
1517,72.2584784338551,74.45327850539714,58.72180376818564,2.0,2019.0,Middle_Mountains,2019-02-01,Winter
1518,73.88133952002752,75.3979287279054,49.778956018364546,3.0,2019.0,Middle_Mountains,2019-03-01,Pre-monsoon
1518,78.45372691051861,81.07740067403279,51.88898404643099,4.0,2019.0,Middle_Mountains,2019-04-01,Pre-monsoon
1518,147.29592410418763,143.08254043085876,70.33439676315422,5.0,2019.0,Middle_Mountains,2019-05-01,Pre-monsoon
1518,130.55376118162064,128.93142120811888,51.8652410573535,6.0,2019.0,Middle_Mountains,2019-06-01,Monsoon
1518,106.40543827854016,103.89793920883209,41.863228214465614,7.0,2019.0,Middle_Mountains,2019-07-01,Monsoon
1518,80.0479596134601,77.32684096692614,43.30789911103168,8.0,2019.0,Middle_Mountains,2019-08-01,Monsoon
1496,70.5672795153999,69.56052398458931,52.57282643590259,9.0,2019.0,Middle_Mountains,2019-09-01,Monsoon
1518,81.69990136941438,81.10660008825243,38.41233757132612,10.0,2019.0,Middle_Mountains,2019-10-01,Post-monsoon
1518,96.06742611706181,96.33316515710253,38.79273143306499,11.0,2019.0,Middle_Mountains,2019-11-01,Post-monsoon
1518,94.97755864276023,96.3901448213364,42.63218820830636,12.0,2019.0,Middle_Mountains,2019-12-01,Winter
1518,62.9175410981654,66.64190956100715,62.85284118703644,1.0,2020.0,Middle_Mountains,2020-01-01,Winter
1518,71.50444402424401,74.48544603482924,50.404840156345394,2.0,2020.0,Middle_Mountains,2020-02-01,Winter
1518,70.28578621639845,74.37140170309696,58.69566367319721,3.0,2020.0,Middle_Mountains,2020-03-01,Pre-monsoon
1517,74.55441296895827,77.17706095164424,60.354414289278296,4.0,2020.0,Middle_Mountains,2020-04-01,Pre-monsoon
1496,82.9318369404943,84.93082413926894,56.732117474250295,5.0,2020.0,Middle_Mountains,2020-05-01,Pre-monsoon
1517,93.15568672198606,89.57165762919884,61.41790047366754,6.0,2020.0,Middle_Mountains,2020-06-01,Monsoon
1508,103.21312764301408,101.29878849090909,59.21510444155228,7.0,2020.0,Middle_Mountains,2020-07-01,Monsoon
1425,79.96666322925095,80.36288928815777,74.94455041957183,8.0,2020.0,Middle_Mountains,2020-08-01,Monsoon
1375,87.96550512978283,85.4434334066583,67.26922335258499,9.0,2020.0,Middle_Mountains,2020-09-01,Monsoon
1518,100.62424442965623,102.0821701908462,34.65146443364449,10.0,2020.0,Middle_Mountains,2020-10-01,Post-monsoon
1518,95.67292266859944,94.24392175476088,35.315377350470165,11.0,2020.0,Middle_Mountains,2020-11-01,Post-monsoon
1511,118.00227402516471,115.46674170352944,37.10262457445419,12.0,2020.0,Middle_Mountains,2020-12-01,Winter
1507,111.74190038207284,111.71662495182052,40.86646979262045,1.0,2021.0,Middle_Mountains,2021-01-01,Winter
1495,104.41772867502254,105.22476587727871,43.889409307439315,2.0,2021.0,Middle_Mountains,2021-02-01,Winter
1476,132.47932617339873,131.6758177250336,60.0068232763567,3.0,2021.0,Middle_Mountains,2021-03-01,Pre-monsoon
1491,176.28244084002108,177.4685223670904,66.70766921392136,4.0,2021.0,Middle_Mountains,2021-04-01,Pre-monsoon
1461,83.01190138887041,86.1073352916487,76.87409836615606,5.0,2021.0,Middle_Mountains,2021-05-01,Pre-monsoon
1304,94.78556423023156,97.37725309445288,75.27200936113026,6.0,2021.0,Middle_Mountains,2021-06-01,Monsoon
1224,118.75337012161127,110.8647350868325,127.06726635391848,7.0,2021.0,Middle_Mountains,2021-07-01,Monsoon
1219,68.10551554459634,66.8269625973062,87.7276665125268,8.0,2021.0,Middle_Mountains,2021-08-01,Monsoon
1434,77.40562886162289,74.1504012925053,78.16304645355427,9.0,2021.0,Middle_Mountains,2021-09-01,Monsoon
1518,80.49823618144042,79.07320206763102,38.934298571693,10.0,2021.0,Middle_Mountains,2021-10-01,Post-monsoon
1508,100.11150943142218,97.33278966732072,39.380635889447404,11.0,2021.0,Middle_Mountains,2021-11-01,Post-monsoon
1485,96.86654500664903,96.25358960050771,45.64755580861448,12.0,2021.0,Middle_Mountains,2021-12-01,Winter
1312,66.67843522122021,66.75398299521495,81.01759360809423,1.0,2022.0,Middle_Mountains,2022-01-01,Winter
1263,66.71801638781935,74.37551485044118,67.12078815409562,2.0,2022.0,Middle_Mountains,2022-02-01,Winter
1437,104.59493666102502,108.79372186046544,52.10366968734507,3.0,2022.0,Middle_Mountains,2022-03-01,Pre-monsoon
1511,130.46206783368487,135.51195616843444,54.722867816943456,4.0,2022.0,Middle_Mountains,2022-04-01,Pre-monsoon
1464,83.14971767035114,90.19219599577056,66.75156625624275,5.0,2022.0,Middle_Mountains,2022-05-01,Pre-monsoon
1357,142.817900522499,139.0909014051796,96.1007159827265,6.0,2022.0,Middle_Mountains,2022-06-01,Monsoon
1471,91.53220829185814,89.9559803834029,80.21885292102598,7.0,2022.0,Middle_Mountains,2022-07-01,Monsoon
1508,90.41209893802163,85.94127033583278,57.16410322421237,8.0,2022.0,Middle_Mountains,2022-08-01,Monsoon
1442,78.7597295987722,77.9919662487933,76.80781618342169,9.0,2022.0,Middle_Mountains,2022-09-01,Monsoon
1518,75.32326825144186,75.35182001326315,40.42264883634817,10.0,2022.0,Middle_Mountains,2022-10-01,Post-monsoon
1513,92.91749871022034,94.44489879346999,34.22032648000407,11.0,2022.0,Middle_Mountains,2022-11-01,Post-monsoon
1512,107.67147010610721,104.79404157770756,44.816435096837644,12.0,2022.0,Middle_Mountains,2022-12-01,Winter
1503,117.13748024901565,117.40342901424222,45.49190336397667,1.0,2023.0,Middle_Mountains,2023-01-01,Winter
1485,106.36564055893807,105.01960333936144,51.21595895758049,2.0,2023.0,Middle_Mountains,2023-02-01,Winter
1457,94.48431357099926,93.441486379379,64.14520629190628,3.0,2023.0,Middle_Mountains,2023-03-01,Pre-monsoon
1488,125.6205642971499,118.12850089094954,72.72746122951288,4.0,2023.0,Middle_Mountains,2023-04-01,Pre-monsoon
1500,112.11622980137416,115.66621161833685,59.8827133098465,5.0,2023.0,Middle_Mountains,2023-05-01,Pre-monsoon
1518,127.29184958132177,125.0036816336385,63.56344144592081,6.0,2023.0,Middle_Mountains,2023-06-01,Monsoon
1427,92.12731937569072,85.51615505463144,93.9792634625162,7.0,2023.0,Middle_Mountains,2023-07-01,Monsoon
1341,86.09473576113777,85.99901812048373,76.03533658497372,8.0,2023.0,Middle_Mountains,2023-08-01,Monsoon
1511,92.39554047201572,89.62433056699,59.54462530223959,9.0,2023.0,Middle_Mountains,2023-09-01,Monsoon
1511,71.85870241963534,71.57814518717586,49.84631373722869,10.0,2023.0,Middle_Mountains,2023-10-01,Post-monsoon
1512,97.78085728352025,96.2517510299786,38.862970278921225,11.0,2023.0,Middle_Mountains,2023-11-01,Post-monsoon
1457,110.96041344889096,108.6705878384923,49.98931800309474,12.0,2023.0,Middle_Mountains,2023-12-01,Winter
1434,99.32507132392136,101.30531354109752,57.18190344415408,1.0,2024.0,Middle_Mountains,2024-01-01,Winter
1384,106.98245105358458,102.97280171041724,65.31194477193033,2.0,2024.0,Middle_Mountains,2024-02-01,Winter
1464,113.08144787889674,116.19873281580453,62.67539832600408,3.0,2024.0,Middle_Mountains,2024-03-01,Pre-monsoon
1498,198.6473505776219,204.04672522930852,76.24452904346379,4.0,2024.0,Middle_Mountains,2024-04-01,Pre-monsoon
1513,182.13812844847968,184.7738255314521,73.14525509336069,5.0,2024.0,Middle_Mountains,2024-05-01,Pre-monsoon
1393,156.3781298120294,162.0977799127016,80.11514261427573,6.0,2024.0,Middle_Mountains,2024-06-01,Monsoon
1407,92.28137755307948,87.68782334209354,83.54211970034503,7.0,2024.0,Middle_Mountains,2024-07-01,Monsoon
1511,80.58627399616948,78.13792198832745,67.22537212437305,8.0,2024.0,Middle_Mountains,2024-08-01,Monsoon
1512,92.12670586691864,94.31275409662372,54.83413149742231,9.0,2024.0,Middle_Mountains,2024-09-01,Monsoon
1518,87.49956825806227,88.53833713252516,49.52884396111604,10.0,2024.0,Middle_Mountains,2024-10-01,Post-monsoon
1514,99.2561818579592,96.47200421997849,46.743564028118236,11.0,2024.0,Middle_Mountains,2024-11-01,Post-monsoon
1508,114.4774757071048,115.36908561519492,40.21368060364608,12.0,2024.0,Middle_Mountains,2024-12-01,Winter
1492,113.81134151438654,113.4589483021496,46.72940419301027,1.0,2025.0,Middle_Mountains,2025-01-01,Winter
1485,106.50976212813354,105.69149750741589,47.606036780466034,2.0,2025.0,Middle_Mountains,2025-02-01,Winter
1465,108.86812548597624,108.61433287830836,56.67778784602386,3.0,2025.0,Middle_Mountains,2025-03-01,Pre-monsoon
1496,148.03526341675314,146.26763506648555,58.74111499450941,4.0,2025.0,Middle_Mountains,2025-04-01,Pre-monsoon
1391,105.43459302308644,110.9535777797212,97.06976221042214,5.0,2025.0,Middle_Mountains,2025-05-01,Pre-monsoon
1478,105.65187835519401,104.87470109953573,87.68608801759409,6.0,2025.0,Middle_Mountains,2025-06-01,Monsoon
1368,95.29295175904721,95.15006665169885,88.48632172734456,7.0,2025.0,Middle_Mountains,2025-07-01,Monsoon
1100,67.15762281841909,66.99916621451071,95.12226936406768,8.0,2025.0,Middle_Mountains,2025-08-01,Monsoon
1441,94.5355153695446,93.53243399898172,79.3742066094528,9.0,2025.0,Middle_Mountains,2025-09-01,Monsoon
1518,86.28336429458315,89.4678325220664,46.61398899283281,10.0,2025.0,Middle_Mountains,2025-10-01,Post-monsoon
1513,113.39400754343954,115.36181908502401,43.2269804749821,11.0,2025.0,Middle_Mountains,2025-11-01,Post-monsoon
1515,128.20166801007431,128.62346986822263,38.63214317787985,12.0,2025.0,Middle_Mountains,2025-12-01,Winter
1518,102.59640076271086,102.50252884996375,34.21015477007811,1.0,2026.0,Middle_Mountains,2026-01-01,Winter
1518,87.33284483578836,84.93175952701944,36.741609659513685,2.0,2026.0,Middle_Mountains,2026-02-01,Winter
1516,74.10607806329621,71.58155911290167,40.034476753924054,3.0,2026.0,Middle_Mountains,2026-03-01,Pre-monsoon
1518,122.3771621491572,119.12410249287262,61.28203341774267,4.0,2026.0,Middle_Mountains,2026-04-01,Pre-monsoon
1517,92.55896928680664,89.64111755076152,55.25963695548988,5.0,2026.0,Middle_Mountains,2026-05-01,Pre-monsoon
1517,109.22339641404967,109.46573099571488,53.165402592957726,6.0,2026.0,Middle_Mountains,2026-06-01,Monsoon
1371,83.89084619581102,82.12444842106686,66.02621188439487,7.0,2026.0,Middle_Mountains,2026-07-01,Monsoon
415,70.29660676692149,70.70704025979762,88.57659431005334,8.0,2026.0,Middle_Mountains,2026-08-01,Monsoon
2100,136.11994963975187,136.3447415537817,38.52291360253237,1.0,2019.0,Siwalik,2019-01-01,Winter
2100,123.56442277947929,125.05133168122963,42.141058825487754,2.0,2019.0,Siwalik,2019-02-01,Winter
2100,133.4833406630579,130.74799789056246,42.40016431618524,3.0,2019.0,Siwalik,2019-03-01,Pre-monsoon
2100,145.56814689541403,143.91101118483246,48.202986441723006,4.0,2019.0,Siwalik,2019-04-01,Pre-monsoon
2100,244.0588193737352,235.48454767833223,71.73561388737636,5.0,2019.0,Siwalik,2019-05-01,Pre-monsoon
2100,191.72032186875552,191.5817733241793,53.28327238182062,6.0,2019.0,Siwalik,2019-06-01,Monsoon
2100,136.9485318925463,138.2384348096221,33.917172627347625,7.0,2019.0,Siwalik,2019-07-01,Monsoon
2100,112.88975856466988,113.63227958406912,33.22064843139121,8.0,2019.0,Siwalik,2019-08-01,Monsoon
2100,95.91028631440034,96.30854892134843,37.401062942022634,9.0,2019.0,Siwalik,2019-09-01,Monsoon
2100,102.00167447889325,102.47864456670874,32.49779095675712,10.0,2019.0,Siwalik,2019-10-01,Post-monsoon
2100,125.99212929131372,125.40082390313188,35.89464242516389,11.0,2019.0,Siwalik,2019-11-01,Post-monsoon
2100,128.995085411999,126.87096410785156,35.42455062311529,12.0,2019.0,Siwalik,2019-12-01,Winter
2100,105.29774046731497,105.75900349481124,39.86432792386474,1.0,2020.0,Siwalik,2020-01-01,Winter
2100,112.55455771044348,113.45919904015601,36.15956888110097,2.0,2020.0,Siwalik,2020-02-01,Winter
2100,117.63500237508029,119.17115398862762,37.00674057816048,3.0,2020.0,Siwalik,2020-03-01,Pre-monsoon
2100,153.00478249239345,155.42469758148766,48.835839088400924,4.0,2020.0,Siwalik,2020-04-01,Pre-monsoon
2100,139.4203755748071,140.16459389102448,45.02922070820238,5.0,2020.0,Siwalik,2020-05-01,Pre-monsoon
2100,135.38928049522272,134.45060414607406,42.85650189549586,6.0,2020.0,Siwalik,2020-06-01,Monsoon
2097,131.14717375859937,128.93260117925163,45.6144158250878,7.0,2020.0,Siwalik,2020-07-01,Monsoon
2099,99.66247157714687,100.00874402221932,43.200518112817335,8.0,2020.0,Siwalik,2020-08-01,Monsoon
2099,118.61526783141014,119.37889801620622,46.95298486092008,9.0,2020.0,Siwalik,2020-09-01,Monsoon
2100,128.26548890668136,128.2789559460981,30.424903094346213,10.0,2020.0,Siwalik,2020-10-01,Post-monsoon
2100,129.15240309924516,126.77696165063143,34.442715774002934,11.0,2020.0,Siwalik,2020-11-01,Post-monsoon
2100,139.50449695234093,138.20390490570693,35.23953011352661,12.0,2020.0,Siwalik,2020-12-01,Winter
2100,134.41359256827025,133.0456441552766,34.30523445641049,1.0,2021.0,Siwalik,2021-01-01,Winter
2100,146.0779617099275,146.32699778521047,35.564228413946886,2.0,2021.0,Siwalik,2021-02-01,Winter
2100,214.34431800631378,214.39388786052908,48.775146589261105,3.0,2021.0,Siwalik,2021-03-01,Pre-monsoon
2100,261.32935718372005,260.48126629026046,54.332553223891416,4.0,2021.0,Siwalik,2021-04-01,Pre-monsoon
2100,137.37085144452465,138.14453144075867,47.35621599510757,5.0,2021.0,Siwalik,2021-05-01,Pre-monsoon
2061,141.51639969203538,143.01815165456003,53.83876624621248,6.0,2021.0,Siwalik,2021-06-01,Monsoon
2074,124.9063201379309,123.92121488203657,77.57104625759169,7.0,2021.0,Siwalik,2021-07-01,Monsoon
2076,100.25472657068495,100.1260027953668,50.72603785850475,8.0,2021.0,Siwalik,2021-08-01,Monsoon
2100,103.94815965440344,103.86565212215046,39.48841213833324,9.0,2021.0,Siwalik,2021-09-01,Monsoon
2100,108.03053812621835,108.33836686245029,30.200416921904267,10.0,2021.0,Siwalik,2021-10-01,Post-monsoon
2100,124.08523132501298,123.53767078809022,35.67610324665377,11.0,2021.0,Siwalik,2021-11-01,Post-monsoon
2100,126.81628474491691,126.79105277785783,38.05563605830183,12.0,2021.0,Siwalik,2021-12-01,Winter
2100,101.59438607542154,101.94137298331144,44.69477174614406,1.0,2022.0,Siwalik,2022-01-01,Winter
2097,96.74734883755588,98.39774805617262,37.88063135255156,2.0,2022.0,Siwalik,2022-02-01,Winter
2100,164.67371553142814,164.98596835727147,39.3107110494136,3.0,2022.0,Siwalik,2022-03-01,Pre-monsoon
2100,202.4321201975365,199.5614919672142,47.04926808485604,4.0,2022.0,Siwalik,2022-04-01,Pre-monsoon
2100,151.50989589693557,151.54698192506496,47.86034725594188,5.0,2022.0,Siwalik,2022-05-01,Pre-monsoon
2083,187.83552699890723,189.04005256770944,63.43632118343188,6.0,2022.0,Siwalik,2022-06-01,Monsoon
2099,118.88091476435311,120.87619414980877,41.537391834772976,7.0,2022.0,Siwalik,2022-07-01,Monsoon
2096,118.84117355848096,120.13599961297895,40.42569727033171,8.0,2022.0,Siwalik,2022-08-01,Monsoon
2098,115.58980056409699,116.26499295632858,45.075374737144685,9.0,2022.0,Siwalik,2022-09-01,Monsoon
2100,106.15949599151833,105.93794487975896,31.996544342834632,10.0,2022.0,Siwalik,2022-10-01,Post-monsoon
2100,128.0688294260118,127.3444024428217,34.31194423866453,11.0,2022.0,Siwalik,2022-11-01,Post-monsoon
2100,141.2173235128894,142.0876707812516,38.12343112430257,12.0,2022.0,Siwalik,2022-12-01,Winter
2100,148.99095832512856,149.67418871487263,41.41206478204837,1.0,2023.0,Siwalik,2023-01-01,Winter
2100,153.54869052656252,155.35114603710323,41.25956620663404,2.0,2023.0,Siwalik,2023-02-01,Winter
2100,173.89587419879274,170.6250754433545,55.022721504210814,3.0,2023.0,Siwalik,2023-03-01,Pre-monsoon
2100,231.30495295383648,230.67467773053698,67.18383741209018,4.0,2023.0,Siwalik,2023-04-01,Pre-monsoon
2100,193.83300942816402,195.4717088730424,44.92724836584999,5.0,2023.0,Siwalik,2023-05-01,Pre-monsoon
2100,202.49170000959137,203.15383979177923,48.697606891819746,6.0,2023.0,Siwalik,2023-06-01,Monsoon
2094,118.5023819229543,120.01159735086824,47.109861171572206,7.0,2023.0,Siwalik,2023-07-01,Monsoon
2089,119.74397981995303,123.78121037715043,47.739439505955374,8.0,2023.0,Siwalik,2023-08-01,Monsoon
2100,132.92346352280748,130.7328125213281,38.92334879045569,9.0,2023.0,Siwalik,2023-09-01,Monsoon
2100,108.2569026234564,107.64686898168404,34.95282793320086,10.0,2023.0,Siwalik,2023-10-01,Post-monsoon
2100,126.83016944586018,124.93176674159886,35.48267927215763,11.0,2023.0,Siwalik,2023-11-01,Post-monsoon
2100,150.24735403896324,151.75851077899497,42.72645190444832,12.0,2023.0,Siwalik,2023-12-01,Winter
2100,137.615437625295,138.2391667301292,39.964631540252455,1.0,2024.0,Siwalik,2024-01-01,Winter
2100,145.66055854954843,145.89264938140386,41.364136053326725,2.0,2024.0,Siwalik,2024-02-01,Winter
2100,168.4712850247019,166.99862229951628,43.53826763903608,3.0,2024.0,Siwalik,2024-03-01,Pre-monsoon
2100,306.0928898416328,304.10756174000875,51.87045359639167,4.0,2024.0,Siwalik,2024-04-01,Pre-monsoon
2100,244.0825251854387,246.99579491177747,45.43165072911239,5.0,2024.0,Siwalik,2024-05-01,Pre-monsoon
2086,222.455629481535,223.36643864546144,62.676410959036,6.0,2024.0,Siwalik,2024-06-01,Monsoon
2095,115.3295299219113,117.33993090329305,45.27874964434599,7.0,2024.0,Siwalik,2024-07-01,Monsoon
2100,108.98229471838033,109.60349795808162,38.13739949456524,8.0,2024.0,Siwalik,2024-08-01,Monsoon
2100,131.1615836163653,130.6195867636882,37.075306431990754,9.0,2024.0,Siwalik,2024-09-01,Monsoon
2100,125.50991471879557,126.79256026189789,39.785378906507695,10.0,2024.0,Siwalik,2024-10-01,Post-monsoon
2100,130.1469871432712,130.6461642379831,44.30761680431681,11.0,2024.0,Siwalik,2024-11-01,Post-monsoon
2100,145.53118707705764,145.9558293444569,39.54121272965592,12.0,2024.0,Siwalik,2024-12-01,Winter
2100,147.74486449171656,145.7160823394792,38.343896660217226,1.0,2025.0,Siwalik,2025-01-01,Winter
2100,150.51218200886598,151.77038255811976,45.0844250882647,2.0,2025.0,Siwalik,2025-02-01,Winter
2100,172.73409647081704,172.6892779835451,47.72050853386221,3.0,2025.0,Siwalik,2025-03-01,Pre-monsoon
2100,218.3957809742122,220.28335733976348,44.11084600545221,4.0,2025.0,Siwalik,2025-04-01,Pre-monsoon
2097,176.17800824311217,178.33279476005157,50.39088082248281,5.0,2025.0,Siwalik,2025-05-01,Pre-monsoon
2094,157.93399861177627,158.27814016268084,56.1262840878255,6.0,2025.0,Siwalik,2025-06-01,Monsoon
2098,126.1944274906169,128.65423176560475,47.16110344826133,7.0,2025.0,Siwalik,2025-07-01,Monsoon
2026,107.77173470830236,104.83413291803852,63.85612301431513,8.0,2025.0,Siwalik,2025-08-01,Monsoon
2100,128.72338421677387,131.78600318389283,51.260491487576004,9.0,2025.0,Siwalik,2025-09-01,Monsoon
2100,125.78317170455138,124.81523984202218,35.01583381253263,10.0,2025.0,Siwalik,2025-10-01,Post-monsoon
2100,146.43014425035338,145.97263347093673,38.149659199083345,11.0,2025.0,Siwalik,2025-11-01,Post-monsoon
2100,147.81028672774798,147.85782273066067,34.98011642306282,12.0,2025.0,Siwalik,2025-12-01,Winter
2100,127.97622877092137,128.21701874170762,33.397247655731306,1.0,2026.0,Siwalik,2026-01-01,Winter
2100,128.4809804466303,128.71521594996526,35.6073743006773,2.0,2026.0,Siwalik,2026-02-01,Winter
2100,120.83084633699521,121.06107066252456,39.570361218074936,3.0,2026.0,Siwalik,2026-03-01,Pre-monsoon
2100,206.57346403360745,206.757573882384,62.467728218517045,4.0,2026.0,Siwalik,2026-04-01,Pre-monsoon
2100,147.74837134321317,144.03595629641197,51.581788570395155,5.0,2026.0,Siwalik,2026-05-01,Pre-monsoon
2100,187.8711568376476,187.9553008571851,48.28934151927041,6.0,2026.0,Siwalik,2026-06-01,Monsoon
2097,107.55006950836233,108.73739231869176,42.81037091715531,7.0,2026.0,Siwalik,2026-07-01,Monsoon
1265,84.20527369407299,81.7390541555785,83.44881932156815,8.0,2026.0,Siwalik,2026-08-01,Monsoon
1293,187.845002082936,187.22064685292466,35.27743935135487,1.0,2019.0,Terai,2019-01-01,Winter
1293,167.84109832290156,167.33680374995072,36.64513731748438,2.0,2019.0,Terai,2019-02-01,Winter
1293,194.9885742883912,196.87402030742888,30.519285791332152,3.0,2019.0,Terai,2019-03-01,Pre-monsoon
1293,211.69608653550813,209.2877758614137,33.77981263470691,4.0,2019.0,Terai,2019-04-01,Pre-monsoon
1293,292.7331953668195,294.6304153613966,49.02484617666608,5.0,2019.0,Terai,2019-05-01,Pre-monsoon
1293,247.80930918148968,250.758376457659,43.85729941894259,6.0,2019.0,Terai,2019-06-01,Monsoon
1293,175.37353059281955,175.80526508415954,28.615169032126094,7.0,2019.0,Terai,2019-07-01,Monsoon
1293,142.01641844802174,141.66570695732796,23.282910117287418,8.0,2019.0,Terai,2019-08-01,Monsoon
1293,123.62883405251534,122.4186345622461,27.474029652580832,9.0,2019.0,Terai,2019-09-01,Monsoon
1293,136.18836348382803,135.92472783787537,24.74614484434553,10.0,2019.0,Terai,2019-10-01,Post-monsoon
1293,190.29337803167468,187.53398954111915,36.06613559124377,11.0,2019.0,Terai,2019-11-01,Post-monsoon
1293,166.60460406064416,165.4069295172145,35.78831819269385,12.0,2019.0,Terai,2019-12-01,Winter
1293,128.06577555930622,129.21033951247435,35.70900756435179,1.0,2020.0,Terai,2020-01-01,Winter
1293,150.85109793892946,148.33758483528436,30.356820616125024,2.0,2020.0,Terai,2020-02-01,Winter
1293,164.4195595441231,164.5035911750588,32.647646590818496,3.0,2020.0,Terai,2020-03-01,Pre-monsoon
1293,199.2441079390468,198.78974602823988,30.18992945616044,4.0,2020.0,Terai,2020-04-01,Pre-monsoon
1293,195.7667655084693,195.35309158099864,38.755885735216815,5.0,2020.0,Terai,2020-05-01,Pre-monsoon
1293,179.8965423897681,178.95166151977904,35.74043124696143,6.0,2020.0,Terai,2020-06-01,Monsoon
1293,162.969483761299,164.90201991606565,33.73100150293534,7.0,2020.0,Terai,2020-07-01,Monsoon
1293,129.31321461276463,128.22956636920964,26.190159168895963,8.0,2020.0,Terai,2020-08-01,Monsoon
1293,156.05940902271598,155.79653666383925,30.15543942603825,9.0,2020.0,Terai,2020-09-01,Monsoon
1293,176.13838690827856,175.94576017562827,28.144169976651476,10.0,2020.0,Terai,2020-10-01,Post-monsoon
1293,194.40566493332545,194.08771861865665,35.32063618631265,11.0,2020.0,Terai,2020-11-01,Post-monsoon
1293,185.8661651901649,185.9166049495049,33.58057986628934,12.0,2020.0,Terai,2020-12-01,Winter
1293,152.4147250212974,152.29351739574693,32.703843013238874,1.0,2021.0,Terai,2021-01-01,Winter
1293,192.70147354212898,191.145673054718,27.720511794473477,2.0,2021.0,Terai,2021-02-01,Winter
1293,247.45206130001526,245.51492898552686,30.772968730058825,3.0,2021.0,Terai,2021-03-01,Pre-monsoon
1293,277.2140946723739,272.27895634503216,38.33225701125705,4.0,2021.0,Terai,2021-04-01,Pre-monsoon
1293,202.5034591956668,202.5461770472919,34.466795392542956,5.0,2021.0,Terai,2021-05-01,Pre-monsoon
1293,196.58775176128114,197.60176362724144,38.82767442583753,6.0,2021.0,Terai,2021-06-01,Monsoon
1293,160.44940392279642,159.3127533355167,45.22755606955973,7.0,2021.0,Terai,2021-07-01,Monsoon
1293,137.85598202391992,137.8883361995954,30.38931562579003,8.0,2021.0,Terai,2021-08-01,Monsoon
1293,140.5067765326232,139.8592474983725,28.631770782677158,9.0,2021.0,Terai,2021-09-01,Monsoon
1293,146.45471564799755,144.54568179627208,28.4148988156688,10.0,2021.0,Terai,2021-10-01,Post-monsoon
1293,194.06947772431758,191.34391834867924,37.993514854258535,11.0,2021.0,Terai,2021-11-01,Post-monsoon
1293,169.98357716314231,170.56824756699416,39.41265539271,12.0,2021.0,Terai,2021-12-01,Winter
1293,132.17022999609983,132.58678410605364,40.02114468438366,1.0,2022.0,Terai,2022-01-01,Winter
1293,138.05936612765728,135.87577044153167,29.25723705287631,2.0,2022.0,Terai,2022-02-01,Winter
1293,213.94826046013424,213.09472333661472,26.68449107637944,3.0,2022.0,Terai,2022-03-01,Pre-monsoon
1293,246.97926906657315,247.4953022943178,31.414538782747748,4.0,2022.0,Terai,2022-04-01,Pre-monsoon
1293,210.550267910296,211.19404880180093,31.717558703326937,5.0,2022.0,Terai,2022-05-01,Pre-monsoon
1293,255.16305211541723,260.46327908989554,45.007332063027825,6.0,2022.0,Terai,2022-06-01,Monsoon
1293,168.24910010584836,167.33714643034554,25.492402292129828,7.0,2022.0,Terai,2022-07-01,Monsoon
1293,157.04181148816934,157.8063180677438,25.616089085725413,8.0,2022.0,Terai,2022-08-01,Monsoon
1293,156.68266627892376,155.94143707209471,30.329398890082896,9.0,2022.0,Terai,2022-09-01,Monsoon
1293,148.57734592978434,148.36373580610356,27.660281293630568,10.0,2022.0,Terai,2022-10-01,Post-monsoon
1293,204.75349411911628,201.19243018696463,39.98554862234387,11.0,2022.0,Terai,2022-11-01,Post-monsoon
1293,200.29883694308148,199.28503148876217,41.73997355435894,12.0,2022.0,Terai,2022-12-01,Winter
1293,185.2190102991404,184.01970454805848,43.21366410396668,1.0,2023.0,Terai,2023-01-01,Winter
1293,195.90071874198173,196.10658867143596,30.655969133119815,2.0,2023.0,Terai,2023-02-01,Winter
1293,222.86132688286008,224.2302923404751,38.504621619116655,3.0,2023.0,Terai,2023-03-01,Pre-monsoon
1293,261.6652828866266,264.24569361976063,50.3574037727182,4.0,2023.0,Terai,2023-04-01,Pre-monsoon
1293,239.19956710789285,239.90123438100252,29.207908872290957,5.0,2023.0,Terai,2023-05-01,Pre-monsoon
1293,251.6392885352409,252.29093330344529,32.77964813873257,6.0,2023.0,Terai,2023-06-01,Monsoon
1293,166.2682824106549,167.39956376545115,30.81611176819528,7.0,2023.0,Terai,2023-07-01,Monsoon
1293,160.78837031410575,160.63673398861982,31.224499238966008,8.0,2023.0,Terai,2023-08-01,Monsoon
1293,170.98972752843196,170.17366496188882,30.77406360103885,9.0,2023.0,Terai,2023-09-01,Monsoon
1293,155.44739874951068,154.9900396560405,29.208176072555446,10.0,2023.0,Terai,2023-10-01,Post-monsoon
1293,197.96097566537736,195.52377500592522,38.180940277787414,11.0,2023.0,Terai,2023-11-01,Post-monsoon
1293,216.29532216381372,214.678055271838,41.89134843516213,12.0,2023.0,Terai,2023-12-01,Winter
1293,159.59505374529652,157.32551280759054,41.136577128621894,1.0,2024.0,Terai,2024-01-01,Winter
1293,187.52391072072288,186.09377404983172,39.2146596323652,2.0,2024.0,Terai,2024-02-01,Winter
1293,208.56942622576184,207.41330074730092,35.410731449378915,3.0,2024.0,Terai,2024-03-01,Pre-monsoon
1293,300.8828803277172,300.31725264507907,40.56465219308376,4.0,2024.0,Terai,2024-04-01,Pre-monsoon
1293,284.60213386918946,284.70154274068835,32.29243454485524,5.0,2024.0,Terai,2024-05-01,Pre-monsoon
1293,288.0682265615525,288.94868357897883,46.92000911583315,6.0,2024.0,Terai,2024-06-01,Monsoon
1293,160.95762637646862,162.78322196368282,33.13552034856687,7.0,2024.0,Terai,2024-07-01,Monsoon
1293,141.21618037788875,141.68974074239478,25.78253583301435,8.0,2024.0,Terai,2024-08-01,Monsoon
1293,166.34082234189208,166.42653064509503,28.826633878310005,9.0,2024.0,Terai,2024-09-01,Monsoon
1293,174.01294785677828,173.07136995808617,34.58077862210869,10.0,2024.0,Terai,2024-10-01,Post-monsoon
1293,211.87387685604747,208.56899778602175,37.12133775419566,11.0,2024.0,Terai,2024-11-01,Post-monsoon
1293,205.37194042233241,206.93383057137902,41.88637191713272,12.0,2024.0,Terai,2024-12-01,Winter
1293,178.47186013349832,178.1068785224832,39.02308430620272,1.0,2025.0,Terai,2025-01-01,Winter
1293,202.85563780319455,204.9987850151629,37.96599977974194,2.0,2025.0,Terai,2025-02-01,Winter
1293,229.67893783267527,230.3718690124992,33.79085807072304,3.0,2025.0,Terai,2025-03-01,Pre-monsoon
1293,246.21903302616545,244.66509051270148,29.70950381116796,4.0,2025.0,Terai,2025-04-01,Pre-monsoon
1293,234.7822409430832,237.38391519977444,36.07494596609669,5.0,2025.0,Terai,2025-05-01,Pre-monsoon
1293,221.1969698179012,222.0605873346886,37.22313945774321,6.0,2025.0,Terai,2025-06-01,Monsoon
1293,165.2651498828449,166.4446295738404,28.757866090107164,7.0,2025.0,Terai,2025-07-01,Monsoon
1293,135.94763950697447,138.1884897103278,32.60795070674417,8.0,2025.0,Terai,2025-08-01,Monsoon
1293,167.51599587962116,167.28665670524623,30.500411745814265,9.0,2025.0,Terai,2025-09-01,Monsoon
1293,166.43078433791092,167.28490861066075,29.19021027395956,10.0,2025.0,Terai,2025-10-01,Post-monsoon
1293,214.2267262995433,212.56394509491204,43.20478140607532,11.0,2025.0,Terai,2025-11-01,Post-monsoon
1293,190.0750142714233,190.38001953520504,35.576783359917826,12.0,2025.0,Terai,2025-12-01,Winter
1293,154.86464917019603,155.01675568553503,31.663693213567534,1.0,2026.0,Terai,2026-01-01,Winter
1293,177.3487915653259,177.79421296126918,26.740944074405775,2.0,2026.0,Terai,2026-02-01,Winter
1293,182.02376472561792,182.6922544420836,28.6247914875863,3.0,2026.0,Terai,2026-03-01,Pre-monsoon
1293,253.56153606666953,253.13176924512564,37.53906077299707,4.0,2026.0,Terai,2026-04-01,Pre-monsoon
1293,213.42706265815875,208.8135172574589,40.723136776274,5.0,2026.0,Terai,2026-05-01,Pre-monsoon
1293,264.523076894562,267.48038051469,39.106536836331564,6.0,2026.0,Terai,2026-06-01,Monsoon
1293,158.48558879332487,158.6570307985633,30.35016732456876,7.0,2026.0,Terai,2026-07-01,Monsoon
1178,145.41576828489434,143.2312815799077,77.74073107372459,8.0,2026.0,Terai,2026-08-01,Monsoon
