NO2_count,NO2_mean,NO2_median,NO2_stdDev,month,year,zone,date,season
690,6.885915268677969,6.948753534896164,1.8531000327348095,1.0,2019.0,High_Himal,2019-01-01,Winter
558,7.393048729558966,7.317187721273916,2.2498706273556026,2.0,2019.0,High_Himal,2019-02-01,Winter
538,7.449793050699803,7.65889853714253,2.1181908209595717,3.0,2019.0,High_Himal,2019-03-01,Pre-monsoon
665,9.319908532751823,9.325477783993064,1.894034147060851,4.0,2019.0,High_Himal,2019-04-01,Pre-monsoon
684,9.672121857803331,9.478586838057813,2.0733543118037066,5.0,2019.0,High_Himal,2019-05-01,Pre-monsoon
683,9.071515567692355,9.004374246632581,2.846574014890669,6.0,2019.0,High_Himal,2019-06-01,Monsoon
628,10.553748871523332,10.67701668293433,3.3111563561356925,7.0,2019.0,High_Himal,2019-07-01,Monsoon
607,9.3414632097131,9.148640335903364,3.633471280754807,8.0,2019.0,High_Himal,2019-08-01,Monsoon
664,8.747633468516247,8.64398387788502,2.804739858472109,9.0,2019.0,High_Himal,2019-09-01,Monsoon
690,8.508593869246278,8.528244755093775,2.619294425965001,10.0,2019.0,High_Himal,2019-10-01,Post-monsoon
689,6.552648497090224,6.370288389061266,2.354485368344774,11.0,2019.0,High_Himal,2019-11-01,Post-monsoon
685,5.131583690157941,4.938260841422889,1.8961649633157676,12.0,2019.0,High_Himal,2019-12-01,Winter
631,6.086658144995633,6.358460871327401,2.3336914155694846,1.0,2020.0,High_Himal,2020-01-01,Winter
639,7.660699675872903,7.6595257889323145,1.98934484733906,2.0,2020.0,High_Himal,2020-02-01,Winter
575,9.079409395161642,9.138499814854274,2.1865017777292066,3.0,2020.0,High_Himal,2020-03-01,Pre-monsoon
647,8.329093946963642,8.259533204121505,1.9374662385973223,4.0,2020.0,High_Himal,2020-04-01,Pre-monsoon
683,8.7508881411828,8.83831272431241,2.0970306313412146,5.0,2020.0,High_Himal,2020-05-01,Pre-monsoon
674,10.506370194494458,10.542540339159416,3.0136800200053084,6.0,2020.0,High_Himal,2020-06-01,Monsoon
639,10.295048311982086,10.082313774502504,3.276669563654045,7.0,2020.0,High_Himal,2020-07-01,Monsoon
675,8.989655619809266,8.872814194332147,3.0284120327694772,8.0,2020.0,High_Himal,2020-08-01,Monsoon
679,9.794299466397156,9.721887595085951,2.789779419156563,9.0,2020.0,High_Himal,2020-09-01,Monsoon
690,8.458411367689678,8.265325120378888,2.7180240258499904,10.0,2020.0,High_Himal,2020-10-01,Post-monsoon
690,6.109603572363173,5.927836583944165,2.2530559267287282,11.0,2020.0,High_Himal,2020-11-01,Post-monsoon
690,6.091092638615178,6.009723519151897,2.478081319518683,12.0,2020.0,High_Himal,2020-12-01,Winter
690,7.162814805947742,7.2140841477172435,2.356925867633787,1.0,2021.0,High_Himal,2021-01-01,Winter
690,8.227014525865851,8.302566748343411,2.4312068746239826,2.0,2021.0,High_Himal,2021-02-01,Winter
686,9.489159854056005,9.358815937422484,2.4457356248701934,3.0,2021.0,High_Himal,2021-03-01,Pre-monsoon
682,7.733150328770316,8.078373017752302,3.0237601289685787,4.0,2021.0,High_Himal,2021-04-01,Pre-monsoon
678,6.83143405927379,7.226476582780109,3.0536752093696955,5.0,2021.0,High_Himal,2021-05-01,Pre-monsoon
666,7.979733229407382,8.299341588365285,3.471320647209296,6.0,2021.0,High_Himal,2021-06-01,Monsoon
625,10.81431947423945,10.432488822779655,2.85472581406751,7.0,2021.0,High_Himal,2021-07-01,Monsoon
614,7.735902112572877,7.68456033532837,2.924204118357893,8.0,2021.0,High_Himal,2021-08-01,Monsoon
663,8.109102259576698,8.052511878050307,2.9562918521468493,9.0,2021.0,High_Himal,2021-09-01,Monsoon
685,8.68755895152719,8.383834882392394,2.792465440185478,10.0,2021.0,High_Himal,2021-10-01,Post-monsoon
687,4.81738730962162,4.834937723752465,2.4891866289991276,11.0,2021.0,High_Himal,2021-11-01,Post-monsoon
669,5.304321571041997,5.148188133864251,2.007443716162921,12.0,2021.0,High_Himal,2021-12-01,Winter
620,4.800868077864377,5.037980450240403,1.9850322133842344,1.0,2022.0,High_Himal,2022-01-01,Winter
625,7.074793513690602,7.197585388032387,1.8870678831111414,2.0,2022.0,High_Himal,2022-02-01,Winter
688,9.871239455108082,9.858657907885567,2.04878593558802,3.0,2022.0,High_Himal,2022-03-01,Pre-monsoon
688,9.827284896121029,10.058192081508631,2.9094917607714765,4.0,2022.0,High_Himal,2022-04-01,Pre-monsoon
673,5.789621111655046,5.588506515341348,2.861452158168888,5.0,2022.0,High_Himal,2022-05-01,Pre-monsoon
648,8.863659629677215,8.434751240054716,3.2060868147515094,6.0,2022.0,High_Himal,2022-06-01,Monsoon
630,11.170479000380771,11.071803347956761,3.7473654982601103,7.0,2022.0,High_Himal,2022-07-01,Monsoon
621,10.049076317205298,10.127778594959604,4.145270168740901,8.0,2022.0,High_Himal,2022-08-01,Monsoon
562,9.078815376479069,8.684461646576406,4.020320810461072,9.0,2022.0,High_Himal,2022-09-01,Monsoon
492,7.43306096106424,7.456858311503185,4.313336044020642,10.0,2022.0,High_Himal,2022-10-01,Post-monsoon
591,6.649553311504088,6.736986387636156,3.5482809168048566,11.0,2022.0,High_Himal,2022-11-01,Post-monsoon
673,8.073827853127899,7.921483453239202,3.125826919875841,12.0,2022.0,High_Himal,2022-12-01,Winter
679,7.780639013370096,7.799838244208241,2.955490847188989,1.0,2023.0,High_Himal,2023-01-01,Winter
678,8.62392268959995,8.5182898023143,2.900333239642913,2.0,2023.0,High_Himal,2023-02-01,Winter
612,10.840261725434697,11.13121029804321,4.1012471390055945,3.0,2023.0,High_Himal,2023-03-01,Pre-monsoon
673,9.769961132197484,10.322884235888369,4.082190809006885,4.0,2023.0,High_Himal,2023-04-01,Pre-monsoon
665,9.737203876417247,10.10655007704889,4.558771799616242,5.0,2023.0,High_Himal,2023-05-01,Pre-monsoon
679,9.254523557522514,9.408641650353298,3.621593694812685,6.0,2023.0,High_Himal,2023-06-01,Monsoon
614,9.723805259501846,9.48931590909858,3.444776424784484,7.0,2023.0,High_Himal,2023-07-01,Monsoon
608,8.519219861096673,8.436039299404431,3.5341278771470916,8.0,2023.0,High_Himal,2023-08-01,Monsoon
640,9.50857198961043,9.008284210264376,3.799946977922842,9.0,2023.0,High_Himal,2023-09-01,Monsoon
664,6.794361583740523,6.550473690144871,3.6548871106267957,10.0,2023.0,High_Himal,2023-10-01,Post-monsoon
689,4.238744884920203,4.007427802879068,2.8945168098528207,11.0,2023.0,High_Himal,2023-11-01,Post-monsoon
690,6.65232785770902,6.513165271414019,2.749023054213862,12.0,2023.0,High_Himal,2023-12-01,Winter
690,7.1148920261284365,7.009210063819937,2.317843066193318,1.0,2024.0,High_Himal,2024-01-01,Winter
686,8.803683875367733,8.53293426419064,2.474500376485764,2.0,2024.0,High_Himal,2024-02-01,Winter
637,8.157520075462276,8.04837739427442,3.0836008613714516,3.0,2024.0,High_Himal,2024-03-01,Pre-monsoon
687,7.182714879526431,6.975749822807193,3.1639601088996083,4.0,2024.0,High_Himal,2024-04-01,Pre-monsoon
690,8.21640222408098,8.4053826249205,3.290742319129462,5.0,2024.0,High_Himal,2024-05-01,Pre-monsoon
679,10.082391945760111,9.35634434875373,3.588931361146156,6.0,2024.0,High_Himal,2024-06-01,Monsoon
642,10.028906407090465,9.826527882600422,3.627558742361272,7.0,2024.0,High_Himal,2024-07-01,Monsoon
642,9.844321441541622,9.610255152547898,3.533272953481973,8.0,2024.0,High_Himal,2024-08-01,Monsoon
648,9.06030416668671,8.969049048011234,3.66966070719851,9.0,2024.0,High_Himal,2024-09-01,Monsoon
690,7.817445177108057,7.571837193136404,3.020048087399576,10.0,2024.0,High_Himal,2024-10-01,Post-monsoon
690,6.316735637413754,6.263484909529948,2.394591209103012,11.0,2024.0,High_Himal,2024-11-01,Post-monsoon
690,5.426633135275332,5.28693851004629,2.515804694763965,12.0,2024.0,High_Himal,2024-12-01,Winter
690,7.098186288848066,6.956813828953976,2.3504746386916215,1.0,2025.0,High_Himal,2025-01-01,Winter
690,6.6267406916823415,6.864846386603297,2.5714762258644925,2.0,2025.0,High_Himal,2025-02-01,Winter
690,10.30841996235248,10.314178153414701,2.640411604582254,3.0,2025.0,High_Himal,2025-03-01,Pre-monsoon
689,8.15317366097957,8.285003041720996,3.5425617170687316,4.0,2025.0,High_Himal,2025-04-01,Pre-monsoon
661,7.926425035193268,7.417780948158837,3.900048607357806,5.0,2025.0,High_Himal,2025-05-01,Pre-monsoon
675,8.993859457879704,8.772386983450387,3.706442247561005,6.0,2025.0,High_Himal,2025-06-01,Monsoon
663,9.278259289861277,8.931518065243091,3.81033258040441,7.0,2025.0,High_Himal,2025-07-01,Monsoon
567,8.388554533921106,8.228033152401729,4.081324450667907,8.0,2025.0,High_Himal,2025-08-01,Monsoon
631,9.817948593381221,9.837374536466632,3.8996089211296674,9.0,2025.0,High_Himal,2025-09-01,Monsoon
634,7.531443105138976,7.222148123486944,3.489619939508722,10.0,2025.0,High_Himal,2025-10-01,Post-monsoon
492,5.137074009327469,4.947225332403442,2.5300550634225196,11.0,2025.0,High_Himal,2025-11-01,Post-monsoon
650,6.339532816790408,6.173488378322747,2.149366925958414,12.0,2025.0,High_Himal,2025-12-01,Winter
681,9.213602607941393,9.091474694747149,1.828601017548116,1.0,2026.0,High_Himal,2026-01-01,Winter
690,10.28634229131689,10.351340787751312,1.72555656566494,2.0,2026.0,High_Himal,2026-02-01,Winter
689,7.012381585487302,6.999538048793926,1.7276349323970153,3.0,2026.0,High_Himal,2026-03-01,Pre-monsoon
690,9.954753005424301,9.969581115637379,2.356089177647894,4.0,2026.0,High_Himal,2026-04-01,Pre-monsoon
679,7.612758450697923,7.441690530866613,3.312291708249793,5.0,2026.0,High_Himal,2026-05-01,Pre-monsoon
663,10.942745602733709,10.423735713679461,3.432434324195514,6.0,2026.0,High_Himal,2026-06-01,Monsoon
536,9.481445316017247,9.336432331511787,3.207719611742799,7.0,2026.0,High_Himal,2026-07-01,Monsoon
1438,7.625213831487921,7.2766580268231404,3.1807228599164707,1.0,2019.0,High_Mountains,2019-01-01,Winter
1346,7.0893147925384365,6.873018182302375,3.1921705679305608,2.0,2019.0,High_Mountains,2019-02-01,Winter
1319,7.56035608580805,7.435868090721042,3.3941705764220176,3.0,2019.0,High_Mountains,2019-03-01,Pre-monsoon
1375,10.656857585825579,10.192590587932955,3.428911977474425,4.0,2019.0,High_Mountains,2019-04-01,Pre-monsoon
1348,11.343186320346671,11.083530211928425,3.370983619306296,5.0,2019.0,High_Mountains,2019-05-01,Pre-monsoon
1313,10.790743359988284,10.265809364676144,4.51086187696553,6.0,2019.0,High_Mountains,2019-06-01,Monsoon
994,12.329914553295858,12.065860719697977,4.277850407735449,7.0,2019.0,High_Mountains,2019-07-01,Monsoon
1073,11.27258552998933,10.858249253249722,4.721706357441802,8.0,2019.0,High_Mountains,2019-08-01,Monsoon
1136,10.017333396458708,9.660446486756534,4.4916974122836395,9.0,2019.0,High_Mountains,2019-09-01,Monsoon
1444,10.320208726477956,10.077271454200012,3.54498759476765,10.0,2019.0,High_Mountains,2019-10-01,Post-monsoon
1447,8.809170042591271,8.411563206829447,3.556034201942114,11.0,2019.0,High_Mountains,2019-11-01,Post-monsoon
1446,5.796382580664827,5.414372522425833,3.0464067796709426,12.0,2019.0,High_Mountains,2019-12-01,Winter
1379,6.214511639575418,6.079281170570965,3.228509885857284,1.0,2020.0,High_Mountains,2020-01-01,Winter
1392,8.042015331369944,7.927964208761674,2.9150379430112237,2.0,2020.0,High_Mountains,2020-02-01,Winter
1330,9.15208416130292,8.987060991483558,3.5032975478692716,3.0,2020.0,High_Mountains,2020-03-01,Pre-monsoon
1328,9.557453082350872,9.250812047432882,3.511914308357392,4.0,2020.0,High_Mountains,2020-04-01,Pre-monsoon
1338,9.770453904529301,9.60197860165836,3.4125754447634558,5.0,2020.0,High_Mountains,2020-05-01,Pre-monsoon
1194,11.152762261131523,10.825764922328647,4.493847799115296,6.0,2020.0,High_Mountains,2020-06-01,Monsoon
952,11.888684248321793,11.560632789546192,5.127856262833604,7.0,2020.0,High_Mountains,2020-07-01,Monsoon
1128,10.599877925606426,10.394279954941117,4.565845538420653,8.0,2020.0,High_Mountains,2020-08-01,Monsoon
1245,11.164517673352677,11.059892677217693,4.0246977385745994,9.0,2020.0,High_Mountains,2020-09-01,Monsoon
1447,10.447327815282435,10.18545472785564,3.352801780903369,10.0,2020.0,High_Mountains,2020-10-01,Post-monsoon
1449,8.171337915610508,7.699739542958485,3.2397962332738817,11.0,2020.0,High_Mountains,2020-11-01,Post-monsoon
1448,8.548634210960511,8.486567680865136,3.1574002637284635,12.0,2020.0,High_Mountains,2020-12-01,Winter
1445,9.290103407213648,8.769124794837058,3.370601662284433,1.0,2021.0,High_Mountains,2021-01-01,Winter
1428,10.290477160469944,9.964537772811493,3.605928314140599,2.0,2021.0,High_Mountains,2021-02-01,Winter
1368,11.813162900330315,11.087188551015831,4.3234254301436685,3.0,2021.0,High_Mountains,2021-03-01,Pre-monsoon
1364,10.785758438568017,10.362645131173156,4.960733629760796,4.0,2021.0,High_Mountains,2021-04-01,Pre-monsoon
1173,8.099114106326251,7.744531554670813,4.580398745574371,5.0,2021.0,High_Mountains,2021-05-01,Pre-monsoon
1113,9.936713672079648,9.875995945738795,4.31136591125925,6.0,2021.0,High_Mountains,2021-06-01,Monsoon
876,13.619564298653343,13.241489192662508,4.7726582021373,7.0,2021.0,High_Mountains,2021-07-01,Monsoon
670,9.312645629114169,9.41869943935053,4.826126925282248,8.0,2021.0,High_Mountains,2021-08-01,Monsoon
1035,9.520412466765338,9.177595308536931,5.107861032182801,9.0,2021.0,High_Mountains,2021-09-01,Monsoon
1440,11.324746347470557,11.07201324358844,4.475215299084091,10.0,2021.0,High_Mountains,2021-10-01,Post-monsoon
1447,7.869663896848299,7.215726462831869,4.259487624639277,11.0,2021.0,High_Mountains,2021-11-01,Post-monsoon
1429,6.796379898990312,6.3257447773506215,3.808243538576463,12.0,2021.0,High_Mountains,2021-12-01,Winter
1361,4.971555359125323,4.883376075637837,3.2248175793634983,1.0,2022.0,High_Mountains,2022-01-01,Winter
1345,7.604409190940693,7.4569929673714475,3.0087022320169847,2.0,2022.0,High_Mountains,2022-02-01,Winter
1424,11.51036551515027,11.07771789925355,4.080520162971084,3.0,2022.0,High_Mountains,2022-03-01,Pre-monsoon
1417,13.728739148424646,12.735734251893128,5.225808163469915,4.0,2022.0,High_Mountains,2022-04-01,Pre-monsoon
1210,8.062006094243078,7.527098092228631,4.406679193261754,5.0,2022.0,High_Mountains,2022-05-01,Pre-monsoon
1015,9.921543647137149,9.618097630420595,4.359729843428224,6.0,2022.0,High_Mountains,2022-06-01,Monsoon
986,13.912711806757285,13.479529854239049,5.184475203970332,7.0,2022.0,High_Mountains,2022-07-01,Monsoon
1170,12.242720428102423,12.274586487101873,5.378808382057715,8.0,2022.0,High_Mountains,2022-08-01,Monsoon
993,9.717413739715901,9.660760658791727,5.395808579242369,9.0,2022.0,High_Mountains,2022-09-01,Monsoon
1303,9.88633004049824,10.13194515597961,5.149912319838896,10.0,2022.0,High_Mountains,2022-10-01,Post-monsoon
1396,8.572585960793143,8.63153673077711,4.242807879722888,11.0,2022.0,High_Mountains,2022-11-01,Post-monsoon
1440,10.31229159902481,10.431672096308027,3.813831669261728,12.0,2022.0,High_Mountains,2022-12-01,Winter
1427,9.619481915661607,9.607665890653724,3.778668900355325,1.0,2023.0,High_Mountains,2023-01-01,Winter
1422,10.685927367546869,10.416780330524915,4.100702055559399,2.0,2023.0,High_Mountains,2023-02-01,Winter
1233,12.46520486151236,12.74082467627822,4.965509444981397,3.0,2023.0,High_Mountains,2023-03-01,Pre-monsoon
1366,11.596779486905366,11.549311950045988,5.2604251422663975,4.0,2023.0,High_Mountains,2023-04-01,Pre-monsoon
1361,10.978329359593124,11.32510077661494,5.430861966098023,5.0,2023.0,High_Mountains,2023-05-01,Pre-monsoon
1348,12.58016987475414,12.290438821566857,6.3094152290408605,6.0,2023.0,High_Mountains,2023-06-01,Monsoon
876,11.062231379967816,10.586524400620721,4.761652287494845,7.0,2023.0,High_Mountains,2023-07-01,Monsoon
981,10.046277249372817,10.140783142364723,5.031254492024721,8.0,2023.0,High_Mountains,2023-08-01,Monsoon
1219,11.320858601591592,10.616099222569312,5.3566417284455055,9.0,2023.0,High_Mountains,2023-09-01,Monsoon
1410,8.45680490470922,8.207962311090121,4.886514429568873,10.0,2023.0,High_Mountains,2023-10-01,Post-monsoon
1447,5.855855162373792,5.543834419589728,3.51374068058164,11.0,2023.0,High_Mountains,2023-11-01,Post-monsoon
1449,7.841476990214915,7.572063378946786,3.230538018913524,12.0,2023.0,High_Mountains,2023-12-01,Winter
1449,9.163034250593197,8.765059575838816,3.156258644800093,1.0,2024.0,High_Mountains,2024-01-01,Winter
1426,9.716741667397166,9.464169273414074,3.566572758450836,2.0,2024.0,High_Mountains,2024-02-01,Winter
1377,9.155035199333069,8.932331785756281,4.435858527621291,3.0,2024.0,High_Mountains,2024-03-01,Pre-monsoon
1443,11.314171376743259,10.838893898208502,4.71874016201679,4.0,2024.0,High_Mountains,2024-04-01,Pre-monsoon
1445,12.692047285032112,12.04960953172691,5.087051845690618,5.0,2024.0,High_Mountains,2024-05-01,Pre-monsoon
1231,10.828539696858773,10.36211981378343,4.409841788793924,6.0,2024.0,High_Mountains,2024-06-01,Monsoon
1148,11.240039998174304,10.851946016304272,5.141925861812881,7.0,2024.0,High_Mountains,2024-07-01,Monsoon
1180,12.295165478614576,11.565156560139778,5.6289150867705615,8.0,2024.0,High_Mountains,2024-08-01,Monsoon
1245,11.096349432783288,10.858978973427012,5.351621891266869,9.0,2024.0,High_Mountains,2024-09-01,Monsoon
1432,10.37046434025739,9.905708878967328,4.41446670853767,10.0,2024.0,High_Mountains,2024-10-01,Post-monsoon
1449,8.347995734737676,8.166012130474499,3.2725879103944258,11.0,2024.0,High_Mountains,2024-11-01,Post-monsoon
1449,7.749501968335197,7.329390026555619,3.3557578152842735,12.0,2024.0,High_Mountains,2024-12-01,Winter
1449,9.734330307305173,9.234769185584625,3.791371219014501,1.0,2025.0,High_Mountains,2025-01-01,Winter
1448,8.273511417608082,7.935047506651469,3.461006611080367,2.0,2025.0,High_Mountains,2025-02-01,Winter
1440,11.960266540376276,11.587918155841567,4.535051145178756,3.0,2025.0,High_Mountains,2025-03-01,Pre-monsoon
1420,11.7407198682558,11.27299812513184,4.682793025186487,4.0,2025.0,High_Mountains,2025-04-01,Pre-monsoon
1214,10.480322498633104,10.117818658937379,4.936331516462736,5.0,2025.0,High_Mountains,2025-05-01,Pre-monsoon
1294,11.869935218627718,11.336761810028364,5.078768559915841,6.0,2025.0,High_Mountains,2025-06-01,Monsoon
1131,11.377505302540332,11.049116657978649,5.2727370756648115,7.0,2025.0,High_Mountains,2025-07-01,Monsoon
746,9.7423094763811,9.405669107791441,5.37843116725692,8.0,2025.0,High_Mountains,2025-08-01,Monsoon
1128,12.433530595142345,12.04030530053053,5.095537540720819,9.0,2025.0,High_Mountains,2025-09-01,Monsoon
1417,9.47967339843843,8.947517998501654,4.925334779634766,10.0,2025.0,High_Mountains,2025-10-01,Post-monsoon
1374,7.006099374302966,6.736760084989843,3.656038599037501,11.0,2025.0,High_Mountains,2025-11-01,Post-monsoon
1434,7.319573329655504,7.338340809470637,2.7704404323734027,12.0,2025.0,High_Mountains,2025-12-01,Winter
1449,10.489426201624822,10.43178137527743,2.756983009530073,1.0,2026.0,High_Mountains,2026-01-01,Winter
1445,11.970884426876397,11.503935238667813,3.284515141323341,2.0,2026.0,High_Mountains,2026-02-01,Winter
1412,8.206204978423617,7.983138766786673,3.406075304655312,3.0,2026.0,High_Mountains,2026-03-01,Pre-monsoon
1430,13.16897864582655,12.282056628052851,4.65496712980195,4.0,2026.0,High_Mountains,2026-04-01,Pre-monsoon
1276,9.800699433519904,9.654013220743721,4.407837338625798,5.0,2026.0,High_Mountains,2026-05-01,Pre-monsoon
1254,11.967592414036128,11.33066417486513,5.829850201282399,6.0,2026.0,High_Mountains,2026-06-01,Monsoon
765,9.485976059270554,9.411134618498373,4.372454375992753,7.0,2026.0,High_Mountains,2026-07-01,Monsoon
1515,12.632782847664247,12.52360404372974,3.901836427067471,1.0,2019.0,Middle_Mountains,2019-01-01,Winter
1508,12.77209629704769,12.522724118163723,4.825752253691997,2.0,2019.0,Middle_Mountains,2019-02-01,Winter
1492,14.335220816255712,13.968344955395853,5.298846976785083,3.0,2019.0,Middle_Mountains,2019-03-01,Pre-monsoon
1418,16.58683829524077,17.273026649734167,5.095394712498454,4.0,2019.0,Middle_Mountains,2019-04-01,Pre-monsoon
1441,17.690779765217513,17.536861791418918,5.1505954462396355,5.0,2019.0,Middle_Mountains,2019-05-01,Pre-monsoon
1368,16.293126581798166,15.976856228525874,6.054757570071499,6.0,2019.0,Middle_Mountains,2019-06-01,Monsoon
987,16.58996097622106,16.55729572796938,5.534834677097551,7.0,2019.0,Middle_Mountains,2019-07-01,Monsoon
1304,14.436279394932342,14.078615159478073,6.333063537098929,8.0,2019.0,Middle_Mountains,2019-08-01,Monsoon
1236,13.616144574011166,13.24329271336549,6.400229619278381,9.0,2019.0,Middle_Mountains,2019-09-01,Monsoon
1518,14.088728197214902,13.659792506933526,4.030722921844941,10.0,2019.0,Middle_Mountains,2019-10-01,Post-monsoon
1518,13.169486632872644,12.5832204037335,4.060420528757306,11.0,2019.0,Middle_Mountains,2019-11-01,Post-monsoon
1518,10.601396918645225,10.126390403449422,3.5497879478803434,12.0,2019.0,Middle_Mountains,2019-12-01,Winter
1506,11.456303728797456,11.569399829371871,4.341530888868526,1.0,2020.0,Middle_Mountains,2020-01-01,Winter
1478,12.533666830319941,12.520590261043711,3.7830584144599793,2.0,2020.0,Middle_Mountains,2020-02-01,Winter
1481,14.499895237043596,14.66497168617227,4.0677370452342165,3.0,2020.0,Middle_Mountains,2020-03-01,Pre-monsoon
1402,14.632159223400636,14.437609244078935,4.545663752228861,4.0,2020.0,Middle_Mountains,2020-04-01,Pre-monsoon
1374,13.698959151315458,14.18105990433241,4.632155210771088,5.0,2020.0,Middle_Mountains,2020-05-01,Pre-monsoon
1242,13.48002891457504,13.70683651395812,5.553724853179192,6.0,2020.0,Middle_Mountains,2020-06-01,Monsoon
822,14.32003574783524,14.188685416744809,6.176248690603978,7.0,2020.0,Middle_Mountains,2020-07-01,Monsoon
1152,14.715905909525166,14.21105789351233,6.222956806441076,8.0,2020.0,Middle_Mountains,2020-08-01,Monsoon
1198,13.320394852418888,13.24262657906541,5.708292068162626,9.0,2020.0,Middle_Mountains,2020-09-01,Monsoon
1518,14.115106726663152,13.902792112663102,3.2303820186350856,10.0,2020.0,Middle_Mountains,2020-10-01,Post-monsoon
1518,12.349479907391183,11.856548543686058,3.346331354583702,11.0,2020.0,Middle_Mountains,2020-11-01,Post-monsoon
1518,12.373071810587364,12.047158430727928,3.788161822332496,12.0,2020.0,Middle_Mountains,2020-12-01,Winter
1514,13.65765733038475,12.981241663167266,3.797493688876309,1.0,2021.0,Middle_Mountains,2021-01-01,Winter
1510,15.751152870321773,15.376927243839107,4.045349750272572,2.0,2021.0,Middle_Mountains,2021-02-01,Winter
1461,20.602329926804863,19.417017396855176,6.433133755008031,3.0,2021.0,Middle_Mountains,2021-03-01,Pre-monsoon
1474,21.18635632968434,21.33298790150445,6.6843588560774805,4.0,2021.0,Middle_Mountains,2021-04-01,Pre-monsoon
1312,13.32876881068568,12.9941581543717,7.4229219141100895,5.0,2021.0,Middle_Mountains,2021-05-01,Pre-monsoon
1078,13.244612120136315,13.451466950211154,6.076398058687627,6.0,2021.0,Middle_Mountains,2021-06-01,Monsoon
881,18.12019341236795,17.758795010501913,7.337380309146415,7.0,2021.0,Middle_Mountains,2021-07-01,Monsoon
665,14.606938488664396,13.934544697671333,7.0194989200082265,8.0,2021.0,Middle_Mountains,2021-08-01,Monsoon
1186,14.709371710109002,14.584441319198808,6.493536410586578,9.0,2021.0,Middle_Mountains,2021-09-01,Monsoon
1515,16.294350312578345,16.10636042782836,4.126091473846592,10.0,2021.0,Middle_Mountains,2021-10-01,Post-monsoon
1517,13.046721482915911,12.514846855032054,4.065577269921812,11.0,2021.0,Middle_Mountains,2021-11-01,Post-monsoon
1516,12.660163405821976,12.273096508858659,4.138371271380322,12.0,2021.0,Middle_Mountains,2021-12-01,Winter
1452,9.15612446921494,8.943400691574794,4.823633175149346,1.0,2022.0,Middle_Mountains,2022-01-01,Winter
1443,12.367502206155125,12.525690030138795,4.639852464807823,2.0,2022.0,Middle_Mountains,2022-02-01,Winter
1506,19.63038098192617,19.663304536133513,4.673478436127773,3.0,2022.0,Middle_Mountains,2022-03-01,Pre-monsoon
1515,22.207590251846685,22.771146482748016,5.866671353121533,4.0,2022.0,Middle_Mountains,2022-04-01,Pre-monsoon
1376,11.39751052274525,11.56089043329711,5.81960392922929,5.0,2022.0,Middle_Mountains,2022-05-01,Pre-monsoon
1067,16.543723553029885,16.438694933832004,6.415213927769803,6.0,2022.0,Middle_Mountains,2022-06-01,Monsoon
1183,16.42732426500207,16.35688367108027,6.059432891089249,7.0,2022.0,Middle_Mountains,2022-07-01,Monsoon
1318,15.723965732125283,15.622965747712463,6.155648267856436,8.0,2022.0,Middle_Mountains,2022-08-01,Monsoon
1130,14.306074611608771,14.422443354993106,6.5764558714286,9.0,2022.0,Middle_Mountains,2022-09-01,Monsoon
1518,15.05615479587238,14.65378835653486,3.7032407170578883,10.0,2022.0,Middle_Mountains,2022-10-01,Post-monsoon
1518,13.799728600905441,13.470826467483294,3.5176260929861822,11.0,2022.0,Middle_Mountains,2022-11-01,Post-monsoon
1517,15.484525618097909,14.916269032315741,3.82960247867916,12.0,2022.0,Middle_Mountains,2022-12-01,Winter
1513,14.929765238013566,14.069979253376788,4.135310976947089,1.0,2023.0,Middle_Mountains,2023-01-01,Winter
1511,16.5134550074861,16.098956026605823,4.391204395410147,2.0,2023.0,Middle_Mountains,2023-02-01,Winter
1469,19.102040920858805,18.253055506709917,6.179240621373534,3.0,2023.0,Middle_Mountains,2023-03-01,Pre-monsoon
1491,20.91034607326092,20.241582762989143,6.88662663067801,4.0,2023.0,Middle_Mountains,2023-04-01,Pre-monsoon
1501,17.505848919026892,17.50684047468621,6.180952332997089,5.0,2023.0,Middle_Mountains,2023-05-01,Pre-monsoon
1497,16.577045366321208,16.566759034643116,6.370461515927837,6.0,2023.0,Middle_Mountains,2023-06-01,Monsoon
1132,14.75507270137046,14.57068145410889,7.156886578028424,7.0,2023.0,Middle_Mountains,2023-07-01,Monsoon
947,13.928503680833769,13.13060704311386,7.324412586017113,8.0,2023.0,Middle_Mountains,2023-08-01,Monsoon
1425,15.025002292518016,14.645488424885068,6.302185953762338,9.0,2023.0,Middle_Mountains,2023-09-01,Monsoon
1509,12.635294021600279,12.299624856383302,4.89228225902358,10.0,2023.0,Middle_Mountains,2023-10-01,Post-monsoon
1518,9.935722323507127,9.413694643027071,4.20401399675777,11.0,2023.0,Middle_Mountains,2023-11-01,Post-monsoon
1518,12.394852052490846,11.559839441546805,4.089243234724939,12.0,2023.0,Middle_Mountains,2023-12-01,Winter
1517,12.90264365564967,12.289491972596032,3.422306857950504,1.0,2024.0,Middle_Mountains,2024-01-01,Winter
1512,15.602685103442171,14.908210490212364,4.849413796439707,2.0,2024.0,Middle_Mountains,2024-02-01,Winter
1510,15.996946235610077,15.133820111436322,5.620441891980371,3.0,2024.0,Middle_Mountains,2024-03-01,Pre-monsoon
1517,24.44904036606351,23.249463188514,7.788734569807105,4.0,2024.0,Middle_Mountains,2024-04-01,Pre-monsoon
1516,19.96902262667263,19.662343108485878,5.597543337061884,5.0,2024.0,Middle_Mountains,2024-05-01,Pre-monsoon
1276,17.606411296773913,17.771740525497894,6.406510217439609,6.0,2024.0,Middle_Mountains,2024-06-01,Monsoon
1257,14.39978007825313,13.94079779400752,6.417736651906717,7.0,2024.0,Middle_Mountains,2024-07-01,Monsoon
1408,15.6531798491238,15.61194643680216,6.228716778263824,8.0,2024.0,Middle_Mountains,2024-08-01,Monsoon
1486,14.861816507121336,14.88302216985764,5.925126723749649,9.0,2024.0,Middle_Mountains,2024-09-01,Monsoon
1508,14.148124167455324,13.93445731499699,5.296176020157088,10.0,2024.0,Middle_Mountains,2024-10-01,Post-monsoon
1518,12.195935174748453,11.567128871719584,4.308457302278865,11.0,2024.0,Middle_Mountains,2024-11-01,Post-monsoon
1518,13.134382456184435,12.519342197931177,4.267016495884478,12.0,2024.0,Middle_Mountains,2024-12-01,Winter
1518,15.721142669081603,15.14474970702496,3.9824124595592667,1.0,2025.0,Middle_Mountains,2025-01-01,Winter
1510,14.152389877716532,13.940895056652465,4.332921265047588,2.0,2025.0,Middle_Mountains,2025-02-01,Winter
1514,22.10747594865673,21.68644763089161,6.221695007593724,3.0,2025.0,Middle_Mountains,2025-03-01,Pre-monsoon
1512,21.767061279524363,21.35558823026226,6.3180775507425,4.0,2025.0,Middle_Mountains,2025-04-01,Pre-monsoon
1346,14.799668028437303,15.342111453214953,6.565181853868602,5.0,2025.0,Middle_Mountains,2025-05-01,Pre-monsoon
1415,14.593992480334483,14.679281869279588,6.867259065863294,6.0,2025.0,Middle_Mountains,2025-06-01,Monsoon
1278,14.312872211553913,14.200016676625024,6.363717082422492,7.0,2025.0,Middle_Mountains,2025-07-01,Monsoon
884,12.808915955369036,13.135981491150169,7.696842419124,8.0,2025.0,Middle_Mountains,2025-08-01,Monsoon
1349,16.27968259744684,15.95849678941532,6.660338274653679,9.0,2025.0,Middle_Mountains,2025-09-01,Monsoon
1516,15.616301524283173,14.903059856980864,5.17333744616262,10.0,2025.0,Middle_Mountains,2025-10-01,Post-monsoon
1517,11.88815836815839,11.337199536676549,3.9714599260524843,11.0,2025.0,Middle_Mountains,2025-11-01,Post-monsoon
1518,11.55911293972582,11.087595487545332,3.6689474597769496,12.0,2025.0,Middle_Mountains,2025-12-01,Winter
1518,14.941078548898929,14.556392909213912,3.773713887838233,1.0,2026.0,Middle_Mountains,2026-01-01,Winter
1513,18.052664031259102,17.782168852583812,4.263553740276655,2.0,2026.0,Middle_Mountains,2026-02-01,Winter
1420,13.751987374337649,13.229778716504951,5.566884285567547,3.0,2026.0,Middle_Mountains,2026-03-01,Pre-monsoon
1504,24.170906762385584,23.71768465041663,6.668483941397737,4.0,2026.0,Middle_Mountains,2026-04-01,Pre-monsoon
1384,15.99396895146231,15.453041649298003,6.692693344656735,5.0,2026.0,Middle_Mountains,2026-05-01,Pre-monsoon
1414,17.7813537731778,17.522800045077776,6.133371187244663,6.0,2026.0,Middle_Mountains,2026-06-01,Monsoon
981,13.23531408837454,12.966319533214937,6.415143578175064,7.0,2026.0,Middle_Mountains,2026-07-01,Monsoon
2100,17.498268660296457,16.96101267754874,5.6769040905697175,1.0,2019.0,Siwalik,2019-01-01,Winter
2099,17.561788157085626,17.288925804932067,4.560053944049691,2.0,2019.0,Siwalik,2019-02-01,Winter
2098,20.763092355536173,20.62248856187728,5.298574584848368,3.0,2019.0,Siwalik,2019-03-01,Pre-monsoon
2094,21.784632204241824,21.572510994907734,4.407963860747458,4.0,2019.0,Siwalik,2019-04-01,Pre-monsoon
2089,25.270450803677193,24.41872285448467,5.1856301945530126,5.0,2019.0,Siwalik,2019-05-01,Pre-monsoon
2098,21.738222996651782,21.756678199395843,3.9329213845215705,6.0,2019.0,Siwalik,2019-06-01,Monsoon
2000,19.83503725278657,19.656753143905483,4.349751982573127,7.0,2019.0,Siwalik,2019-07-01,Monsoon
2088,18.244100915244132,18.004438875692113,4.58630519362912,8.0,2019.0,Siwalik,2019-08-01,Monsoon
2080,16.36682512501344,16.080368018455825,5.10069681170657,9.0,2019.0,Siwalik,2019-09-01,Monsoon
2099,18.013287002537304,17.766588137737408,3.7634578154398217,10.0,2019.0,Siwalik,2019-10-01,Post-monsoon
2100,17.204358434894495,16.90890890008446,4.962542526609631,11.0,2019.0,Siwalik,2019-11-01,Post-monsoon
2100,14.407453083295838,14.08890303308782,5.378811571200329,12.0,2019.0,Siwalik,2019-12-01,Winter
2099,15.74184076735955,15.133726571363667,4.8946886728088845,1.0,2020.0,Siwalik,2020-01-01,Winter
2092,16.704212258352268,16.107548953139304,4.838686283486686,2.0,2020.0,Siwalik,2020-02-01,Winter
2096,18.51246734166695,18.241217872160977,4.036194788392532,3.0,2020.0,Siwalik,2020-03-01,Pre-monsoon
2092,20.313864721315532,20.37632145188432,4.871781575786766,4.0,2020.0,Siwalik,2020-04-01,Pre-monsoon
2094,17.160140123723703,17.291251732198393,3.0799506176273477,5.0,2020.0,Siwalik,2020-05-01,Pre-monsoon
2083,16.86027613567953,17.033967612105812,4.603727535987712,6.0,2020.0,Siwalik,2020-06-01,Monsoon
1772,18.421710851939178,17.98449649913661,6.469890364852577,7.0,2020.0,Siwalik,2020-07-01,Monsoon
2053,17.567611817097724,17.306994335329502,5.250438058622608,8.0,2020.0,Siwalik,2020-08-01,Monsoon
2037,17.48651537490064,17.273963791996668,5.005545964175782,9.0,2020.0,Siwalik,2020-09-01,Monsoon
2100,18.264569461277652,17.768967398431137,3.5780595349453415,10.0,2020.0,Siwalik,2020-10-01,Post-monsoon
2100,16.44634891488136,15.98270491112381,4.999840297919675,11.0,2020.0,Siwalik,2020-11-01,Post-monsoon
2100,16.243821902027207,15.475976720667601,6.028207746213345,12.0,2020.0,Siwalik,2020-12-01,Winter
2100,17.73273174375706,16.44052537652928,7.50275229639497,1.0,2021.0,Siwalik,2021-01-01,Winter
2100,21.222792854272022,20.273528117240208,7.452017709831421,2.0,2021.0,Siwalik,2021-02-01,Winter
2092,31.48977529119959,30.249934298222612,8.067925348662474,3.0,2021.0,Siwalik,2021-03-01,Pre-monsoon
2100,32.46462532879806,31.842711961850895,6.595584484622825,4.0,2021.0,Siwalik,2021-04-01,Pre-monsoon
2092,17.10213805961703,16.81470241213083,4.975395878281942,5.0,2021.0,Siwalik,2021-05-01,Pre-monsoon
2010,17.802935188268258,17.30274444119348,5.4704131541757866,6.0,2021.0,Siwalik,2021-06-01,Monsoon
1990,21.87874702921021,22.30187824763949,6.049641535275296,7.0,2021.0,Siwalik,2021-07-01,Monsoon
1887,20.59830923235546,20.61040412161931,6.35705733112934,8.0,2021.0,Siwalik,2021-08-01,Monsoon
2090,18.870729437342984,18.72970795054765,4.7229386378448135,9.0,2021.0,Siwalik,2021-09-01,Monsoon
2100,21.392193259437217,21.10056730955734,4.718048213739683,10.0,2021.0,Siwalik,2021-10-01,Post-monsoon
2100,16.196786638634816,15.866430812200571,5.301191423082853,11.0,2021.0,Siwalik,2021-11-01,Post-monsoon
2100,17.337351218325406,16.457749194682968,6.395627020741015,12.0,2021.0,Siwalik,2021-12-01,Winter
2100,14.359033229672576,13.608179225201965,6.045241149567834,1.0,2022.0,Siwalik,2022-01-01,Winter
2098,17.80997362045673,17.28383219661104,4.955841086951406,2.0,2022.0,Siwalik,2022-02-01,Winter
2100,26.288752409739935,25.85499347475386,5.418023207986168,3.0,2022.0,Siwalik,2022-03-01,Pre-monsoon
2100,29.935173879482942,29.918584728688693,4.402769122780582,4.0,2022.0,Siwalik,2022-04-01,Pre-monsoon
2098,16.887087972484203,17.04721590618359,3.9849540674955053,5.0,2022.0,Siwalik,2022-05-01,Pre-monsoon
2046,23.2291141961823,23.244926792458887,4.894609710069934,6.0,2022.0,Siwalik,2022-06-01,Monsoon
2087,20.09203516346225,20.145273671011488,5.01444966929871,7.0,2022.0,Siwalik,2022-07-01,Monsoon
2071,20.712350757634386,20.37187451736143,5.283896149057906,8.0,2022.0,Siwalik,2022-08-01,Monsoon
2067,18.5047275897354,18.47047484638975,5.512743255990279,9.0,2022.0,Siwalik,2022-09-01,Monsoon
2100,19.168606817739345,18.4816376002211,4.694182865230818,10.0,2022.0,Siwalik,2022-10-01,Post-monsoon
2100,18.51243443872962,17.872457868928038,5.698061542074501,11.0,2022.0,Siwalik,2022-11-01,Post-monsoon
2100,19.787356656209642,19.29638862836785,5.842945232973192,12.0,2022.0,Siwalik,2022-12-01,Winter
2100,18.955423672469102,18.830440975951642,5.539270310434418,1.0,2023.0,Siwalik,2023-01-01,Winter
2100,21.999346593673764,22.043517346190146,5.082694491044193,2.0,2023.0,Siwalik,2023-02-01,Winter
2100,28.61722909003391,27.57162031258729,8.952080491007072,3.0,2023.0,Siwalik,2023-03-01,Pre-monsoon
2100,36.4558606463491,34.07657206656861,12.262569341465188,4.0,2023.0,Siwalik,2023-04-01,Pre-monsoon
2100,26.57548859572005,26.803423270185398,5.448358167873804,5.0,2023.0,Siwalik,2023-05-01,Pre-monsoon
2100,23.541889752176445,23.472927456120598,4.9172020466507576,6.0,2023.0,Siwalik,2023-06-01,Monsoon
2051,20.328465296391638,20.14188140565151,5.901741711271228,7.0,2023.0,Siwalik,2023-07-01,Monsoon
1988,19.16204535122394,19.17963025236574,6.540367544800779,8.0,2023.0,Siwalik,2023-08-01,Monsoon
2100,20.467293869723957,20.146167797702304,5.368221317085258,9.0,2023.0,Siwalik,2023-09-01,Monsoon
2100,17.804855801661205,17.508384481821526,3.8381357352439314,10.0,2023.0,Siwalik,2023-10-01,Post-monsoon
2100,15.342231510893335,14.645213148170464,5.031058399034785,11.0,2023.0,Siwalik,2023-11-01,Post-monsoon
2100,17.27968029368272,16.94062060823104,6.218774820827234,12.0,2023.0,Siwalik,2023-12-01,Winter
2100,16.563545225548996,16.079917847927078,5.009447319407596,1.0,2024.0,Siwalik,2024-01-01,Winter
2100,20.741328279755695,20.873317656062294,5.02347958955114,2.0,2024.0,Siwalik,2024-02-01,Winter
2100,23.509286444065104,23.25487850543649,6.897706306397494,3.0,2024.0,Siwalik,2024-03-01,Pre-monsoon
2100,41.58538633881582,41.37734525344832,8.173206138731294,4.0,2024.0,Siwalik,2024-04-01,Pre-monsoon
2100,27.341901094178002,27.30808164610179,4.537019254684359,5.0,2024.0,Siwalik,2024-05-01,Pre-monsoon
2067,25.600201917388155,25.390330311197882,5.01797367874837,6.0,2024.0,Siwalik,2024-06-01,Monsoon
2068,17.54445037685104,17.540469221289257,5.358208538161009,7.0,2024.0,Siwalik,2024-07-01,Monsoon
2087,19.88434884663745,19.908862435983323,5.23995442596684,8.0,2024.0,Siwalik,2024-08-01,Monsoon
2099,21.082664567835423,20.855688183272026,4.894458441753676,9.0,2024.0,Siwalik,2024-09-01,Monsoon
2100,20.119941688386564,19.916505291557566,4.584545170669329,10.0,2024.0,Siwalik,2024-10-01,Post-monsoon
2100,18.180761309611327,17.890843550723933,5.466489197848056,11.0,2024.0,Siwalik,2024-11-01,Post-monsoon
2100,17.98168518517936,17.403523582459556,5.2071113923764285,12.0,2024.0,Siwalik,2024-12-01,Winter
2100,19.53378533025735,18.964785729056622,4.701767136634177,1.0,2025.0,Siwalik,2025-01-01,Winter
2098,20.003923271781158,19.312460134280276,5.725599674739262,2.0,2025.0,Siwalik,2025-02-01,Winter
2100,32.22259156953293,32.042139333323206,7.414170018176804,3.0,2025.0,Siwalik,2025-03-01,Pre-monsoon
2100,33.41247466308506,32.545286436813036,6.750829256394699,4.0,2025.0,Siwalik,2025-04-01,Pre-monsoon
2096,21.593356037511963,21.80804051541915,4.573587636172566,5.0,2025.0,Siwalik,2025-05-01,Pre-monsoon
2087,19.235734421492207,19.44704965603048,4.860036749110903,6.0,2025.0,Siwalik,2025-06-01,Monsoon
2080,18.574815419179455,18.479292312017925,5.03563422776057,7.0,2025.0,Siwalik,2025-07-01,Monsoon
1956,16.327298153491324,16.43324558531776,6.245741230509297,8.0,2025.0,Siwalik,2025-08-01,Monsoon
2093,20.422927132345315,20.618507294500333,4.646589700019321,9.0,2025.0,Siwalik,2025-09-01,Monsoon
2100,20.511159621114185,20.444916263962597,4.219726327878732,10.0,2025.0,Siwalik,2025-10-01,Post-monsoon
2100,16.52818668814154,16.33089280638243,5.424286242284625,11.0,2025.0,Siwalik,2025-11-01,Post-monsoon
2100,15.57141122715458,14.534478367084139,5.329228138435844,12.0,2025.0,Siwalik,2025-12-01,Winter
2100,20.000976277672585,18.95925062954118,5.844956553734301,1.0,2026.0,Siwalik,2026-01-01,Winter
2100,24.06609117715716,23.704991843859332,4.699796132918852,2.0,2026.0,Siwalik,2026-02-01,Winter
2095,20.750763289320485,20.850867686050584,5.088851417357365,3.0,2026.0,Siwalik,2026-03-01,Pre-monsoon
2099,35.07533964694314,34.43062693167404,7.0721615637057464,4.0,2026.0,Siwalik,2026-04-01,Pre-monsoon
2096,20.681156994071213,20.87715374717041,4.66840115686394,5.0,2026.0,Siwalik,2026-05-01,Pre-monsoon
2076,25.29583282823297,25.389451009180945,4.920178204336568,6.0,2026.0,Siwalik,2026-06-01,Monsoon
1990,17.81817420989749,17.75738016089168,5.452839368797197,7.0,2026.0,Siwalik,2026-07-01,Monsoon
1293,22.15722632007543,22.293286047977315,3.6615941393699214,1.0,2019.0,Terai,2019-01-01,Winter
1293,20.680387320217168,21.053704571067374,3.5189939309117135,2.0,2019.0,Terai,2019-02-01,Winter
1293,25.615068818007753,26.17563019491282,3.5894234959081324,3.0,2019.0,Terai,2019-03-01,Pre-monsoon
1293,27.79471583221102,27.47366617682144,3.262377756826692,4.0,2019.0,Terai,2019-04-01,Pre-monsoon
1293,32.23749822661371,30.10472051232939,5.462770899372319,5.0,2019.0,Terai,2019-05-01,Pre-monsoon
1293,28.36023836112866,28.427003928231027,3.530600892662871,6.0,2019.0,Terai,2019-06-01,Monsoon
1293,23.48012510041232,23.190776521669388,3.939138085784971,7.0,2019.0,Terai,2019-07-01,Monsoon
1293,20.820719605208104,20.91240278592538,2.856641245853752,8.0,2019.0,Terai,2019-08-01,Monsoon
1293,20.139481947085326,20.31768582973501,3.9682212753933905,9.0,2019.0,Terai,2019-09-01,Monsoon
1293,22.315458653626063,22.35145463612987,2.2744594937550744,10.0,2019.0,Terai,2019-10-01,Post-monsoon
1293,24.287116193425152,23.47942389363972,5.809190976455756,11.0,2019.0,Terai,2019-11-01,Post-monsoon
1293,21.31387899819514,20.852142932776932,5.451018357609213,12.0,2019.0,Terai,2019-12-01,Winter
1293,20.769230037297024,21.10207775001021,4.49737980027705,1.0,2020.0,Terai,2020-01-01,Winter
1293,20.94653579662841,20.621373391917903,3.646848730320145,2.0,2020.0,Terai,2020-02-01,Winter
1293,21.87934557066853,22.000035609857527,2.9923711088755764,3.0,2020.0,Terai,2020-03-01,Pre-monsoon
1293,24.84040659742716,25.097152793682305,2.823348565282609,4.0,2020.0,Terai,2020-04-01,Pre-monsoon
1293,22.37535223086496,22.46367671933001,2.98573363588039,5.0,2020.0,Terai,2020-05-01,Pre-monsoon
1293,21.58130789263361,21.862544140926026,3.030735418123813,6.0,2020.0,Terai,2020-06-01,Monsoon
1291,22.021145401532586,21.33078057061116,5.938859077573226,7.0,2020.0,Terai,2020-07-01,Monsoon
1293,19.673508946842862,19.84997178217263,3.148377027428093,8.0,2020.0,Terai,2020-08-01,Monsoon
1293,20.16330688392274,20.08039341548382,2.8396443023798987,9.0,2020.0,Terai,2020-09-01,Monsoon
1293,22.53877493261206,22.292346954548453,2.7989525647688707,10.0,2020.0,Terai,2020-10-01,Post-monsoon
1293,23.90705034657982,23.493069400831526,5.377235403241539,11.0,2020.0,Terai,2020-11-01,Post-monsoon
1293,22.44121885405227,22.54144776861554,5.292341038573983,12.0,2020.0,Terai,2020-12-01,Winter
1293,24.096822917912444,24.086859106757224,6.334552992925597,1.0,2021.0,Terai,2021-01-01,Winter
1293,25.849265766369047,25.631504329553497,4.180656668820813,2.0,2021.0,Terai,2021-02-01,Winter
1293,35.976950591678474,35.89619944988007,4.63989621271411,3.0,2021.0,Terai,2021-03-01,Pre-monsoon
1293,36.45150656547469,35.65817013225902,5.922278640059033,4.0,2021.0,Terai,2021-04-01,Pre-monsoon
1293,22.047152961791948,22.364622214143388,3.1487631751583924,5.0,2021.0,Terai,2021-05-01,Pre-monsoon
1293,24.854422932083267,24.900878196971743,4.24714978929722,6.0,2021.0,Terai,2021-06-01,Monsoon
1293,27.19311020184489,27.26626363831015,5.013393670011132,7.0,2021.0,Terai,2021-07-01,Monsoon
1293,24.91530489652686,24.848788466868633,4.497169589691251,8.0,2021.0,Terai,2021-08-01,Monsoon
1293,23.10434698464218,23.17644429343979,3.314136254612119,9.0,2021.0,Terai,2021-09-01,Monsoon
1293,25.850985761181764,25.63688088522553,3.167661117441859,10.0,2021.0,Terai,2021-10-01,Post-monsoon
1293,24.46632621055321,23.74699540333338,5.749920500049158,11.0,2021.0,Terai,2021-11-01,Post-monsoon
1293,23.523603481200755,23.73705447481043,5.339568547139991,12.0,2021.0,Terai,2021-12-01,Winter
1293,22.06899412811998,23.02181278188309,5.456324525080888,1.0,2022.0,Terai,2022-01-01,Winter
1293,22.14312915962917,21.99555892824468,2.940760218676547,2.0,2022.0,Terai,2022-02-01,Winter
1293,31.214215080931766,32.0116935009575,3.650297908663882,3.0,2022.0,Terai,2022-03-01,Pre-monsoon
1293,35.51635362657228,35.342067761319285,3.2542294264788887,4.0,2022.0,Terai,2022-04-01,Pre-monsoon
1293,24.03214379452458,24.127958270202917,3.298915528675685,5.0,2022.0,Terai,2022-05-01,Pre-monsoon
1293,32.156458625847186,32.29416630158947,4.582666707859213,6.0,2022.0,Terai,2022-06-01,Monsoon
1293,25.5323035548342,25.455804157939127,4.662449912333574,7.0,2022.0,Terai,2022-07-01,Monsoon
1293,23.46986602546481,23.427110216494256,3.1756780782563587,8.0,2022.0,Terai,2022-08-01,Monsoon
1293,22.610808358046086,22.70314556239353,3.2318008728422742,9.0,2022.0,Terai,2022-09-01,Monsoon
1293,22.77643925434869,22.777534908074053,2.7271628346710317,10.0,2022.0,Terai,2022-10-01,Post-monsoon
1293,27.815805836716088,26.835227142960907,6.655076448119368,11.0,2022.0,Terai,2022-11-01,Post-monsoon
1293,27.57040287051618,28.24051057019453,5.688854695610562,12.0,2022.0,Terai,2022-12-01,Winter
1293,24.059081743121865,24.6662540481854,4.551261228098066,1.0,2023.0,Terai,2023-01-01,Winter
1293,27.396374235115246,27.37013226100767,3.2904273087974745,2.0,2023.0,Terai,2023-02-01,Winter
1293,32.263088836870764,32.047530798406825,6.087909254114927,3.0,2023.0,Terai,2023-03-01,Pre-monsoon
1293,40.24992760174721,37.7968543945035,9.8004027252106,4.0,2023.0,Terai,2023-04-01,Pre-monsoon
1293,33.63967568046927,33.67365216087654,3.5880700975924524,5.0,2023.0,Terai,2023-05-01,Pre-monsoon
1293,33.45315554723361,33.725730014543046,5.251134742181236,6.0,2023.0,Terai,2023-06-01,Monsoon
1293,24.529512739992384,24.64966512986561,4.464406458118658,7.0,2023.0,Terai,2023-07-01,Monsoon
1293,23.067188599299058,23.265379297336487,3.725482903684161,8.0,2023.0,Terai,2023-08-01,Monsoon
1293,23.505756074283624,23.537932654962248,3.1495103850689925,9.0,2023.0,Terai,2023-09-01,Monsoon
1293,23.827023841739376,24.00984282537439,2.65926262908918,10.0,2023.0,Terai,2023-10-01,Post-monsoon
1293,25.085187870145987,24.416047316402672,6.318420061353376,11.0,2023.0,Terai,2023-11-01,Post-monsoon
1293,25.457398726964602,26.32439495256843,5.985413681621297,12.0,2023.0,Terai,2023-12-01,Winter
1293,21.612224833124518,22.53413632897187,5.029824172407535,1.0,2024.0,Terai,2024-01-01,Winter
1293,26.677029887140534,26.407511759609136,4.003132760899372,2.0,2024.0,Terai,2024-02-01,Winter
1293,27.278222845475018,27.246810260022006,4.349067396601166,3.0,2024.0,Terai,2024-03-01,Pre-monsoon
1293,44.39597863735528,42.07142296707695,6.994019285418374,4.0,2024.0,Terai,2024-04-01,Pre-monsoon
1293,33.810460405414716,33.18453271743058,4.675481878816068,5.0,2024.0,Terai,2024-05-01,Pre-monsoon
1293,34.081436706977485,33.79992296249782,5.470209302019006,6.0,2024.0,Terai,2024-06-01,Monsoon
1293,21.83366583528736,21.88405579196236,3.862484161978651,7.0,2024.0,Terai,2024-07-01,Monsoon
1293,22.327486288539312,22.227889370629864,3.535457015527825,8.0,2024.0,Terai,2024-08-01,Monsoon
1293,24.431921102685944,24.365849633863427,3.4726457919054643,9.0,2024.0,Terai,2024-09-01,Monsoon
1293,25.137421394543463,25.100564709897437,2.9521759165248507,10.0,2024.0,Terai,2024-10-01,Post-monsoon
1293,27.968702951274622,26.825826689131066,6.793551921501486,11.0,2024.0,Terai,2024-11-01,Post-monsoon
1293,25.73073843461311,26.09955460209994,5.61165956588266,12.0,2024.0,Terai,2024-12-01,Winter
1293,24.10801744298345,24.127498177591193,4.112712404159339,1.0,2025.0,Terai,2025-01-01,Winter
1293,26.330075570935648,26.043911809895558,4.027183378440176,2.0,2025.0,Terai,2025-02-01,Winter
1293,34.95253716499826,34.636816998580436,3.8815653309255205,3.0,2025.0,Terai,2025-03-01,Pre-monsoon
1293,37.426063841726396,36.59924332044993,4.837038127848476,4.0,2025.0,Terai,2025-04-01,Pre-monsoon
1293,28.427738552569405,28.18631720841193,3.4726569533070766,5.0,2025.0,Terai,2025-05-01,Pre-monsoon
1293,25.744446560308845,25.679917529540084,3.6670933594645554,6.0,2025.0,Terai,2025-06-01,Monsoon
1293,21.67067410003212,21.62207217818274,3.486942251287653,7.0,2025.0,Terai,2025-07-01,Monsoon
1293,18.20819810862612,18.24947208822911,4.039139312909304,8.0,2025.0,Terai,2025-08-01,Monsoon
1293,22.603868416737168,22.592551083158277,2.541439499325934,9.0,2025.0,Terai,2025-09-01,Monsoon
1293,24.29416236508913,24.25551404726904,2.9840570845959187,10.0,2025.0,Terai,2025-10-01,Post-monsoon
1293,25.68967981902735,24.67805576471954,7.534182735698479,11.0,2025.0,Terai,2025-11-01,Post-monsoon
1293,23.27904229148681,23.23895322870093,5.406272061759162,12.0,2025.0,Terai,2025-12-01,Winter
1293,24.718633284224673,24.92486357262483,4.460752869272323,1.0,2026.0,Terai,2026-01-01,Winter
1293,29.21018681122555,28.90976544837996,3.2664892199268856,2.0,2026.0,Terai,2026-02-01,Winter
1293,26.958819907196204,26.996981495451237,3.091925236976112,3.0,2026.0,Terai,2026-03-01,Pre-monsoon
1293,40.45426755999562,39.682960805451685,5.641613504598479,4.0,2026.0,Terai,2026-04-01,Pre-monsoon
1293,26.268582411199077,25.800437446566402,3.455931598465082,5.0,2026.0,Terai,2026-05-01,Pre-monsoon
1293,33.286924689484024,33.3208823279438,3.487648481783757,6.0,2026.0,Terai,2026-06-01,Monsoon
1293,22.23843450165812,21.88162643583776,4.225959775495537,7.0,2026.0,Terai,2026-07-01,Monsoon
