O3_count,O3_mean,O3_median,O3_stdDev,month,year,zone,date,season
690,113.3906523607391,114.0438028808462,2.9307590954995,1.0,2019.0,High_Himal,2019-01-01,Winter
690,110.4138111764689,110.2614668672925,3.3646246330761,2.0,2019.0,High_Himal,2019-02-01,Winter
690,116.8910084196574,116.85966110318539,2.5062133823462,3.0,2019.0,High_Himal,2019-03-01,Pre-monsoon
690,118.1381292635315,118.15111860698201,0.7102524286723616,4.0,2019.0,High_Himal,2019-04-01,Pre-monsoon
690,118.761631387012,119.0298233733375,1.4778259927207,5.0,2019.0,High_Himal,2019-05-01,Pre-monsoon
690,120.91739671826771,120.9883780433122,0.8059269601805397,6.0,2019.0,High_Himal,2019-06-01,Monsoon
690,120.0372242120731,120.0949510359403,0.7295909840550524,7.0,2019.0,High_Himal,2019-07-01,Monsoon
690,118.4793347200817,118.4766699371036,0.468812267392721,8.0,2019.0,High_Himal,2019-08-01,Monsoon
690,114.9835514250344,114.88367365065861,0.8828819053761006,9.0,2019.0,High_Himal,2019-09-01,Monsoon
690,114.76532601077689,114.7302534704843,0.9000313482546175,10.0,2019.0,High_Himal,2019-10-01,Post-monsoon
690,108.39272368442269,108.13071657309429,1.5116530114406999,11.0,2019.0,High_Himal,2019-11-01,Post-monsoon
690,121.6117881550335,121.3741385060045,3.2625364629136,12.0,2019.0,High_Himal,2019-12-01,Winter
690,123.6602887960878,124.670583718264,2.9800681815533,1.0,2020.0,High_Himal,2020-01-01,Winter
690,130.04385756793448,130.2020448380456,1.2785814119113,2.0,2020.0,High_Himal,2020-02-01,Winter
690,127.58089098158621,127.5791168726991,1.0107075977045001,3.0,2020.0,High_Himal,2020-03-01,Pre-monsoon
690,131.50872631583522,131.5748654090866,0.9446410632747076,4.0,2020.0,High_Himal,2020-04-01,Pre-monsoon
690,124.06214862040139,124.2161833126287,1.1952856328900001,5.0,2020.0,High_Himal,2020-05-01,Pre-monsoon
690,116.775246323216,116.80786510799119,0.7614628527658727,6.0,2020.0,High_Himal,2020-06-01,Monsoon
690,115.3941957711383,115.42664815086779,0.6792586721766184,7.0,2020.0,High_Himal,2020-07-01,Monsoon
690,114.3053564341958,114.3245065623358,0.48091473476811997,8.0,2020.0,High_Himal,2020-08-01,Monsoon
690,114.10891435046571,114.11428034353011,0.6572610820148123,9.0,2020.0,High_Himal,2020-09-01,Monsoon
690,109.5478512684363,109.4527661427865,0.7974779369214599,10.0,2020.0,High_Himal,2020-10-01,Post-monsoon
690,115.4228347021998,115.4256450833226,0.5767353305246061,11.0,2020.0,High_Himal,2020-11-01,Post-monsoon
690,113.7773409400818,113.65848910565799,0.8457250291290898,12.0,2020.0,High_Himal,2020-12-01,Winter
690,110.25961032155331,110.73595430087519,1.5051911605705,1.0,2021.0,High_Himal,2021-01-01,Winter
690,123.998190542239,124.25193106750811,1.1786540205805,2.0,2021.0,High_Himal,2021-02-01,Winter
690,121.8383612501499,122.0792684992811,1.4467057887683,3.0,2021.0,High_Himal,2021-03-01,Pre-monsoon
690,125.9917188703459,126.61714035936919,2.2009983249815996,4.0,2021.0,High_Himal,2021-04-01,Pre-monsoon
690,121.2949811015073,121.1670960199145,1.258246854739,5.0,2021.0,High_Himal,2021-05-01,Pre-monsoon
690,119.4836044080613,119.4916418821464,0.8961990758831269,6.0,2021.0,High_Himal,2021-06-01,Monsoon
690,121.0454653340524,121.1388555102407,0.7130141565394297,7.0,2021.0,High_Himal,2021-07-01,Monsoon
690,118.6618873338913,118.5725278891743,0.7320444885598606,8.0,2021.0,High_Himal,2021-08-01,Monsoon
690,118.67138187949861,118.6973651377627,0.5855120479341488,9.0,2021.0,High_Himal,2021-09-01,Monsoon
690,114.54164659962241,114.52506561858151,0.679468008950036,10.0,2021.0,High_Himal,2021-10-01,Post-monsoon
690,113.8817906589654,113.9072503430398,0.6587974426044017,11.0,2021.0,High_Himal,2021-11-01,Post-monsoon
690,119.4784679347359,119.41019929679949,2.5068173525665,12.0,2021.0,High_Himal,2021-12-01,Winter
690,123.9351949818315,124.1359502953967,1.1265836221376,1.0,2022.0,High_Himal,2022-01-01,Winter
690,129.9928464732363,130.0507139326301,1.0412198395428,2.0,2022.0,High_Himal,2022-02-01,Winter
690,123.6171464138316,123.7354418171264,1.1609184183895,3.0,2022.0,High_Himal,2022-03-01,Pre-monsoon
690,126.43047360568261,126.4506096303292,0.7929750784768033,4.0,2022.0,High_Himal,2022-04-01,Pre-monsoon
690,124.2207769648934,124.2216641981915,0.8080600538157033,5.0,2022.0,High_Himal,2022-05-01,Pre-monsoon
690,123.99709691221709,123.9545075158901,0.6129573286328699,6.0,2022.0,High_Himal,2022-06-01,Monsoon
690,122.3695146683459,122.41252646935651,0.6136896620016286,7.0,2022.0,High_Himal,2022-07-01,Monsoon
690,120.16622703061459,120.14071418037051,0.4740406947857898,8.0,2022.0,High_Himal,2022-08-01,Monsoon
690,117.87135957701,117.853962928857,0.6523608236333907,9.0,2022.0,High_Himal,2022-09-01,Monsoon
690,116.0105324264037,116.0948950879946,1.0736340731571,10.0,2022.0,High_Himal,2022-10-01,Post-monsoon
690,110.8845488786068,110.73973662051189,1.2243104553250002,11.0,2022.0,High_Himal,2022-11-01,Post-monsoon
690,110.2901936110481,110.27573120559039,1.1009242960571,12.0,2022.0,High_Himal,2022-12-01,Winter
690,110.6983681545154,110.64430898780101,1.0048596975394999,1.0,2023.0,High_Himal,2023-01-01,Winter
690,114.8417837595578,115.0837196888923,1.652493685176,2.0,2023.0,High_Himal,2023-02-01,Winter
690,121.5160029093378,121.44309882392581,1.2029231092045,3.0,2023.0,High_Himal,2023-03-01,Pre-monsoon
690,127.36865228637559,127.5950584959741,1.7892760015652,4.0,2023.0,High_Himal,2023-04-01,Pre-monsoon
690,123.8519881288808,123.8609861915469,1.7470699193035,5.0,2023.0,High_Himal,2023-05-01,Pre-monsoon
690,121.6599155908734,121.664753106715,0.6259530074570209,6.0,2023.0,High_Himal,2023-06-01,Monsoon
690,119.27145361033,119.2847666468202,0.5216020816051534,7.0,2023.0,High_Himal,2023-07-01,Monsoon
690,116.8956526591374,116.8754887000604,0.45825191671562565,8.0,2023.0,High_Himal,2023-08-01,Monsoon
690,118.8530651721927,118.8754168652382,0.5361782432822164,9.0,2023.0,High_Himal,2023-09-01,Monsoon
690,117.8913438372936,117.9065790949525,0.8741187951946193,10.0,2023.0,High_Himal,2023-10-01,Post-monsoon
690,118.9786405232985,118.9104999528615,1.1539408724686,11.0,2023.0,High_Himal,2023-11-01,Post-monsoon
690,122.1837345386459,122.3582608867873,1.5701919956354,12.0,2023.0,High_Himal,2023-12-01,Winter
690,128.9195642661147,128.9990041852446,1.7183924982673,1.0,2024.0,High_Himal,2024-01-01,Winter
690,131.2622509359469,131.6204578634121,3.3128378790264,2.0,2024.0,High_Himal,2024-02-01,Winter
690,125.5485258404401,125.1575296408558,2.0401841802768,3.0,2024.0,High_Himal,2024-03-01,Pre-monsoon
690,135.7537533178793,136.1379331763356,2.0431666554969,4.0,2024.0,High_Himal,2024-04-01,Pre-monsoon
690,128.7483088619579,128.70337578866662,1.2177422156636,5.0,2024.0,High_Himal,2024-05-01,Pre-monsoon
690,124.7087953514115,124.7061717350242,0.7526392458349414,6.0,2024.0,High_Himal,2024-06-01,Monsoon
690,119.599536716644,119.5830468966428,0.7697287580528684,7.0,2024.0,High_Himal,2024-07-01,Monsoon
690,119.62965937342581,119.6502181802913,0.523235659554362,8.0,2024.0,High_Himal,2024-08-01,Monsoon
690,118.4797290830662,118.48758612905209,0.6748264971686275,9.0,2024.0,High_Himal,2024-09-01,Monsoon
690,115.6938250302926,115.67719253364379,0.991231914500307,10.0,2024.0,High_Himal,2024-10-01,Post-monsoon
690,113.4714002027983,113.6018376418323,0.9260426685262207,11.0,2024.0,High_Himal,2024-11-01,Post-monsoon
690,115.0697246768219,114.8968422909734,1.8235777332512,12.0,2024.0,High_Himal,2024-12-01,Winter
690,116.7200106304649,116.92164133609299,1.2547132626074,1.0,2025.0,High_Himal,2025-01-01,Winter
690,126.83364728459689,127.15319014409249,1.3173909931228,2.0,2025.0,High_Himal,2025-02-01,Winter
690,125.8999006708521,125.80597619234598,1.5606362847536,3.0,2025.0,High_Himal,2025-03-01,Pre-monsoon
690,127.62075368695992,127.61038645828322,0.65684402863582,4.0,2025.0,High_Himal,2025-04-01,Pre-monsoon
690,125.584112571702,125.62520570427799,0.6887622836662601,5.0,2025.0,High_Himal,2025-05-01,Pre-monsoon
690,122.17778357500029,122.1735319088431,0.5903603678681183,6.0,2025.0,High_Himal,2025-06-01,Monsoon
690,120.4648317716922,120.477739104333,0.4591813787394136,7.0,2025.0,High_Himal,2025-07-01,Monsoon
690,118.445052305645,118.4456233777083,0.4165519426197588,8.0,2025.0,High_Himal,2025-08-01,Monsoon
690,116.961804247578,116.9171880614,0.6766704182330157,9.0,2025.0,High_Himal,2025-09-01,Monsoon
690,117.1809800803219,117.1972253827111,0.6697163077273767,10.0,2025.0,High_Himal,2025-10-01,Post-monsoon
690,110.49654694327441,110.5848470161534,0.9329050260769144,11.0,2025.0,High_Himal,2025-11-01,Post-monsoon
690,108.70197737513861,108.61865612983331,0.7993829774529846,12.0,2025.0,High_Himal,2025-12-01,Winter
690,115.2474338708608,114.95787953057419,1.7765005544923,1.0,2026.0,High_Himal,2026-01-01,Winter
690,123.05350451241071,123.2164017020892,1.3192981089727,2.0,2026.0,High_Himal,2026-02-01,Winter
690,124.1975685348596,124.1926036780032,0.8617678118755269,3.0,2026.0,High_Himal,2026-03-01,Pre-monsoon
690,127.5964725641745,127.70779152318401,1.2010494804469,4.0,2026.0,High_Himal,2026-04-01,Pre-monsoon
690,127.87421923878931,127.91789278921861,0.6936480057821922,5.0,2026.0,High_Himal,2026-05-01,Pre-monsoon
690,125.965867639449,125.9531689530817,0.5939466718577318,6.0,2026.0,High_Himal,2026-06-01,Monsoon
690,122.9611724366326,122.9493152300809,0.4822532835944905,7.0,2026.0,High_Himal,2026-07-01,Monsoon
690,122.9462087512331,123.06147321124811,1.203034856994,8.0,2026.0,High_Himal,2026-08-01,Monsoon
1449,114.07925210536821,114.8399051195526,2.6554855192981,1.0,2019.0,High_Mountains,2019-01-01,Winter
1449,111.2266331019397,111.4165318722599,2.8887610671667,2.0,2019.0,High_Mountains,2019-02-01,Winter
1449,117.90334395429659,118.2539400847791,2.36391037131,3.0,2019.0,High_Mountains,2019-03-01,Pre-monsoon
1449,119.5690616984685,119.4620433594893,0.994702079602154,4.0,2019.0,High_Mountains,2019-04-01,Pre-monsoon
1449,119.82400683474489,120.041997040036,1.4562445250266,5.0,2019.0,High_Mountains,2019-05-01,Pre-monsoon
1449,121.90405626540229,121.841187185967,0.9930905570487989,6.0,2019.0,High_Mountains,2019-06-01,Monsoon
1449,120.8726485853311,120.8934246612814,0.7904827966292494,7.0,2019.0,High_Mountains,2019-07-01,Monsoon
1449,119.10327042662169,119.0541751368618,0.585096128054598,8.0,2019.0,High_Mountains,2019-08-01,Monsoon
1449,115.84301924022,115.8049529022296,0.9403899691011652,9.0,2019.0,High_Mountains,2019-09-01,Monsoon
1449,115.6451049885062,115.5842392033919,0.8432555855002818,10.0,2019.0,High_Mountains,2019-10-01,Post-monsoon
1449,109.1039268261906,108.9627362185223,1.334449974726,11.0,2019.0,High_Mountains,2019-11-01,Post-monsoon
1449,122.4038210895648,122.21898998189499,3.1332431102829,12.0,2019.0,High_Mountains,2019-12-01,Winter
1449,124.4774477310643,125.39855398262101,2.8957846568527,1.0,2020.0,High_Mountains,2020-01-01,Winter
1449,131.1593252336776,131.1962594328606,1.6566401474395,2.0,2020.0,High_Mountains,2020-02-01,Winter
1449,129.1272685909804,128.934495496876,1.4429769796593,3.0,2020.0,High_Mountains,2020-03-01,Pre-monsoon
1449,132.3884308306969,132.3090453861645,0.9457523734467443,4.0,2020.0,High_Mountains,2020-04-01,Pre-monsoon
1449,125.1338697216936,125.20072945547838,1.2840603117674998,5.0,2020.0,High_Mountains,2020-05-01,Pre-monsoon
1449,117.8683038467341,117.84403796137249,0.9024321349915745,6.0,2020.0,High_Mountains,2020-06-01,Monsoon
1449,116.1214380498432,116.103608933149,0.7047372014485234,7.0,2020.0,High_Mountains,2020-07-01,Monsoon
1449,114.9667978949012,114.91468122909839,0.5685482094061645,8.0,2020.0,High_Mountains,2020-08-01,Monsoon
1449,115.0694710655273,115.0076080985868,0.7948564303958694,9.0,2020.0,High_Mountains,2020-09-01,Monsoon
1449,110.2473487610255,110.1531182815636,0.8129579224404178,10.0,2020.0,High_Mountains,2020-10-01,Post-monsoon
1449,116.0517368808205,116.0449790803437,0.6875787045390389,11.0,2020.0,High_Mountains,2020-11-01,Post-monsoon
1449,114.1876681711015,114.1184501829802,0.6821641574602412,12.0,2020.0,High_Mountains,2020-12-01,Winter
1449,110.8606093481941,111.2527841888713,1.3257178199612,1.0,2021.0,High_Mountains,2021-01-01,Winter
1449,124.979774643016,125.0739211298769,1.1889406866104,2.0,2021.0,High_Mountains,2021-02-01,Winter
1449,122.6111661005293,122.8505934691548,1.4338805737519,3.0,2021.0,High_Mountains,2021-03-01,Pre-monsoon
1449,127.2843790971081,127.83506041985652,1.9817248175382,4.0,2021.0,High_Mountains,2021-04-01,Pre-monsoon
1449,122.638017850781,122.5952458074208,1.3149435375704,5.0,2021.0,High_Mountains,2021-05-01,Pre-monsoon
1449,120.75839382915859,120.6823651981293,0.9979177386135938,6.0,2021.0,High_Mountains,2021-06-01,Monsoon
1449,121.9290826085124,121.9067134590731,0.7700293742991351,7.0,2021.0,High_Mountains,2021-07-01,Monsoon
1449,119.4745953538028,119.45840044450901,0.7234245117433951,8.0,2021.0,High_Mountains,2021-08-01,Monsoon
1449,119.5304802151067,119.4896904082459,0.6997028165156923,9.0,2021.0,High_Mountains,2021-09-01,Monsoon
1449,115.34348149260789,115.3101995296532,0.8170872971284177,10.0,2021.0,High_Mountains,2021-10-01,Post-monsoon
1449,114.7265867254169,114.7631281868142,0.692876166871296,11.0,2021.0,High_Mountains,2021-11-01,Post-monsoon
1449,120.5628769557368,120.88438336519471,2.4629673307232998,12.0,2021.0,High_Mountains,2021-12-01,Winter
1449,124.7215181915291,124.8333346996083,1.1930142186566,1.0,2022.0,High_Mountains,2022-01-01,Winter
1449,130.81380647855858,130.7651429966207,1.3556658283806,2.0,2022.0,High_Mountains,2022-02-01,Winter
1449,124.6298535517271,124.7118829612085,1.1735904720360002,3.0,2022.0,High_Mountains,2022-03-01,Pre-monsoon
1449,127.4200931255437,127.3959575768231,0.9661431263298568,4.0,2022.0,High_Mountains,2022-04-01,Pre-monsoon
1449,125.41179453657281,125.35321724746152,0.9504554168770247,5.0,2022.0,High_Mountains,2022-05-01,Pre-monsoon
1449,125.08108247261279,124.9567593986754,0.9246288912218747,6.0,2022.0,High_Mountains,2022-06-01,Monsoon
1449,123.25699991612781,123.24741541421889,0.7075592446801969,7.0,2022.0,High_Mountains,2022-07-01,Monsoon
1449,120.9521557315288,120.8966594280322,0.6381076594810018,8.0,2022.0,High_Mountains,2022-08-01,Monsoon
1449,118.7405758935424,118.6989559848969,0.6921331451169698,9.0,2022.0,High_Mountains,2022-09-01,Monsoon
1449,117.2074843405347,117.2641094883924,1.1958938677820001,10.0,2022.0,High_Mountains,2022-10-01,Post-monsoon
1449,111.8929329428812,111.8592109424116,1.2669335640083998,11.0,2022.0,High_Mountains,2022-11-01,Post-monsoon
1449,111.03246631922201,110.9142810476911,0.971935895459882,12.0,2022.0,High_Mountains,2022-12-01,Winter
1449,111.4887920136806,111.3459386016227,1.0594240555776,1.0,2023.0,High_Mountains,2023-01-01,Winter
1449,115.6147181382579,116.0427853927762,1.7279383868588,2.0,2023.0,High_Mountains,2023-02-01,Winter
1449,122.36232699799771,122.3899631363918,1.0584142163783,3.0,2023.0,High_Mountains,2023-03-01,Pre-monsoon
1449,128.57792809767022,128.77282882259968,1.5884304705580998,4.0,2023.0,High_Mountains,2023-04-01,Pre-monsoon
1449,125.21936907634328,125.35091220292,1.6317820218927,5.0,2023.0,High_Mountains,2023-05-01,Pre-monsoon
1449,122.6834020238783,122.6019118794105,0.7831323191930472,6.0,2023.0,High_Mountains,2023-06-01,Monsoon
1449,120.1111157728636,120.0713504471614,0.6146594663816914,7.0,2023.0,High_Mountains,2023-07-01,Monsoon
1449,117.6773245776474,117.5935858941028,0.6266782321221523,8.0,2023.0,High_Mountains,2023-08-01,Monsoon
1449,119.73596871023099,119.6403674838864,0.6831193637170403,9.0,2023.0,High_Mountains,2023-09-01,Monsoon
1449,118.56950600972719,118.5176639036873,0.8228707872378602,10.0,2023.0,High_Mountains,2023-10-01,Post-monsoon
1449,119.68589527315581,119.79573995306669,1.057194332802,11.0,2023.0,High_Mountains,2023-11-01,Post-monsoon
1449,122.9044404536004,123.24416532443561,1.4474626800936,12.0,2023.0,High_Mountains,2023-12-01,Winter
1449,129.1979212935852,129.5482158803883,1.5533650806165,1.0,2024.0,High_Mountains,2024-01-01,Winter
1449,132.1838760866981,133.08544744604887,3.1395714656442,2.0,2024.0,High_Mountains,2024-02-01,Winter
1449,126.73833983975119,126.802694478625,1.9627322942689,3.0,2024.0,High_Mountains,2024-03-01,Pre-monsoon
1449,136.61584818134222,136.6876562962511,1.8799910448954,4.0,2024.0,High_Mountains,2024-04-01,Pre-monsoon
1449,130.0583515211238,129.9860549197595,1.2470153625865001,5.0,2024.0,High_Mountains,2024-05-01,Pre-monsoon
1449,125.77070834235349,125.7134344615153,0.8715789711707849,6.0,2024.0,High_Mountains,2024-06-01,Monsoon
1449,120.419162301339,120.4080597016298,0.8687161949747911,7.0,2024.0,High_Mountains,2024-07-01,Monsoon
1449,120.3211489727495,120.2532405710671,0.6496624934207645,8.0,2024.0,High_Mountains,2024-08-01,Monsoon
1449,119.303674850801,119.2447469374457,0.808872496116097,9.0,2024.0,High_Mountains,2024-09-01,Monsoon
1449,116.5234647622211,116.4762781185372,0.8873102874662556,10.0,2024.0,High_Mountains,2024-10-01,Post-monsoon
1449,114.1503853044744,114.1778419621506,0.8619998972344853,11.0,2024.0,High_Mountains,2024-11-01,Post-monsoon
1449,115.7856699396596,115.5244829834014,1.5929801640812,12.0,2024.0,High_Mountains,2024-12-01,Winter
1449,117.5998772681973,117.72110577976109,1.2971636591722,1.0,2025.0,High_Mountains,2025-01-01,Winter
1449,127.35581983525579,127.51708959908689,1.2516106787038,2.0,2025.0,High_Mountains,2025-02-01,Winter
1449,126.81113713448761,126.904307729456,1.5754705128443,3.0,2025.0,High_Mountains,2025-03-01,Pre-monsoon
1449,128.7464889428863,128.6783681571361,0.8107775177965036,4.0,2025.0,High_Mountains,2025-04-01,Pre-monsoon
1449,126.84621912011521,126.75559033760261,0.9199484023690928,5.0,2025.0,High_Mountains,2025-05-01,Pre-monsoon
1449,123.2827214231018,123.1540080434249,0.813481119026137,6.0,2025.0,High_Mountains,2025-06-01,Monsoon
1449,121.2558040981661,121.1999940807093,0.6028282617589171,7.0,2025.0,High_Mountains,2025-07-01,Monsoon
1449,119.16965562944989,119.1010534823603,0.6069844351094931,8.0,2025.0,High_Mountains,2025-08-01,Monsoon
1449,117.9473480197001,117.8474933552891,0.8258845374406198,9.0,2025.0,High_Mountains,2025-09-01,Monsoon
1449,118.1702200448197,118.1470033654985,0.7575679848160197,10.0,2025.0,High_Mountains,2025-10-01,Post-monsoon
1449,111.4119984241397,111.4054439332314,0.8659541558463824,11.0,2025.0,High_Mountains,2025-11-01,Post-monsoon
1449,109.35974720226679,109.32986048996291,0.7014631413422618,12.0,2025.0,High_Mountains,2025-12-01,Winter
1449,116.0934306165458,115.9541746405449,1.5595398655021,1.0,2026.0,High_Mountains,2026-01-01,Winter
1449,124.1739972545903,124.15738898518,1.4528919320607,2.0,2026.0,High_Mountains,2026-02-01,Winter
1449,125.0834455932591,125.076367167303,0.9875658820559985,3.0,2026.0,High_Mountains,2026-03-01,Pre-monsoon
1449,128.7310167033413,128.7526188412341,1.3145822437772,4.0,2026.0,High_Mountains,2026-04-01,Pre-monsoon
1449,128.8971369999036,128.8287987486951,0.7914346992643553,5.0,2026.0,High_Mountains,2026-05-01,Pre-monsoon
1449,127.1257443405558,127.03267757842221,0.9341846483679564,6.0,2026.0,High_Mountains,2026-06-01,Monsoon
1449,123.6877417466051,123.6800000918974,0.6055979475462188,7.0,2026.0,High_Mountains,2026-07-01,Monsoon
1449,123.631567581134,123.641425874494,1.2632969391304,8.0,2026.0,High_Mountains,2026-08-01,Monsoon
1518,113.6907921807057,114.53035356963059,2.9320190615250996,1.0,2019.0,Middle_Mountains,2019-01-01,Winter
1518,111.4173108238701,111.2914834823632,2.6727007699967,2.0,2019.0,Middle_Mountains,2019-02-01,Winter
1518,118.75234259915949,118.8019587996955,2.2603215518385,3.0,2019.0,Middle_Mountains,2019-03-01,Pre-monsoon
1518,121.9378863891999,121.9642225584065,1.0816653138610999,4.0,2019.0,Middle_Mountains,2019-04-01,Pre-monsoon
1518,121.6801225144295,121.79316217651589,1.5251700505027002,5.0,2019.0,Middle_Mountains,2019-05-01,Pre-monsoon
1518,124.1459111906841,124.2224196120202,1.2990480475954,6.0,2019.0,Middle_Mountains,2019-06-01,Monsoon
1518,122.4341286999304,122.4551329445312,0.9685687462254904,7.0,2019.0,Middle_Mountains,2019-07-01,Monsoon
1518,120.67873203373219,120.7111845497527,0.8271774655455892,8.0,2019.0,Middle_Mountains,2019-08-01,Monsoon
1518,117.21691900958609,117.17240584693509,1.0998513434779,9.0,2019.0,Middle_Mountains,2019-09-01,Monsoon
1518,117.29978448831679,117.2630329344926,1.0290354774694999,10.0,2019.0,Middle_Mountains,2019-10-01,Post-monsoon
1518,110.16801384826951,110.0613096994116,1.2674278121377,11.0,2019.0,Middle_Mountains,2019-11-01,Post-monsoon
1518,122.12162717187431,121.25553421619931,3.4167453120827003,12.0,2019.0,Middle_Mountains,2019-12-01,Winter
1518,124.20913724826151,125.22185393297269,2.829929907339,1.0,2020.0,Middle_Mountains,2020-01-01,Winter
1518,131.4643691859094,131.6231435593713,2.0270954822389,2.0,2020.0,Middle_Mountains,2020-02-01,Winter
1518,131.1109770615189,131.2464432742206,1.0821143012686,3.0,2020.0,Middle_Mountains,2020-03-01,Pre-monsoon
1518,133.6458927679865,133.7106376386273,0.7775111510064084,4.0,2020.0,Middle_Mountains,2020-04-01,Pre-monsoon
1518,126.8926968421564,127.041773800344,1.4321045887226,5.0,2020.0,Middle_Mountains,2020-05-01,Pre-monsoon
1518,120.3205674221004,120.3148839449308,1.2029923630364,6.0,2020.0,Middle_Mountains,2020-06-01,Monsoon
1518,117.6510184698049,117.6048250228082,0.9471355804047847,7.0,2020.0,Middle_Mountains,2020-07-01,Monsoon
1518,116.3897559911395,116.4109739706731,0.7988490896632499,8.0,2020.0,Middle_Mountains,2020-08-01,Monsoon
1518,116.9156551883724,116.9007658407589,0.9756801051124672,9.0,2020.0,Middle_Mountains,2020-09-01,Monsoon
1518,111.8200074323721,111.8304951844902,0.9626360912494653,10.0,2020.0,Middle_Mountains,2020-10-01,Post-monsoon
1518,117.5300569167188,117.5694490868325,0.8269490028645295,11.0,2020.0,Middle_Mountains,2020-11-01,Post-monsoon
1518,115.0585654920912,114.94245896162731,0.7460823065089187,12.0,2020.0,Middle_Mountains,2020-12-01,Winter
1518,111.2683107763399,111.3726210300206,1.4524965938722,1.0,2021.0,Middle_Mountains,2021-01-01,Winter
1518,126.196811868589,126.3117627807889,1.2648944129295,2.0,2021.0,Middle_Mountains,2021-02-01,Winter
1518,123.74033602173901,123.92978573149779,1.6808082799805,3.0,2021.0,Middle_Mountains,2021-03-01,Pre-monsoon
1518,128.8770495364442,129.31113501312979,1.938102329463,4.0,2021.0,Middle_Mountains,2021-04-01,Pre-monsoon
1518,125.1489733594022,125.0324022804623,1.4806727849123,5.0,2021.0,Middle_Mountains,2021-05-01,Pre-monsoon
1518,122.8976439637234,122.8815518826405,1.2098126080364,6.0,2021.0,Middle_Mountains,2021-06-01,Monsoon
1518,123.50409065335539,123.5533375187566,0.9327748389387789,7.0,2021.0,Middle_Mountains,2021-07-01,Monsoon
1518,121.1621422402937,121.1070874722965,1.0075088454489,8.0,2021.0,Middle_Mountains,2021-08-01,Monsoon
1518,121.1092845128028,121.10784159766449,0.887433696903966,9.0,2021.0,Middle_Mountains,2021-09-01,Monsoon
1518,117.50093130267871,117.44593928425489,1.1215039100824,10.0,2021.0,Middle_Mountains,2021-10-01,Post-monsoon
1518,116.2132838248488,116.16347814558151,0.7763515506957789,11.0,2021.0,Middle_Mountains,2021-11-01,Post-monsoon
1518,120.662203646861,120.3986709450708,2.4293327686143,12.0,2021.0,Middle_Mountains,2021-12-01,Winter
1518,125.4207708712089,125.6880461523839,1.1090927868208,1.0,2022.0,Middle_Mountains,2022-01-01,Winter
1518,131.9194766363314,131.943510367822,1.1682925130141,2.0,2022.0,Middle_Mountains,2022-02-01,Winter
1518,127.113535404556,127.0920266872968,1.1500506582557,3.0,2022.0,Middle_Mountains,2022-03-01,Pre-monsoon
1518,129.8425358360399,129.8925831751322,1.1664080700417998,4.0,2022.0,Middle_Mountains,2022-04-01,Pre-monsoon
1518,128.1719907004662,128.18561804161192,1.3044278160945,5.0,2022.0,Middle_Mountains,2022-05-01,Pre-monsoon
1518,127.8011510501094,127.8539848473837,1.1727178926148,6.0,2022.0,Middle_Mountains,2022-06-01,Monsoon
1518,124.8862913942004,124.8919111661044,0.8337617253267746,7.0,2022.0,Middle_Mountains,2022-07-01,Monsoon
1518,122.8584752423525,122.9134369492505,0.8352913350464277,8.0,2022.0,Middle_Mountains,2022-08-01,Monsoon
1518,120.4639699008075,120.4352129116758,0.9046719282713408,9.0,2022.0,Middle_Mountains,2022-09-01,Monsoon
1518,118.64023100639271,118.7322302225292,1.3162798716673,10.0,2022.0,Middle_Mountains,2022-10-01,Post-monsoon
1518,113.02741016300851,112.90142645893519,1.2706365990971,11.0,2022.0,Middle_Mountains,2022-11-01,Post-monsoon
1518,111.6304263590773,111.4627885980244,1.0087153445561001,12.0,2022.0,Middle_Mountains,2022-12-01,Winter
1518,112.6217645690738,112.4431406120834,1.2700002066401002,1.0,2023.0,Middle_Mountains,2023-01-01,Winter
1518,116.1834248476972,116.4424518280355,1.7344447470223001,2.0,2023.0,Middle_Mountains,2023-02-01,Winter
1518,124.0145493469262,124.0375491696854,1.0741362914271,3.0,2023.0,Middle_Mountains,2023-03-01,Pre-monsoon
1518,130.2806265127185,130.1541868966309,1.6258747415259,4.0,2023.0,Middle_Mountains,2023-04-01,Pre-monsoon
1518,127.10651504645101,127.1022560373605,1.6759270445401,5.0,2023.0,Middle_Mountains,2023-05-01,Pre-monsoon
1518,125.11588096882332,125.1651171104145,1.0930889496132,6.0,2023.0,Middle_Mountains,2023-06-01,Monsoon
1518,121.7905739429854,121.77871098075629,0.7750169742611855,7.0,2023.0,Middle_Mountains,2023-07-01,Monsoon
1518,119.5921935665644,119.55232975729629,0.8459303282280715,8.0,2023.0,Middle_Mountains,2023-08-01,Monsoon
1518,121.6302620011501,121.5981721507175,0.9404233710288188,9.0,2023.0,Middle_Mountains,2023-09-01,Monsoon
1518,120.1874859858566,120.1002519523546,1.1308918358039,10.0,2023.0,Middle_Mountains,2023-10-01,Post-monsoon
1518,120.8170483423417,120.8053841456816,1.2207824392419,11.0,2023.0,Middle_Mountains,2023-11-01,Post-monsoon
1518,123.0261753569262,122.83761248470749,1.4373268374595,12.0,2023.0,Middle_Mountains,2023-12-01,Winter
1518,129.1794749901374,129.4999964498037,1.5151567888091,1.0,2024.0,Middle_Mountains,2024-01-01,Winter
1518,131.68281272917508,131.6182438695643,3.3848684779664002,2.0,2024.0,Middle_Mountains,2024-02-01,Winter
1518,127.82761782832011,127.65243691829761,1.8115273440384,3.0,2024.0,Middle_Mountains,2024-03-01,Pre-monsoon
1518,137.8708858324936,137.6764419549117,2.0586156958183,4.0,2024.0,Middle_Mountains,2024-04-01,Pre-monsoon
1518,132.1909330406446,132.0543120091304,1.4302830406293,5.0,2024.0,Middle_Mountains,2024-05-01,Pre-monsoon
1518,128.19586997702731,128.15860712682812,1.1091147028646,6.0,2024.0,Middle_Mountains,2024-06-01,Monsoon
1518,121.8616771527124,121.9063046185763,0.9923400401339315,7.0,2024.0,Middle_Mountains,2024-07-01,Monsoon
1518,121.94035654852189,121.9019488227544,0.8491668162274049,8.0,2024.0,Middle_Mountains,2024-08-01,Monsoon
1518,120.9327322648686,120.9579718172927,0.9690371855193468,9.0,2024.0,Middle_Mountains,2024-09-01,Monsoon
1518,118.13571522035011,118.1486651563567,1.1518217233548,10.0,2024.0,Middle_Mountains,2024-10-01,Post-monsoon
1518,115.3794684084711,115.3692060710486,1.1417694563355998,11.0,2024.0,Middle_Mountains,2024-11-01,Post-monsoon
1518,116.44492315496389,116.10004172865419,1.5636926304513001,12.0,2024.0,Middle_Mountains,2024-12-01,Winter
1518,118.416460542394,118.4829820970445,1.4074370123261002,1.0,2025.0,Middle_Mountains,2025-01-01,Winter
1518,127.7078850883641,127.8523547847451,1.4043101158294,2.0,2025.0,Middle_Mountains,2025-02-01,Winter
1518,128.1805882574964,127.9623952837322,1.7496193666953,3.0,2025.0,Middle_Mountains,2025-03-01,Pre-monsoon
1518,130.87285989982232,130.9034102106587,0.9803545470105484,4.0,2025.0,Middle_Mountains,2025-04-01,Pre-monsoon
1518,129.5183848715939,129.5318196926419,1.1750123086192001,5.0,2025.0,Middle_Mountains,2025-05-01,Pre-monsoon
1518,125.6014933439941,125.5658104769978,1.0422135186805999,6.0,2025.0,Middle_Mountains,2025-06-01,Monsoon
1518,123.0443122885237,123.0325437775118,0.8225283313200454,7.0,2025.0,Middle_Mountains,2025-07-01,Monsoon
1518,120.9863589841952,121.0183335951034,0.8291857245099638,8.0,2025.0,Middle_Mountains,2025-08-01,Monsoon
1518,119.8472757129701,119.82643170592,1.0283297601674002,9.0,2025.0,Middle_Mountains,2025-09-01,Monsoon
1518,120.23784353395101,120.2561777340308,0.9185344981114129,10.0,2025.0,Middle_Mountains,2025-10-01,Post-monsoon
1518,112.42726293496209,112.41074048444,0.797796821047294,11.0,2025.0,Middle_Mountains,2025-11-01,Post-monsoon
1518,110.6323318667323,110.5513087273645,0.8450789379618112,12.0,2025.0,Middle_Mountains,2025-12-01,Winter
1518,116.66506885527619,116.58557702951609,1.5639232614105,1.0,2026.0,Middle_Mountains,2026-01-01,Winter
1518,125.0817733875823,125.10562889462459,1.4127397681993001,2.0,2026.0,Middle_Mountains,2026-02-01,Winter
1518,126.94850361013049,126.9969122988327,0.967344694090412,3.0,2026.0,Middle_Mountains,2026-03-01,Pre-monsoon
1518,130.10131620792708,130.2215430674542,1.5041436326636999,4.0,2026.0,Middle_Mountains,2026-04-01,Pre-monsoon
1518,131.13710502002928,131.0917003182433,1.0310912693968,5.0,2026.0,Middle_Mountains,2026-05-01,Pre-monsoon
1518,129.9892091087373,129.95784615378912,1.1765136885822,6.0,2026.0,Middle_Mountains,2026-06-01,Monsoon
1518,125.53811386886879,125.5390423487621,0.8672451689233087,7.0,2026.0,Middle_Mountains,2026-07-01,Monsoon
1518,124.3909521985979,124.3086799714225,1.2441866936004,8.0,2026.0,Middle_Mountains,2026-08-01,Monsoon
2100,114.0859944618704,114.838535255621,2.5690092621516,1.0,2019.0,Siwalik,2019-01-01,Winter
2100,112.147404612429,112.2144370252841,2.1530399833739,2.0,2019.0,Siwalik,2019-02-01,Winter
2100,119.64452848848741,119.7790221523044,1.6829499585605001,3.0,2019.0,Siwalik,2019-03-01,Pre-monsoon
2100,123.7866699655932,123.7946053785827,0.8989593756197073,4.0,2019.0,Siwalik,2019-04-01,Pre-monsoon
2100,123.4633558226898,123.6710254308396,1.1607923948468,5.0,2019.0,Siwalik,2019-05-01,Pre-monsoon
2100,126.0983681045289,126.1418065534777,0.8942544692394561,6.0,2019.0,Siwalik,2019-06-01,Monsoon
2100,123.6611372799903,123.6727731219375,0.7679344201907251,7.0,2019.0,Siwalik,2019-07-01,Monsoon
2100,122.17294749981029,122.1760980910555,0.5985592793410935,8.0,2019.0,Siwalik,2019-08-01,Monsoon
2100,118.2970886796465,118.2088335018654,0.8153964649541123,9.0,2019.0,Siwalik,2019-09-01,Monsoon
2100,118.7116926514467,118.73033689348959,0.8598976686682382,10.0,2019.0,Siwalik,2019-10-01,Post-monsoon
2100,111.38194228547391,111.4641265553891,1.0214064566004,11.0,2019.0,Siwalik,2019-11-01,Post-monsoon
2100,122.0901482812897,121.3612755429391,2.8947830031318,12.0,2019.0,Siwalik,2019-12-01,Winter
2100,124.202818383279,124.6046897669021,2.2824790356369,1.0,2020.0,Siwalik,2020-01-01,Winter
2100,131.6330752777824,131.6351649496192,1.7741040589471,2.0,2020.0,Siwalik,2020-02-01,Winter
2100,132.332514460478,132.3408212950764,0.8189901781283954,3.0,2020.0,Siwalik,2020-03-01,Pre-monsoon
2100,134.71646329975408,134.7524371557244,0.6573891835579027,4.0,2020.0,Siwalik,2020-04-01,Pre-monsoon
2100,128.6934810813343,128.956074494897,1.3097829756519,5.0,2020.0,Siwalik,2020-05-01,Pre-monsoon
2100,122.3971411571678,122.41954480065701,0.9041469342618156,6.0,2020.0,Siwalik,2020-06-01,Monsoon
2100,119.22481080260421,119.2465774146763,0.829553243077513,7.0,2020.0,Siwalik,2020-07-01,Monsoon
2100,117.810766057597,117.81447670269719,0.6508367437607157,8.0,2020.0,Siwalik,2020-08-01,Monsoon
2100,118.50316662727151,118.5150958909619,0.7871269381489465,9.0,2020.0,Siwalik,2020-09-01,Monsoon
2100,113.43087349951871,113.41905914846339,0.8280492448112211,10.0,2020.0,Siwalik,2020-10-01,Post-monsoon
2100,118.7764533360629,118.7900485384452,0.8518059073165324,11.0,2020.0,Siwalik,2020-11-01,Post-monsoon
2100,116.1771308638451,116.2252402955074,0.8202993776286006,12.0,2020.0,Siwalik,2020-12-01,Winter
2100,112.0619759926438,112.0136953384929,1.3130542941604,1.0,2021.0,Siwalik,2021-01-01,Winter
2100,127.5610195096549,127.6106531073308,1.1982474526279,2.0,2021.0,Siwalik,2021-02-01,Winter
2100,124.8844012035815,125.22821954778601,1.4642095572415001,3.0,2021.0,Siwalik,2021-03-01,Pre-monsoon
2100,130.0777381460705,130.4626892125392,1.718330084635,4.0,2021.0,Siwalik,2021-04-01,Pre-monsoon
2100,127.1160262880173,127.15199401077179,1.1147601251360002,5.0,2021.0,Siwalik,2021-05-01,Pre-monsoon
2100,124.6597412013251,124.6786144440355,0.9103879575548616,6.0,2021.0,Siwalik,2021-06-01,Monsoon
2100,124.9317155359016,124.9522479306389,0.7824654441536572,7.0,2021.0,Siwalik,2021-07-01,Monsoon
2100,122.6818250812666,122.66633029968591,0.7656063535333215,8.0,2021.0,Siwalik,2021-08-01,Monsoon
2100,122.5985884175433,122.6338730962679,0.6958680603917917,9.0,2021.0,Siwalik,2021-09-01,Monsoon
2100,119.5357508002062,119.6156891032214,1.0359492250028999,10.0,2021.0,Siwalik,2021-10-01,Post-monsoon
2100,117.7772336862313,117.7863303387015,0.8448965405237564,11.0,2021.0,Siwalik,2021-11-01,Post-monsoon
2100,121.2355883376071,121.37348566986091,1.8881909304407,12.0,2021.0,Siwalik,2021-12-01,Winter
2100,126.3658267946047,126.4791684043233,0.9058986188465128,1.0,2022.0,Siwalik,2022-01-01,Winter
2100,132.7805919426126,132.8866477103053,0.9559649139818984,2.0,2022.0,Siwalik,2022-02-01,Winter
2100,129.2962315014081,129.3168621688996,1.0223096932570002,3.0,2022.0,Siwalik,2022-03-01,Pre-monsoon
2100,131.9982378012929,132.03678928980918,0.952970588985529,4.0,2022.0,Siwalik,2022-04-01,Pre-monsoon
2100,130.64394876143427,130.68816961584002,1.0639864388220002,5.0,2022.0,Siwalik,2022-05-01,Pre-monsoon
2100,130.05948137113342,130.04958580479862,0.9550092436658336,6.0,2022.0,Siwalik,2022-06-01,Monsoon
2100,126.24408431582098,126.235254045025,0.6692299520261424,7.0,2022.0,Siwalik,2022-07-01,Monsoon
2100,124.3192395744196,124.34252034991081,0.5676094878935352,8.0,2022.0,Siwalik,2022-08-01,Monsoon
2100,122.0427722189049,122.0557619604572,0.7836715694062527,9.0,2022.0,Siwalik,2022-09-01,Monsoon
2100,119.8282205223801,119.8597394845957,1.1453689285565,10.0,2022.0,Siwalik,2022-10-01,Post-monsoon
2100,114.08497736260979,114.1812781028513,1.1322649941943,11.0,2022.0,Siwalik,2022-11-01,Post-monsoon
2100,112.40314941777969,112.5039046706855,0.9495399614438812,12.0,2022.0,Siwalik,2022-12-01,Winter
2100,113.779749718831,113.87788560272449,1.1156681458149,1.0,2023.0,Siwalik,2023-01-01,Winter
2100,117.1467497165365,117.2053130369054,1.5106774718720999,2.0,2023.0,Siwalik,2023-02-01,Winter
2100,125.6291019643063,125.65650379250651,0.9151131994076224,3.0,2023.0,Siwalik,2023-03-01,Pre-monsoon
2100,131.6313133817116,131.5444779979955,1.2507997895173,4.0,2023.0,Siwalik,2023-04-01,Pre-monsoon
2100,128.8343111732136,128.85923383376522,1.2860154960509,5.0,2023.0,Siwalik,2023-05-01,Pre-monsoon
2100,127.13109248555702,127.1504516317358,0.7947803883273775,6.0,2023.0,Siwalik,2023-06-01,Monsoon
2100,123.378386383435,123.3985474058025,0.634135766845469,7.0,2023.0,Siwalik,2023-07-01,Monsoon
2100,121.1392328343817,121.1712813822804,0.6501121508040861,8.0,2023.0,Siwalik,2023-08-01,Monsoon
2100,123.1806756110046,123.2780654898644,0.6918762597874142,9.0,2023.0,Siwalik,2023-09-01,Monsoon
2100,121.8407051467193,121.87162590248859,1.0643346455749,10.0,2023.0,Siwalik,2023-10-01,Post-monsoon
2100,122.08851370402219,122.113417029797,1.2383702137629,11.0,2023.0,Siwalik,2023-11-01,Post-monsoon
2100,123.49820207926129,123.4591406362442,1.2133533382835,12.0,2023.0,Siwalik,2023-12-01,Winter
2100,129.94972455545482,129.9899885790754,1.3379363893802,1.0,2024.0,Siwalik,2024-01-01,Winter
2100,131.46957834584842,131.56519976346658,2.7487881969452,2.0,2024.0,Siwalik,2024-02-01,Winter
2100,128.96416046981142,129.10230543847908,1.4734921256649,3.0,2024.0,Siwalik,2024-03-01,Pre-monsoon
2100,138.7766555582245,138.82674179259467,1.6047637850404999,4.0,2024.0,Siwalik,2024-04-01,Pre-monsoon
2100,133.9813287481233,134.1098645746972,1.1906501552384,5.0,2024.0,Siwalik,2024-05-01,Pre-monsoon
2100,130.1586223539876,130.172644308231,0.8579941878744514,6.0,2024.0,Siwalik,2024-06-01,Monsoon
2100,123.1284187721815,123.1820811663875,0.7609022220419838,7.0,2024.0,Siwalik,2024-07-01,Monsoon
2100,123.4185675684686,123.4571992881129,0.6930113399521796,8.0,2024.0,Siwalik,2024-08-01,Monsoon
2100,122.3063986974545,122.32914417670469,0.8453687947778482,9.0,2024.0,Siwalik,2024-09-01,Monsoon
2100,119.8141803910068,119.9224494919024,0.9458029065368604,10.0,2024.0,Siwalik,2024-10-01,Post-monsoon
2100,116.897077568029,116.9879597333628,1.1683678685386,11.0,2024.0,Siwalik,2024-11-01,Post-monsoon
2100,117.3822825831355,117.471741483773,1.3436017312633,12.0,2024.0,Siwalik,2024-12-01,Winter
2100,119.4896715244118,119.61577997837621,1.3056044494236,1.0,2025.0,Siwalik,2025-01-01,Winter
2100,128.36343330031642,128.4939412559526,1.2686135503646,2.0,2025.0,Siwalik,2025-02-01,Winter
2100,129.23264042309359,129.1813021281582,1.3492670933432,3.0,2025.0,Siwalik,2025-03-01,Pre-monsoon
2100,132.6754095815435,132.6755589239147,0.9411913784293098,4.0,2025.0,Siwalik,2025-04-01,Pre-monsoon
2100,131.9386303930319,131.9740573738802,0.952805297146304,5.0,2025.0,Siwalik,2025-05-01,Pre-monsoon
2100,127.35716951057461,127.337112518352,0.8098003774854516,6.0,2025.0,Siwalik,2025-06-01,Monsoon
2100,124.6275936887669,124.61631547289551,0.7282898282577058,7.0,2025.0,Siwalik,2025-07-01,Monsoon
2100,122.6590535856924,122.7311723706032,0.6400484754413341,8.0,2025.0,Siwalik,2025-08-01,Monsoon
2100,121.381349716266,121.3811095873703,0.9146914651004652,9.0,2025.0,Siwalik,2025-09-01,Monsoon
2100,122.0579296552629,122.08766392942661,0.8496317301529258,10.0,2025.0,Siwalik,2025-10-01,Post-monsoon
2100,113.9711204586018,113.93702399568579,0.9406538023534484,11.0,2025.0,Siwalik,2025-11-01,Post-monsoon
2100,112.1034214940239,112.138446063576,0.8576689258654668,12.0,2025.0,Siwalik,2025-12-01,Winter
2100,117.50018460514181,117.4137561397085,1.3487254385813001,1.0,2026.0,Siwalik,2026-01-01,Winter
2100,126.03536590923989,126.0541319326893,1.1710358533409,2.0,2026.0,Siwalik,2026-02-01,Winter
2100,128.75481016198282,128.7711313400036,0.8945813675507193,3.0,2026.0,Siwalik,2026-03-01,Pre-monsoon
2100,131.5378149409874,131.6665279154121,1.3821868094119,4.0,2026.0,Siwalik,2026-04-01,Pre-monsoon
2100,133.1759089572634,133.1940637638631,0.948853084484888,5.0,2026.0,Siwalik,2026-05-01,Pre-monsoon
2100,132.3001826858541,132.341772608296,0.9383244237613851,6.0,2026.0,Siwalik,2026-06-01,Monsoon
2100,127.21281085579231,127.26992823538468,0.7231412568218674,7.0,2026.0,Siwalik,2026-07-01,Monsoon
2100,125.7534643700976,125.805575261838,1.0506555996888,8.0,2026.0,Siwalik,2026-08-01,Monsoon
1293,113.75492129131689,112.3910294968044,2.9777697819775,1.0,2019.0,Terai,2019-01-01,Winter
1293,112.7171944808016,112.4570313889935,2.1267009818005,2.0,2019.0,Terai,2019-02-01,Winter
1293,120.1580917047171,119.6733892032526,1.4131037408221,3.0,2019.0,Terai,2019-03-01,Pre-monsoon
1293,125.38285780614238,125.4410661842148,0.7337185669732679,4.0,2019.0,Terai,2019-04-01,Pre-monsoon
1293,124.3704136531036,124.2256170877544,0.8361806856615672,5.0,2019.0,Terai,2019-05-01,Pre-monsoon
1293,127.27345841075349,127.2665580002213,0.4681696234750466,6.0,2019.0,Terai,2019-06-01,Monsoon
1293,124.54707869882479,124.49435410801631,0.688085327105949,7.0,2019.0,Terai,2019-07-01,Monsoon
1293,123.2170340564789,123.2402090589099,0.48968175827990884,8.0,2019.0,Terai,2019-08-01,Monsoon
1293,119.12377317572009,119.05771243744941,0.6113529684146194,9.0,2019.0,Terai,2019-09-01,Monsoon
1293,119.9286984201291,119.8790033163126,0.7049870808024358,10.0,2019.0,Terai,2019-10-01,Post-monsoon
1293,112.9481177985112,113.0457913020856,0.658622806457012,11.0,2019.0,Terai,2019-11-01,Post-monsoon
1293,121.7266562225594,120.69149937213889,2.6987062538413,12.0,2019.0,Terai,2019-12-01,Winter
1293,124.0633284157564,123.13750527951001,2.3277256067686,1.0,2020.0,Terai,2020-01-01,Winter
1293,131.69491582120742,130.7186470356723,2.0472281123102003,2.0,2020.0,Terai,2020-02-01,Winter
1293,133.4223235304386,133.4593210827951,0.6280262858487581,3.0,2020.0,Terai,2020-03-01,Pre-monsoon
1293,135.4327455367193,135.4751504774591,0.37948149952530863,4.0,2020.0,Terai,2020-04-01,Pre-monsoon
1293,129.6124269900191,129.655205541393,0.8940830311815214,5.0,2020.0,Terai,2020-05-01,Pre-monsoon
1293,123.8650690469216,123.8020258480892,0.5519839611648614,6.0,2020.0,Terai,2020-06-01,Monsoon
1293,120.4686438003591,120.4449583129888,0.5168512757298844,7.0,2020.0,Terai,2020-07-01,Monsoon
1293,119.112885270379,119.1049859067338,0.5805809491339426,8.0,2020.0,Terai,2020-08-01,Monsoon
1293,119.68469280107969,119.6695331255192,0.5228946447135085,9.0,2020.0,Terai,2020-09-01,Monsoon
1293,114.74882155329739,114.7219215737575,0.45641377462632,10.0,2020.0,Terai,2020-10-01,Post-monsoon
1293,119.9828905500932,119.98653711025011,0.5728658547522818,11.0,2020.0,Terai,2020-11-01,Post-monsoon
1293,117.20382101634961,117.3010038097173,0.7355289940022395,12.0,2020.0,Terai,2020-12-01,Winter
1293,112.3951188606699,112.07255108887989,0.9918319016242602,1.0,2021.0,Terai,2021-01-01,Winter
1293,128.37904499171592,128.1604295730115,0.8795232465497996,2.0,2021.0,Terai,2021-02-01,Winter
1293,125.18256012912529,125.10287863652411,1.4635150509071,3.0,2021.0,Terai,2021-03-01,Pre-monsoon
1293,130.282036358465,129.5338247435322,1.9754769556789,4.0,2021.0,Terai,2021-04-01,Pre-monsoon
1293,128.724433167473,128.7054724785088,0.6120489690166238,5.0,2021.0,Terai,2021-05-01,Pre-monsoon
1293,126.05343681227221,126.08268550814941,0.6054409800270786,6.0,2021.0,Terai,2021-06-01,Monsoon
1293,125.96959526082091,125.9991883730771,0.4627208405828526,7.0,2021.0,Terai,2021-07-01,Monsoon
1293,123.7079159982554,123.6202654413894,0.5701343544946575,8.0,2021.0,Terai,2021-08-01,Monsoon
1293,123.8805770298035,123.90742076180659,0.4533891675265581,9.0,2021.0,Terai,2021-09-01,Monsoon
1293,121.3989480523785,121.44116274812069,0.7000219618406665,10.0,2021.0,Terai,2021-10-01,Post-monsoon
1293,119.33333352366431,119.4073719764142,0.44884904393208086,11.0,2021.0,Terai,2021-11-01,Post-monsoon
1293,121.7713163734502,121.7236466462327,1.575288190598,12.0,2021.0,Terai,2021-12-01,Winter
1293,126.71332604435689,126.59525451552031,0.4816379628658942,1.0,2022.0,Terai,2022-01-01,Winter
1293,133.4393307408078,133.43921532199428,0.6712404701821505,2.0,2022.0,Terai,2022-02-01,Winter
1293,131.0910854954484,131.1576317411604,0.5075891215861287,3.0,2022.0,Terai,2022-03-01,Pre-monsoon
1293,133.2164821703349,133.1866835086844,0.41783070785671955,4.0,2022.0,Terai,2022-04-01,Pre-monsoon
1293,132.6824424123781,132.71277413020678,0.4657087194421773,5.0,2022.0,Terai,2022-05-01,Pre-monsoon
1293,131.67771114789682,131.6896537675166,0.4098281736903005,6.0,2022.0,Terai,2022-06-01,Monsoon
1293,127.08729172932969,127.0839702479251,0.4784842280630563,7.0,2022.0,Terai,2022-07-01,Monsoon
1293,125.41397593638601,125.4195799032132,0.40030612230220214,8.0,2022.0,Terai,2022-08-01,Monsoon
1293,123.2502991161148,123.160769527846,0.6061121795202441,9.0,2022.0,Terai,2022-09-01,Monsoon
1293,120.9185180700282,120.7443228324544,0.8201954834448527,10.0,2022.0,Terai,2022-10-01,Post-monsoon
1293,115.289702258541,115.1311593295266,0.8222126752423237,11.0,2022.0,Terai,2022-11-01,Post-monsoon
1293,113.17987131010041,113.0842872226962,0.7495161757643998,12.0,2022.0,Terai,2022-12-01,Winter
1293,114.87644031447269,114.761014007753,0.830801521080556,1.0,2023.0,Terai,2023-01-01,Winter
1293,117.78015727120899,117.3872949693964,1.3146792270737,2.0,2023.0,Terai,2023-02-01,Winter
1293,126.67200744630969,126.6585686314393,0.6438557455831373,3.0,2023.0,Terai,2023-03-01,Pre-monsoon
1293,132.4691042248113,132.2146361413395,1.0430207450172,4.0,2023.0,Terai,2023-04-01,Pre-monsoon
1293,130.0665755351895,129.8412080551997,0.9610943711615298,5.0,2023.0,Terai,2023-05-01,Pre-monsoon
1293,128.52632535344262,128.6097144957622,0.5724042618091401,6.0,2023.0,Terai,2023-06-01,Monsoon
1293,124.5458887033148,124.548366512895,0.394547448170658,7.0,2023.0,Terai,2023-07-01,Monsoon
1293,122.40757525211721,122.44370506201919,0.4421648545695437,8.0,2023.0,Terai,2023-08-01,Monsoon
1293,124.32662833516079,124.367194719805,0.44498162610995295,9.0,2023.0,Terai,2023-09-01,Monsoon
1293,122.9939308244884,122.75618902343979,0.7975367928767648,10.0,2023.0,Terai,2023-10-01,Post-monsoon
1293,122.88478439376101,122.63183522928931,1.2080662871042,11.0,2023.0,Terai,2023-11-01,Post-monsoon
1293,124.23322001002141,123.9778931200276,1.0045566230221001,12.0,2023.0,Terai,2023-12-01,Winter
1293,130.0413308134945,129.68778375426228,1.3545016125223,1.0,2024.0,Terai,2024-01-01,Winter
1293,130.8298094022312,129.9292243874082,2.9864869745272,2.0,2024.0,Terai,2024-02-01,Winter
1293,129.6588220699089,129.2290067025771,1.3171031863487999,3.0,2024.0,Terai,2024-03-01,Pre-monsoon
1293,138.7804137722978,138.3833627966668,1.5252990002994,4.0,2024.0,Terai,2024-04-01,Pre-monsoon
1293,135.51164851586051,135.4850858308248,0.7272537053896496,5.0,2024.0,Terai,2024-05-01,Pre-monsoon
1293,131.53233847155872,131.5065490283882,0.5320745789329454,6.0,2024.0,Terai,2024-06-01,Monsoon
1293,124.23888288814119,124.23009405689291,0.49116110253646267,7.0,2024.0,Terai,2024-07-01,Monsoon
1293,124.6597756129267,124.6712463471263,0.5148328656326487,8.0,2024.0,Terai,2024-08-01,Monsoon
1293,123.53380053366469,123.61180790967211,0.6788651882198627,9.0,2024.0,Terai,2024-09-01,Monsoon
1293,121.2275005302605,121.23224157902109,0.6174945222349297,10.0,2024.0,Terai,2024-10-01,Post-monsoon
1293,118.08041806357899,118.023810789256,0.9595034850964436,11.0,2024.0,Terai,2024-11-01,Post-monsoon
1293,118.3597791616777,118.2104365155796,1.0947998414924,12.0,2024.0,Terai,2024-12-01,Winter
1293,120.3875617654804,120.3159598621745,1.0959667984161001,1.0,2025.0,Terai,2025-01-01,Winter
1293,128.49397162126468,128.10091349303752,1.2989562539328,2.0,2025.0,Terai,2025-02-01,Winter
1293,129.94974685948011,129.74376217381868,1.044478448161,3.0,2025.0,Terai,2025-03-01,Pre-monsoon
1293,134.2293142382907,134.42208748956642,0.7320267918881798,4.0,2025.0,Terai,2025-04-01,Pre-monsoon
1293,133.432245754528,133.3999151514908,0.5138292871956516,5.0,2025.0,Terai,2025-05-01,Pre-monsoon
1293,128.66576220700279,128.5931777205668,0.5815556153913858,6.0,2025.0,Terai,2025-06-01,Monsoon
1293,125.8551524701266,125.875956578831,0.4974114935039699,7.0,2025.0,Terai,2025-07-01,Monsoon
1293,123.8226838424455,123.83446311462839,0.4054610127710205,8.0,2025.0,Terai,2025-08-01,Monsoon
1293,122.84201137470201,122.8853835928402,0.6302540214791417,9.0,2025.0,Terai,2025-09-01,Monsoon
1293,123.5517568952628,123.57293283909131,0.397358840139806,10.0,2025.0,Terai,2025-10-01,Post-monsoon
1293,115.3871831568024,115.36429182111769,0.4889321877641172,11.0,2025.0,Terai,2025-11-01,Post-monsoon
1293,113.3099910644516,113.28841936695581,0.47202233037233454,12.0,2025.0,Terai,2025-12-01,Winter
1293,118.2794548736275,118.0876874748312,1.0701822047289,1.0,2026.0,Terai,2026-01-01,Winter
1293,127.0104637964451,126.7828345181472,0.8328500415558773,2.0,2026.0,Terai,2026-02-01,Winter
1293,130.2274751512749,130.2234819269166,0.5619789218362975,3.0,2026.0,Terai,2026-03-01,Pre-monsoon
1293,132.43142691502828,132.4916368506004,1.3604806964882001,4.0,2026.0,Terai,2026-04-01,Pre-monsoon
1293,134.8749336745329,134.92533388533158,0.5884684920729276,5.0,2026.0,Terai,2026-05-01,Pre-monsoon
1293,133.9716851433115,133.9947048141186,0.30536374723520393,6.0,2026.0,Terai,2026-06-01,Monsoon
1293,128.5696557821094,128.5772490464407,0.4052781866834775,7.0,2026.0,Terai,2026-07-01,Monsoon
1293,126.7577932259108,126.72720739575618,0.7867668529100134,8.0,2026.0,Terai,2026-08-01,Monsoon
