SO2_count,SO2_mean,SO2_median,SO2_stdDev,month,year,zone,date,season
356,107.88902868940382,84.54880374799698,332.89504739419306,1.0,2019.0,High_Himal,2019-01-01,Winter
7,-60.36778584437223,-164.1740725412504,167.20174372506122,2.0,2019.0,High_Himal,2019-02-01,Winter
12,-106.92988454215575,-212.33106793521648,369.164392846108,3.0,2019.0,High_Himal,2019-03-01,Pre-monsoon
33,-19.638957853484676,-42.21036206650737,92.58827991272004,4.0,2019.0,High_Himal,2019-04-01,Pre-monsoon
153,-25.632486066583226,-35.2994001241969,150.56853257617877,5.0,2019.0,High_Himal,2019-05-01,Pre-monsoon
642,-23.025613369150946,-20.964200184699077,73.5643447658117,6.0,2019.0,High_Himal,2019-06-01,Monsoon
690,-18.279914186210743,-18.04398223053862,37.53210661705264,7.0,2019.0,High_Himal,2019-07-01,Monsoon
690,-7.6971863905201525,-6.848154011200697,49.622515717023354,8.0,2019.0,High_Himal,2019-08-01,Monsoon
670,-14.298994552231427,-9.540724312481528,69.86076165874289,9.0,2019.0,High_Himal,2019-09-01,Monsoon
568,17.142358539056083,18.685732770358403,119.85218987302464,10.0,2019.0,High_Himal,2019-10-01,Post-monsoon
454,3.6902014677805623,-3.5724288957025516,202.19955989696365,11.0,2019.0,High_Himal,2019-11-01,Post-monsoon
271,167.26911258818956,112.340521101845,399.4016407873491,12.0,2019.0,High_Himal,2019-12-01,Winter
40,9.948797986008888,-65.07395850059726,389.1240618333293,1.0,2020.0,High_Himal,2020-01-01,Winter
3,233.2733984743313,272.9918571248943,100.05860365526652,2.0,2020.0,High_Himal,2020-02-01,Winter
3,-253.67647766325243,-200.5437008691087,145.81542744314422,3.0,2020.0,High_Himal,2020-03-01,Pre-monsoon
23,-84.53170055209932,-83.21225531879388,122.85483383044301,4.0,2020.0,High_Himal,2020-04-01,Pre-monsoon
135,-0.5639380103657433,-8.662088791470346,84.54059675152791,5.0,2020.0,High_Himal,2020-05-01,Pre-monsoon
659,-16.021658418022298,-11.932754458702224,87.36709235270241,6.0,2020.0,High_Himal,2020-06-01,Monsoon
663,-7.737006976568653,-11.455023483077866,73.49768003099466,7.0,2020.0,High_Himal,2020-07-01,Monsoon
550,1.9400757227572831,-3.983801104239189,91.20126521003365,8.0,2020.0,High_Himal,2020-08-01,Monsoon
495,-6.728280975777601,-1.517838799279029,85.31096610659665,9.0,2020.0,High_Himal,2020-09-01,Monsoon
607,40.81825801832885,34.111960984355235,112.41265537521448,10.0,2020.0,High_Himal,2020-10-01,Post-monsoon
535,92.26595103531237,88.54691568119267,179.17292627905417,11.0,2020.0,High_Himal,2020-11-01,Post-monsoon
360,159.1231416234471,128.35411161671726,287.8003767522807,12.0,2020.0,High_Himal,2020-12-01,Winter
321,101.78220480528955,102.21445516796017,194.0219779025396,1.0,2021.0,High_Himal,2021-01-01,Winter
300,99.84270702054454,73.12055930259898,260.4743257380454,2.0,2021.0,High_Himal,2021-02-01,Winter
299,-26.745659501725502,-11.948695149441416,162.34311493488107,3.0,2021.0,High_Himal,2021-03-01,Pre-monsoon
299,47.96551570092719,47.035420245572915,118.90199102058706,4.0,2021.0,High_Himal,2021-04-01,Pre-monsoon
205,-30.62018866850976,-18.179731166232067,130.98414974669595,5.0,2021.0,High_Himal,2021-05-01,Pre-monsoon
248,-4.137217379051016,2.718090030769849,119.90172055143785,6.0,2021.0,High_Himal,2021-06-01,Monsoon
494,-29.8294949609907,-19.669947349562044,165.03029602584994,7.0,2021.0,High_Himal,2021-07-01,Monsoon
404,-20.3199099478084,-12.87149944746278,132.62202191371622,8.0,2021.0,High_Himal,2021-08-01,Monsoon
463,-14.075744126050758,-19.11348354433981,112.58439959072152,9.0,2021.0,High_Himal,2021-09-01,Monsoon
547,34.65933713396544,41.660388581408746,121.29954038987992,10.0,2021.0,High_Himal,2021-10-01,Post-monsoon
248,123.28811514643519,70.04376762614092,273.47005947715706,11.0,2021.0,High_Himal,2021-11-01,Post-monsoon
85,247.91692255406178,178.11406029548812,412.44109825720994,12.0,2021.0,High_Himal,2021-12-01,Winter
1,-154.05968673514903,-154.05968673514903,0.0,1.0,2022.0,High_Himal,2022-01-01,Winter
0,,,,2.0,2022.0,High_Himal,2022-02-01,Winter
48,-13.736163735737835,-27.052530545107306,306.8816460982437,3.0,2022.0,High_Himal,2022-03-01,Pre-monsoon
366,-16.503273750416728,-13.104044278695639,169.45253776900813,4.0,2022.0,High_Himal,2022-04-01,Pre-monsoon
483,31.322142346319907,12.195181819197796,165.4492399218817,5.0,2022.0,High_Himal,2022-05-01,Pre-monsoon
591,-5.951301672922615,-18.95708279933173,120.75762783842136,6.0,2022.0,High_Himal,2022-06-01,Monsoon
591,0.6389969333054522,-3.973597008775411,123.30603141102021,7.0,2022.0,High_Himal,2022-07-01,Monsoon
572,-16.12432011793442,-17.623526244111414,84.90374378077006,8.0,2022.0,High_Himal,2022-08-01,Monsoon
529,8.346115518109425,3.7702170829663317,136.4434790743392,9.0,2022.0,High_Himal,2022-09-01,Monsoon
342,34.60885089443275,28.409127889352845,237.93935695849262,10.0,2022.0,High_Himal,2022-10-01,Post-monsoon
188,131.6753037865026,130.46172978557505,373.22350952908823,11.0,2022.0,High_Himal,2022-11-01,Post-monsoon
255,131.8096008157328,100.76958058846404,274.1073823662701,12.0,2022.0,High_Himal,2022-12-01,Winter
263,141.41806097240743,85.93748700931721,412.53899520697615,1.0,2023.0,High_Himal,2023-01-01,Winter
159,99.28798658521156,65.67697569905236,298.4096758780736,2.0,2023.0,High_Himal,2023-02-01,Winter
122,7.35051323105625,-9.602336779803572,140.8733330563116,3.0,2023.0,High_Himal,2023-03-01,Pre-monsoon
171,-12.889486119848266,-16.622546589618867,132.02046388585777,4.0,2023.0,High_Himal,2023-04-01,Pre-monsoon
248,19.01486075839125,9.708091825463727,185.5742019565623,5.0,2023.0,High_Himal,2023-05-01,Pre-monsoon
528,-2.0803303727750713,-12.476901518358284,108.77751292162179,6.0,2023.0,High_Himal,2023-06-01,Monsoon
534,-23.13146548567506,-12.127944778444183,134.20027748480553,7.0,2023.0,High_Himal,2023-07-01,Monsoon
466,-0.9339741242847496,2.633642878754048,126.64924675434648,8.0,2023.0,High_Himal,2023-08-01,Monsoon
511,23.16996772278861,18.50378167922588,122.07154533817425,9.0,2023.0,High_Himal,2023-09-01,Monsoon
436,22.14969821909358,23.093104832662263,192.66590101887732,10.0,2023.0,High_Himal,2023-10-01,Post-monsoon
307,95.724352089026,84.96667077495832,317.3873284122189,11.0,2023.0,High_Himal,2023-11-01,Post-monsoon
88,184.92280659322122,190.84095049420787,326.8922118039327,12.0,2023.0,High_Himal,2023-12-01,Winter
98,243.4812951620183,143.48892783004928,459.7720483116048,1.0,2024.0,High_Himal,2024-01-01,Winter
25,130.429684519484,147.19591382607666,267.32098595893234,2.0,2024.0,High_Himal,2024-02-01,Winter
47,-81.56556801547967,-80.96555235758598,301.6316941510563,3.0,2024.0,High_Himal,2024-03-01,Pre-monsoon
237,6.643418884604606,-6.988425191166765,234.64777561575337,4.0,2024.0,High_Himal,2024-04-01,Pre-monsoon
472,-35.595269773146846,-33.42326724684374,137.8487129490823,5.0,2024.0,High_Himal,2024-05-01,Pre-monsoon
525,-17.107962065675622,-19.187667994840986,110.70530156851254,6.0,2024.0,High_Himal,2024-06-01,Monsoon
452,-39.49537128633896,-27.51008702107235,145.78271267117137,7.0,2024.0,High_Himal,2024-07-01,Monsoon
468,-31.0491873402919,-27.32513362584955,141.66391971832527,8.0,2024.0,High_Himal,2024-08-01,Monsoon
453,32.303373598684665,18.9964287083069,131.7878980043377,9.0,2024.0,High_Himal,2024-09-01,Monsoon
480,41.51700760379967,41.585623022101124,176.59324574896436,10.0,2024.0,High_Himal,2024-10-01,Post-monsoon
547,8.882640730124745,18.537663578226343,163.66965029418924,11.0,2024.0,High_Himal,2024-11-01,Post-monsoon
553,-10.507243910000359,-23.474666573312625,188.625649151664,12.0,2024.0,High_Himal,2024-12-01,Winter
233,-37.775699406656734,-19.57615316327497,153.06804397713876,1.0,2025.0,High_Himal,2025-01-01,Winter
328,10.024793224535527,10.352828985892673,149.9854815928988,2.0,2025.0,High_Himal,2025-02-01,Winter
143,38.162387674093196,36.44217590220091,188.81590789702693,3.0,2025.0,High_Himal,2025-03-01,Pre-monsoon
359,4.3173452221386155,4.246669749262642,92.00931411606099,4.0,2025.0,High_Himal,2025-04-01,Pre-monsoon
434,2.40754775106955,1.4583535026363932,72.96240015988153,5.0,2025.0,High_Himal,2025-05-01,Pre-monsoon
484,2.771490481922192,5.568469635867424,65.76721145032833,6.0,2025.0,High_Himal,2025-06-01,Monsoon
484,-7.882068949196496,-3.7441333054762898,79.99532270903235,7.0,2025.0,High_Himal,2025-07-01,Monsoon
406,5.93611467906323,2.161868325027156,75.4578605852484,8.0,2025.0,High_Himal,2025-08-01,Monsoon
456,-23.995835778646665,-21.063421530639754,63.555012765677304,9.0,2025.0,High_Himal,2025-09-01,Monsoon
460,8.253433380238501,3.540719976773818,94.78848468833783,10.0,2025.0,High_Himal,2025-10-01,Post-monsoon
120,56.619829890779705,-6.7589527090418535,376.9312719771056,11.0,2025.0,High_Himal,2025-11-01,Post-monsoon
196,-15.779658458280217,-26.58655282403339,219.1311035206556,12.0,2025.0,High_Himal,2025-12-01,Winter
201,-6.674368468808585,-19.618824782681735,222.11269739579046,1.0,2026.0,High_Himal,2026-01-01,Winter
47,13.515917001497634,6.633258051956637,105.94611204887465,2.0,2026.0,High_Himal,2026-02-01,Winter
225,-6.212913121198843,-10.129764776929509,93.23784707118817,3.0,2026.0,High_Himal,2026-03-01,Pre-monsoon
273,-27.87434607243229,-18.079129010825916,102.48891205248978,4.0,2026.0,High_Himal,2026-04-01,Pre-monsoon
298,-1.7537110266569285,-2.0064262400511312,81.7524671167754,5.0,2026.0,High_Himal,2026-05-01,Pre-monsoon
483,11.880065211967347,5.385147892842362,63.52582165329048,6.0,2026.0,High_Himal,2026-06-01,Monsoon
458,5.590281788590607,9.8143761794064,82.28090766060065,7.0,2026.0,High_Himal,2026-07-01,Monsoon
77,19.28347107115733,25.55487896558018,63.03965547137201,8.0,2026.0,High_Himal,2026-08-01,Monsoon
891,99.78508367168226,97.93043712358585,308.75119143357597,1.0,2019.0,High_Mountains,2019-01-01,Winter
281,59.78344656867369,5.9059855359252245,274.30488140474165,2.0,2019.0,High_Mountains,2019-02-01,Winter
349,15.294922098560152,18.29732390870592,179.47841819118918,3.0,2019.0,High_Mountains,2019-03-01,Pre-monsoon
322,-0.4474611151266331,5.468497266757973,123.84646207567825,4.0,2019.0,High_Mountains,2019-04-01,Pre-monsoon
669,7.9585956480385835,2.287225722746131,125.56115187837449,5.0,2019.0,High_Mountains,2019-05-01,Pre-monsoon
1408,-21.505317643277877,-21.193138082367287,77.1542689386024,6.0,2019.0,High_Mountains,2019-06-01,Monsoon
1449,-17.87915666645128,-17.294763533663573,45.345874229149565,7.0,2019.0,High_Mountains,2019-07-01,Monsoon
1448,-6.441168953802075,-6.531177081000533,52.279970462295914,8.0,2019.0,High_Mountains,2019-08-01,Monsoon
1400,-9.22949749474366,-5.953170307029604,77.0588549295415,9.0,2019.0,High_Mountains,2019-09-01,Monsoon
1272,30.510136075261247,34.615043222392636,137.789206641387,10.0,2019.0,High_Mountains,2019-10-01,Post-monsoon
1116,78.84636596396851,80.83091124088776,175.61380683372312,11.0,2019.0,High_Mountains,2019-11-01,Post-monsoon
899,248.4551665546213,226.76087012658388,372.2828658942532,12.0,2019.0,High_Mountains,2019-12-01,Winter
436,197.70988696747438,125.95860027495527,466.8160120820238,1.0,2020.0,High_Mountains,2020-01-01,Winter
348,167.24010096832677,84.97535910176322,417.86098485616515,2.0,2020.0,High_Mountains,2020-02-01,Winter
286,22.00906450859745,8.395980628800892,287.47161547996626,3.0,2020.0,High_Mountains,2020-03-01,Pre-monsoon
305,26.11549952133763,19.71425468351315,186.0648770491017,4.0,2020.0,High_Mountains,2020-04-01,Pre-monsoon
465,-1.5650885651309452,-4.50784021468122,123.99329417491512,5.0,2020.0,High_Mountains,2020-05-01,Pre-monsoon
1400,-10.90629665097101,-18.858390862610662,88.84659212150738,6.0,2020.0,High_Mountains,2020-06-01,Monsoon
1399,-18.409510806603528,-16.974881107529818,83.59726441400059,7.0,2020.0,High_Mountains,2020-07-01,Monsoon
1189,-6.662144608548929,-11.5189831251193,110.3612414146729,8.0,2020.0,High_Mountains,2020-08-01,Monsoon
1091,-5.884185422595307,-3.298559551464547,106.83351041146612,9.0,2020.0,High_Mountains,2020-09-01,Monsoon
1436,50.27436322729124,49.84233922951979,87.05647037722642,10.0,2020.0,High_Mountains,2020-10-01,Post-monsoon
1350,144.14151165077206,144.43175341479193,182.37618487143743,11.0,2020.0,High_Mountains,2020-11-01,Post-monsoon
1088,249.7391254328115,251.81074734360578,246.18571391008686,12.0,2020.0,High_Mountains,2020-12-01,Winter
1015,172.57447989570585,159.71063293395446,231.7931211401429,1.0,2021.0,High_Mountains,2021-01-01,Winter
901,109.43496170009576,100.97556865603386,263.3905193521077,2.0,2021.0,High_Mountains,2021-02-01,Winter
877,-86.04660370394988,-49.96712271318084,218.937394233844,3.0,2021.0,High_Mountains,2021-03-01,Pre-monsoon
847,30.343192665034024,22.507140499853303,179.32023579540873,4.0,2021.0,High_Mountains,2021-04-01,Pre-monsoon
664,-15.08779328971776,-12.290863550894331,141.2205074241351,5.0,2021.0,High_Mountains,2021-05-01,Pre-monsoon
814,5.364161429972796,10.693456463084509,126.26851016598174,6.0,2021.0,High_Mountains,2021-06-01,Monsoon
997,5.1907024086016325,-3.8861450353725053,184.17266419270797,7.0,2021.0,High_Mountains,2021-07-01,Monsoon
849,1.4403546997983974,12.084720830890344,150.27267407433874,8.0,2021.0,High_Mountains,2021-08-01,Monsoon
1014,-7.017999289239631,-11.896687510082362,120.20973511455242,9.0,2021.0,High_Mountains,2021-09-01,Monsoon
1405,45.755829228780485,49.75790499486096,116.90056405141293,10.0,2021.0,High_Mountains,2021-10-01,Post-monsoon
1066,166.03022757797825,145.04418450877995,200.90315359159453,11.0,2021.0,High_Mountains,2021-11-01,Post-monsoon
588,330.43479070056964,300.4661230588434,390.3271204863552,12.0,2021.0,High_Mountains,2021-12-01,Winter
148,373.77834227812315,251.81293437541652,634.6554691428871,1.0,2022.0,High_Mountains,2022-01-01,Winter
127,252.0985582325211,173.16798290447343,502.1884500055504,2.0,2022.0,High_Mountains,2022-02-01,Winter
449,-15.54925717322619,-22.5824891234512,270.9042772441441,3.0,2022.0,High_Mountains,2022-03-01,Pre-monsoon
1230,-7.628700264048731,-3.900535849101521,151.06100836869663,4.0,2022.0,High_Mountains,2022-04-01,Pre-monsoon
1131,-3.841822447865389,-8.412120551784465,180.34113574076585,5.0,2022.0,High_Mountains,2022-05-01,Pre-monsoon
1156,6.166655813313512,-3.791934522046476,148.4685420534367,6.0,2022.0,High_Mountains,2022-06-01,Monsoon
1282,2.6250436189663584,4.015657472916862,114.46624582316359,7.0,2022.0,High_Mountains,2022-07-01,Monsoon
1378,-1.4956999940160307,-1.6532472654759933,83.49845636483022,8.0,2022.0,High_Mountains,2022-08-01,Monsoon
1180,-10.565197247046832,-12.038759850568526,127.2242429891556,9.0,2022.0,High_Mountains,2022-09-01,Monsoon
1189,38.43503249648306,38.000825706768694,188.3842014293933,10.0,2022.0,High_Mountains,2022-10-01,Post-monsoon
987,141.9089214239891,130.80463253455378,257.15594045287804,11.0,2022.0,High_Mountains,2022-11-01,Post-monsoon
1023,186.99104262289984,176.24293016186928,222.51850991865376,12.0,2022.0,High_Mountains,2022-12-01,Winter
963,240.3323678741121,220.6925857816205,255.4393081946641,1.0,2023.0,High_Mountains,2023-01-01,Winter
720,83.24146392855512,68.47124807376004,245.1454603671514,2.0,2023.0,High_Mountains,2023-02-01,Winter
603,4.4401212874979,-5.0377187691708025,173.88533411269194,3.0,2023.0,High_Mountains,2023-03-01,Pre-monsoon
651,-3.756764300125368,-19.13559268042783,171.98318584209466,4.0,2023.0,High_Mountains,2023-04-01,Pre-monsoon
878,-4.062453058904849,3.9241610148243686,179.88914212419334,5.0,2023.0,High_Mountains,2023-05-01,Pre-monsoon
1308,-12.819919306380315,-11.561213640584015,114.32804105915672,6.0,2023.0,High_Mountains,2023-06-01,Monsoon
1185,-16.025457589308918,-7.4726561870001875,163.1642247322415,7.0,2023.0,High_Mountains,2023-07-01,Monsoon
1131,0.5241029108049519,3.426607532117448,152.2277966402957,8.0,2023.0,High_Mountains,2023-08-01,Monsoon
1330,8.963557033498102,4.480491317597023,140.792038883719,9.0,2023.0,High_Mountains,2023-09-01,Monsoon
1304,23.06662211844387,27.052569268167705,163.1842477059178,10.0,2023.0,High_Mountains,2023-10-01,Post-monsoon
1057,155.5952119324356,144.11630009474968,250.19670730286998,11.0,2023.0,High_Mountains,2023-11-01,Post-monsoon
542,312.19079359741687,289.88983217202446,458.39566681116753,12.0,2023.0,High_Mountains,2023-12-01,Winter
503,281.1840209233924,295.22302983740684,374.38480524038965,1.0,2024.0,High_Mountains,2024-01-01,Winter
240,162.37578664075133,111.11851946854549,522.1794015747774,2.0,2024.0,High_Mountains,2024-02-01,Winter
517,5.327049556906125,-7.522791019810171,271.1872628318621,3.0,2024.0,High_Mountains,2024-03-01,Pre-monsoon
908,-8.83523621311498,-26.716201228171233,173.24771898353512,4.0,2024.0,High_Mountains,2024-04-01,Pre-monsoon
1280,-12.835042383892763,-22.217139451539214,162.1971493850451,5.0,2024.0,High_Mountains,2024-05-01,Pre-monsoon
1222,-10.968633498097065,-18.96760284485648,120.14312339915216,6.0,2024.0,High_Mountains,2024-06-01,Monsoon
1198,-7.212138195193928,-3.910741162549937,135.75567000067,7.0,2024.0,High_Mountains,2024-07-01,Monsoon
1261,-29.82863085884239,-26.276272663480878,165.3941243727236,8.0,2024.0,High_Mountains,2024-08-01,Monsoon
1243,5.415781232601076,3.7392394014423678,120.095545660203,9.0,2024.0,High_Mountains,2024-09-01,Monsoon
1377,48.34478391295571,38.137352015560204,165.992827055108,10.0,2024.0,High_Mountains,2024-10-01,Post-monsoon
1401,21.48339319403041,22.710343859377563,165.50974573836595,11.0,2024.0,High_Mountains,2024-11-01,Post-monsoon
1351,17.597007167609167,7.922590350702072,158.47579909018452,12.0,2024.0,High_Mountains,2024-12-01,Winter
798,-1.1435940095045476,7.9913674784330135,173.85430555953747,1.0,2025.0,High_Mountains,2025-01-01,Winter
891,-4.4930823592885165,3.58131758124018,117.80958442827931,2.0,2025.0,High_Mountains,2025-02-01,Winter
655,11.588385133415466,7.037700988553133,187.83813961998416,3.0,2025.0,High_Mountains,2025-03-01,Pre-monsoon
1063,-5.120022930395788,-1.541040560026176,74.69747330969382,4.0,2025.0,High_Mountains,2025-04-01,Pre-monsoon
1047,12.472502453677116,9.34236130674451,73.57145645475185,5.0,2025.0,High_Mountains,2025-05-01,Pre-monsoon
1225,8.655893443678503,11.412208890653371,89.42065394759884,6.0,2025.0,High_Mountains,2025-06-01,Monsoon
1108,9.344753345115615,5.5077816154379144,78.68115019647925,7.0,2025.0,High_Mountains,2025-07-01,Monsoon
698,1.8503803251177289,3.9449837586059058,94.17161195586463,8.0,2025.0,High_Mountains,2025-08-01,Monsoon
1149,-17.949313154421827,-17.225343573882334,74.68706506936883,9.0,2025.0,High_Mountains,2025-09-01,Monsoon
1330,0.7994224100386076,2.2710490020224436,76.30646142091432,10.0,2025.0,High_Mountains,2025-10-01,Post-monsoon
979,19.450026616828644,-30.49262971119386,435.7726270860193,11.0,2025.0,High_Mountains,2025-11-01,Post-monsoon
1044,-8.249184223123676,-7.677587742494666,149.2253757909301,12.0,2025.0,High_Mountains,2025-12-01,Winter
968,5.4419823066323065,-8.247672068085977,169.08773596922953,1.0,2026.0,High_Mountains,2026-01-01,Winter
473,-19.749077674138682,-18.93704814105493,137.38990266890607,2.0,2026.0,High_Mountains,2026-02-01,Winter
917,-26.60127306806374,-18.70193118994185,126.5611901619121,3.0,2026.0,High_Mountains,2026-03-01,Pre-monsoon
970,-19.98966538239632,-17.084064170506405,86.3623446304239,4.0,2026.0,High_Mountains,2026-04-01,Pre-monsoon
919,4.4277088864857825,4.157787838818432,96.37478497485617,5.0,2026.0,High_Mountains,2026-05-01,Pre-monsoon
1116,22.373667234119768,18.971344046923143,81.93521025357393,6.0,2026.0,High_Mountains,2026-06-01,Monsoon
753,14.699309286391921,13.921781405176631,78.78935762722037,7.0,2026.0,High_Mountains,2026-07-01,Monsoon
331,8.201577333726268,16.32020390353897,73.8950876920409,8.0,2026.0,High_Mountains,2026-08-01,Monsoon
1441,145.90401399900028,144.95781076792056,197.68220964394826,1.0,2019.0,Middle_Mountains,2019-01-01,Winter
1345,46.35391348445277,50.34990387954027,151.31143115525842,2.0,2019.0,Middle_Mountains,2019-02-01,Winter
1283,44.33151660164696,42.15710102277328,110.13152421013828,3.0,2019.0,Middle_Mountains,2019-03-01,Pre-monsoon
1305,13.161581476437744,11.660130993662841,97.42011998488805,4.0,2019.0,Middle_Mountains,2019-04-01,Pre-monsoon
1425,4.988229954795556,-3.203929360538659,92.37115136865432,5.0,2019.0,Middle_Mountains,2019-05-01,Pre-monsoon
1518,-27.98270210874558,-28.492089216308802,60.85110527303872,6.0,2019.0,Middle_Mountains,2019-06-01,Monsoon
1518,-30.195115034985502,-28.694317674414368,53.338109586607224,7.0,2019.0,Middle_Mountains,2019-07-01,Monsoon
1518,-12.962960089822742,-13.653506115351492,63.155584603198896,8.0,2019.0,Middle_Mountains,2019-08-01,Monsoon
1494,-4.467768894249244,-3.896134442031742,94.75190100207256,9.0,2019.0,Middle_Mountains,2019-09-01,Monsoon
1490,8.326083009084801,5.7891123443609995,76.47256317785781,10.0,2019.0,Middle_Mountains,2019-10-01,Post-monsoon
1498,58.11616811085453,56.19928440077251,134.17826520477644,11.0,2019.0,Middle_Mountains,2019-11-01,Post-monsoon
1492,343.57820589340014,328.3169567043005,233.7796744380985,12.0,2019.0,Middle_Mountains,2019-12-01,Winter
1381,306.20610531563227,299.62780075370506,295.73771434868513,1.0,2020.0,Middle_Mountains,2020-01-01,Winter
1388,145.4484207485211,106.4574069272618,320.5011475160436,2.0,2020.0,Middle_Mountains,2020-02-01,Winter
1308,29.304391124778377,23.15122694235861,162.74633338559286,3.0,2020.0,Middle_Mountains,2020-03-01,Pre-monsoon
1227,23.32853233429706,26.47614260451147,131.5795420944108,4.0,2020.0,Middle_Mountains,2020-04-01,Pre-monsoon
1297,-3.046848204094161,4.078273552878371,105.78259351123968,5.0,2020.0,Middle_Mountains,2020-05-01,Pre-monsoon
1514,-21.648299461962036,-26.795303291381224,73.76617468683611,6.0,2020.0,Middle_Mountains,2020-06-01,Monsoon
1481,-27.75283112335242,-26.895323622176267,105.69032223670368,7.0,2020.0,Middle_Mountains,2020-07-01,Monsoon
1280,-11.241966032992895,-10.949995279784671,140.75280300311502,8.0,2020.0,Middle_Mountains,2020-08-01,Monsoon
1177,-1.836199601893432,11.540211535947721,148.1113746461122,9.0,2020.0,Middle_Mountains,2020-09-01,Monsoon
1518,27.295467224598827,24.968367289451795,81.31542624654494,10.0,2020.0,Middle_Mountains,2020-10-01,Post-monsoon
1517,195.36688066322924,187.36544138477458,141.38747063452828,11.0,2020.0,Middle_Mountains,2020-11-01,Post-monsoon
1508,381.19934674032095,370.18669297705304,190.74903587388758,12.0,2020.0,Middle_Mountains,2020-12-01,Winter
1507,234.9457117262181,232.97277071362262,162.23339974938054,1.0,2021.0,Middle_Mountains,2021-01-01,Winter
1495,123.88717922618179,113.93782491345172,171.64309744256516,2.0,2021.0,Middle_Mountains,2021-02-01,Winter
1484,-73.32413886834118,-56.810710526191016,163.30609051944674,3.0,2021.0,Middle_Mountains,2021-03-01,Pre-monsoon
1482,34.97079940256958,34.33772722025592,109.95229456961519,4.0,2021.0,Middle_Mountains,2021-04-01,Pre-monsoon
1368,1.665305841659386,-3.844226519646245,133.9503945490113,5.0,2021.0,Middle_Mountains,2021-05-01,Pre-monsoon
1070,11.704360776671285,11.301149341300768,156.64173713613812,6.0,2021.0,Middle_Mountains,2021-06-01,Monsoon
1043,-38.827085176607895,-26.914708146195213,160.8012918205452,7.0,2021.0,Middle_Mountains,2021-07-01,Monsoon
896,18.816905524723932,7.993571403298973,235.37840257093092,8.0,2021.0,Middle_Mountains,2021-08-01,Monsoon
1257,11.175128984620592,11.082155642971108,128.64591185278542,9.0,2021.0,Middle_Mountains,2021-09-01,Monsoon
1517,17.11246703443062,16.94038565067202,96.21709226862579,10.0,2021.0,Middle_Mountains,2021-10-01,Post-monsoon
1508,204.2439969245408,201.63962261524583,154.11895321652304,11.0,2021.0,Middle_Mountains,2021-11-01,Post-monsoon
1481,317.2624324843854,298.04823153563643,220.65493784491164,12.0,2021.0,Middle_Mountains,2021-12-01,Winter
1292,352.35094170287704,327.73104470462835,364.63561642821946,1.0,2022.0,Middle_Mountains,2022-01-01,Winter
1219,172.10856172135885,114.21870294758595,340.8910128947157,2.0,2022.0,Middle_Mountains,2022-02-01,Winter
1428,7.811936020514053,7.851274229243061,138.67110947143735,3.0,2022.0,Middle_Mountains,2022-03-01,Pre-monsoon
1510,-7.270423164439668,-4.048297829516282,93.24092963130347,4.0,2022.0,Middle_Mountains,2022-04-01,Pre-monsoon
1405,45.28034327258815,42.334540368637484,115.87189168818459,5.0,2022.0,Middle_Mountains,2022-05-01,Pre-monsoon
1127,23.914479248675033,18.285406706776257,140.20288857843107,6.0,2022.0,Middle_Mountains,2022-06-01,Monsoon
1405,2.325847151917708,3.794149121206567,138.8731953086855,7.0,2022.0,Middle_Mountains,2022-07-01,Monsoon
1485,-2.7063541212746913,-1.6863606848304133,83.49717936108647,8.0,2022.0,Middle_Mountains,2022-08-01,Monsoon
1318,-1.2986326898603144,4.46251229498536,145.35585028353248,9.0,2022.0,Middle_Mountains,2022-09-01,Monsoon
1518,33.647178457073394,34.63713010946499,95.24718768037198,10.0,2022.0,Middle_Mountains,2022-10-01,Post-monsoon
1513,142.85761144650252,132.6586699083532,127.5230182742801,11.0,2022.0,Middle_Mountains,2022-11-01,Post-monsoon
1510,257.52970331697725,247.77524557378194,162.4446913341402,12.0,2022.0,Middle_Mountains,2022-12-01,Winter
1502,303.00111090998683,297.28085301434004,182.24885582056032,1.0,2023.0,Middle_Mountains,2023-01-01,Winter
1483,95.41785269665392,98.89977640901515,180.03378144719798,2.0,2023.0,Middle_Mountains,2023-02-01,Winter
1443,6.214045369185605,7.248238685235116,127.10759870018332,3.0,2023.0,Middle_Mountains,2023-03-01,Pre-monsoon
1473,18.434105245955156,11.434903575702364,106.51393085090278,4.0,2023.0,Middle_Mountains,2023-04-01,Pre-monsoon
1493,29.704572959314717,26.691130982633666,99.91394608228316,5.0,2023.0,Middle_Mountains,2023-05-01,Pre-monsoon
1511,7.069888275361877,5.799101667387244,85.36070275811721,6.0,2023.0,Middle_Mountains,2023-06-01,Monsoon
1351,-11.816129312438258,-23.519017005912097,204.81116071367484,7.0,2023.0,Middle_Mountains,2023-07-01,Monsoon
1162,1.1854690679390476,-3.923916204265785,165.64663605039112,8.0,2023.0,Middle_Mountains,2023-08-01,Monsoon
1481,12.996794120077142,11.300599805537045,113.03852832413692,9.0,2023.0,Middle_Mountains,2023-09-01,Monsoon
1506,15.498329702257916,10.954815744540877,114.25625623689271,10.0,2023.0,Middle_Mountains,2023-10-01,Post-monsoon
1511,152.86804167647213,148.6130482583445,136.57609165182248,11.0,2023.0,Middle_Mountains,2023-11-01,Post-monsoon
1457,348.6994128848941,342.5520778079719,217.20208039876144,12.0,2023.0,Middle_Mountains,2023-12-01,Winter
1433,406.4466993261449,382.26982318403327,301.75153076010406,1.0,2024.0,Middle_Mountains,2024-01-01,Winter
1367,228.44115308045218,199.23605185529962,335.81820850834333,2.0,2024.0,Middle_Mountains,2024-02-01,Winter
1460,16.27267852554355,22.636785781787975,153.60906512105305,3.0,2024.0,Middle_Mountains,2024-03-01,Pre-monsoon
1494,-16.29774602256436,-19.13667022370877,98.5433697422869,4.0,2024.0,Middle_Mountains,2024-04-01,Pre-monsoon
1507,-3.784829596340502,-7.269485818989308,125.30128226020547,5.0,2024.0,Middle_Mountains,2024-05-01,Pre-monsoon
1326,-3.573888696591364,-4.102378570188318,100.89320639310148,6.0,2024.0,Middle_Mountains,2024-06-01,Monsoon
1315,-28.35388793538066,-22.81676015652512,159.8541630347241,7.0,2024.0,Middle_Mountains,2024-07-01,Monsoon
1487,-2.332631103127268,-7.072728221707457,149.16571051782975,8.0,2024.0,Middle_Mountains,2024-08-01,Monsoon
1506,3.2342823167862482,4.259125214660657,94.82777925899484,9.0,2024.0,Middle_Mountains,2024-09-01,Monsoon
1516,10.017765839556981,4.0298331204014515,129.3893553317118,10.0,2024.0,Middle_Mountains,2024-10-01,Post-monsoon
1515,12.771298916764804,19.478484158241866,123.60957270442476,11.0,2024.0,Middle_Mountains,2024-11-01,Post-monsoon
1508,45.65779824892086,37.501566937620844,140.59989385888574,12.0,2024.0,Middle_Mountains,2024-12-01,Winter
1492,17.68749141457952,19.207241127688704,114.64960112665264,1.0,2025.0,Middle_Mountains,2025-01-01,Winter
1486,19.223282884579632,16.951586563996752,88.1617917752529,2.0,2025.0,Middle_Mountains,2025-02-01,Winter
1460,-0.08553760054646956,3.722861712908545,76.58796399590484,3.0,2025.0,Middle_Mountains,2025-03-01,Pre-monsoon
1496,0.6966985923943602,1.7534218473647507,56.93437743131054,4.0,2025.0,Middle_Mountains,2025-04-01,Pre-monsoon
1383,17.37668244129463,17.241814783715405,59.94046469696961,5.0,2025.0,Middle_Mountains,2025-05-01,Pre-monsoon
1444,30.242280357289808,24.776637610730326,89.06581897785134,6.0,2025.0,Middle_Mountains,2025-06-01,Monsoon
1332,16.27689623446294,17.31972398531375,66.8061464305006,7.0,2025.0,Middle_Mountains,2025-07-01,Monsoon
969,9.153905695343594,4.350744975427689,101.35459292307218,8.0,2025.0,Middle_Mountains,2025-08-01,Monsoon
1435,0.6072484084287604,1.9925011016533958,62.50232016293648,9.0,2025.0,Middle_Mountains,2025-09-01,Monsoon
1517,3.8666264834971584,6.4954299614336435,53.596765716051245,10.0,2025.0,Middle_Mountains,2025-10-01,Post-monsoon
1512,27.26128675699385,25.12927412914164,85.05610969814396,11.0,2025.0,Middle_Mountains,2025-11-01,Post-monsoon
1509,51.471962361462126,51.46646902638533,99.43945233049506,12.0,2025.0,Middle_Mountains,2025-12-01,Winter
1496,14.217500828025848,11.854093207778973,103.65737892947449,1.0,2026.0,Middle_Mountains,2026-01-01,Winter
1450,-19.657566603219994,-18.71533676149726,88.84032453142865,2.0,2026.0,Middle_Mountains,2026-02-01,Winter
1426,-12.258153300130642,-10.83734345412276,125.6724539014846,3.0,2026.0,Middle_Mountains,2026-03-01,Pre-monsoon
1480,-4.72102935596264,-3.585647407465366,62.147737531072494,4.0,2026.0,Middle_Mountains,2026-04-01,Pre-monsoon
1398,12.551588527943089,20.617285261439317,83.26242736178712,5.0,2026.0,Middle_Mountains,2026-05-01,Pre-monsoon
1446,21.49814813213277,17.29567324417821,66.96570972784147,6.0,2026.0,Middle_Mountains,2026-06-01,Monsoon
1018,28.87187516299457,28.283978574516755,83.57913733753566,7.0,2026.0,Middle_Mountains,2026-07-01,Monsoon
148,9.13000619121067,16.500239155563023,81.73079910029469,8.0,2026.0,Middle_Mountains,2026-08-01,Monsoon
2100,129.49825396173281,125.51438738004275,134.17934162065998,1.0,2019.0,Siwalik,2019-01-01,Winter
2097,76.0337252267258,74.83667199261318,116.53029380919764,2.0,2019.0,Siwalik,2019-02-01,Winter
2093,70.97066723988505,70.71564420618404,79.73747497133868,3.0,2019.0,Siwalik,2019-03-01,Pre-monsoon
2096,26.615153687905735,24.679259171703976,64.05083026916674,4.0,2019.0,Siwalik,2019-04-01,Pre-monsoon
2100,0.15021562455733875,-0.7058170049075756,54.706890961453006,5.0,2019.0,Siwalik,2019-05-01,Pre-monsoon
2100,-26.99618833272189,-28.57540746607783,54.05660566445639,6.0,2019.0,Siwalik,2019-06-01,Monsoon
2100,-53.60738924315072,-51.3381588407842,53.47496461588148,7.0,2019.0,Siwalik,2019-07-01,Monsoon
2100,-23.4544823291455,-23.901039765081627,58.33616789736599,8.0,2019.0,Siwalik,2019-08-01,Monsoon
2100,-11.061564531059341,-9.654830822408796,74.22056001845945,9.0,2019.0,Siwalik,2019-09-01,Monsoon
2097,-4.262783849604216,-4.856742535821364,63.40071805796547,10.0,2019.0,Siwalik,2019-10-01,Post-monsoon
2100,24.68919266300079,18.748252590008256,117.91680026722788,11.0,2019.0,Siwalik,2019-11-01,Post-monsoon
2100,367.233597284876,362.47991797893116,198.78156946250726,12.0,2019.0,Siwalik,2019-12-01,Winter
2097,250.54283448969608,236.54434721700306,219.642090639896,1.0,2020.0,Siwalik,2020-01-01,Winter
2098,63.349500325632384,57.23166815058129,139.75484832007868,2.0,2020.0,Siwalik,2020-02-01,Winter
2092,42.34743530192773,43.846306470609484,87.39936910962828,3.0,2020.0,Siwalik,2020-03-01,Pre-monsoon
2093,40.710159882349096,39.688187334797,87.21711467603353,4.0,2020.0,Siwalik,2020-04-01,Pre-monsoon
2097,9.576211015370507,5.6978072471714185,67.88549222828418,5.0,2020.0,Siwalik,2020-05-01,Pre-monsoon
2100,-37.73608197621955,-37.07630311568488,52.2918165637609,6.0,2020.0,Siwalik,2020-06-01,Monsoon
2095,-51.63284239599977,-51.60690972536651,86.73904113768582,7.0,2020.0,Siwalik,2020-07-01,Monsoon
2085,-36.67693523793681,-34.519950710077715,103.47986914693548,8.0,2020.0,Siwalik,2020-08-01,Monsoon
2079,24.15657563015697,26.607168281657916,108.39181451044496,9.0,2020.0,Siwalik,2020-09-01,Monsoon
2100,9.188217317729077,9.554363355291743,65.52214157392704,10.0,2020.0,Siwalik,2020-10-01,Post-monsoon
2100,190.73164068741755,185.08468615766265,129.57597855242187,11.0,2020.0,Siwalik,2020-11-01,Post-monsoon
2100,389.04070055320113,384.9029099337886,180.0929148486871,12.0,2020.0,Siwalik,2020-12-01,Winter
2100,182.49771471713535,178.57107210431917,159.46257583029117,1.0,2021.0,Siwalik,2021-01-01,Winter
2100,56.02522313628578,51.47389152277789,119.76640586822182,2.0,2021.0,Siwalik,2021-02-01,Winter
2100,-1.0608593249584928,-1.7386886008876041,102.16721999807164,3.0,2021.0,Siwalik,2021-03-01,Pre-monsoon
2100,86.45376606280395,85.74690175870316,80.5611259315707,4.0,2021.0,Siwalik,2021-04-01,Pre-monsoon
2098,12.485300171002859,11.994738383945975,91.35400858464136,5.0,2021.0,Siwalik,2021-05-01,Pre-monsoon
1983,-11.635483834876617,-11.16290715780191,115.97872101398026,6.0,2021.0,Siwalik,2021-06-01,Monsoon
2034,-57.75631160226171,-49.37571642078356,132.54510089182543,7.0,2021.0,Siwalik,2021-07-01,Monsoon
1938,-12.536075357957499,-19.627336639149647,158.547889955934,8.0,2021.0,Siwalik,2021-08-01,Monsoon
2090,21.33909019277886,20.7207566737689,78.95977201720804,9.0,2021.0,Siwalik,2021-09-01,Monsoon
2100,-6.613386736686269,-5.815564202118186,82.18887859290466,10.0,2021.0,Siwalik,2021-10-01,Post-monsoon
2100,169.66885724814455,156.7448760262051,156.92968653950837,11.0,2021.0,Siwalik,2021-11-01,Post-monsoon
2100,365.962959721142,362.9817787314078,189.77180877648487,12.0,2021.0,Siwalik,2021-12-01,Winter
2100,324.64005531921566,308.59295937160573,251.32739000689043,1.0,2022.0,Siwalik,2022-01-01,Winter
2095,57.30677250905133,42.25804566332846,150.97514120250617,2.0,2022.0,Siwalik,2022-02-01,Winter
2100,38.19419304682217,44.00376464567277,96.93613444682511,3.0,2022.0,Siwalik,2022-03-01,Pre-monsoon
2100,28.346640162610043,28.485572586479368,77.2722982386912,4.0,2022.0,Siwalik,2022-04-01,Pre-monsoon
2099,53.83521457260397,51.643605369919214,83.82976556476963,5.0,2022.0,Siwalik,2022-05-01,Pre-monsoon
2030,7.038910939241212,11.801959923645484,101.11119617755718,6.0,2022.0,Siwalik,2022-06-01,Monsoon
2098,-7.422365870197382,-9.497772044222067,91.26813823123076,7.0,2022.0,Siwalik,2022-07-01,Monsoon
2093,-9.564934063170487,-9.646117369107671,64.41622529020174,8.0,2022.0,Siwalik,2022-08-01,Monsoon
2086,10.055185540576028,13.478928710926585,84.70139960266391,9.0,2022.0,Siwalik,2022-09-01,Monsoon
2100,6.426386424342729,5.732486592402528,80.89595734411319,10.0,2022.0,Siwalik,2022-10-01,Post-monsoon
2100,99.65560744511903,93.59344989958834,122.53622112918161,11.0,2022.0,Siwalik,2022-11-01,Post-monsoon
2100,302.428901899499,293.5025521434881,169.89285046009422,12.0,2022.0,Siwalik,2022-12-01,Winter
2100,244.61695013520452,240.14648255413036,165.3340719498918,1.0,2023.0,Siwalik,2023-01-01,Winter
2100,63.527517048861725,65.26480833438832,128.96464214242846,2.0,2023.0,Siwalik,2023-02-01,Winter
2100,29.2033096807186,28.930108818516697,83.77591767775218,3.0,2023.0,Siwalik,2023-03-01,Pre-monsoon
2100,36.63546712123349,32.82237031613835,74.2737430015755,4.0,2023.0,Siwalik,2023-04-01,Pre-monsoon
2100,44.677388110983756,43.83109385369825,70.09112115161417,5.0,2023.0,Siwalik,2023-05-01,Pre-monsoon
2100,-5.219996667831768,-4.6892852269621885,66.58529168219754,6.0,2023.0,Siwalik,2023-06-01,Monsoon
2083,-48.98814890197512,-49.560233701800435,118.62712320755574,7.0,2023.0,Siwalik,2023-07-01,Monsoon
2062,-12.76136936149712,-11.506314373050733,116.52985633336831,8.0,2023.0,Siwalik,2023-08-01,Monsoon
2100,23.616261396583166,21.053437995628112,70.28321301262763,9.0,2023.0,Siwalik,2023-09-01,Monsoon
2100,10.302201059223457,9.845050408229227,82.38092918424445,10.0,2023.0,Siwalik,2023-10-01,Post-monsoon
2100,149.35623009652437,147.0409608887875,122.33799075000607,11.0,2023.0,Siwalik,2023-11-01,Post-monsoon
2100,418.4684329617936,415.78183119055075,183.6932953484167,12.0,2023.0,Siwalik,2023-12-01,Winter
2100,402.4681073638205,400.43499768211177,183.08543576668026,1.0,2024.0,Siwalik,2024-01-01,Winter
2100,156.66769709962935,149.36182924600152,157.613762422043,2.0,2024.0,Siwalik,2024-02-01,Winter
2100,50.032152404778195,51.537037135848166,113.18093509666106,3.0,2024.0,Siwalik,2024-03-01,Pre-monsoon
2100,20.38430568764685,17.314550159408448,83.50557586666126,4.0,2024.0,Siwalik,2024-04-01,Pre-monsoon
2100,10.440226958486829,9.387264880199858,81.55013070465446,5.0,2024.0,Siwalik,2024-05-01,Pre-monsoon
2073,-5.464705221491959,-5.64817380520392,84.15221828972905,6.0,2024.0,Siwalik,2024-06-01,Monsoon
2086,-55.32951295489472,-56.609885628829005,120.14062579845263,7.0,2024.0,Siwalik,2024-07-01,Monsoon
2094,-21.437949857090562,-19.521740275289293,98.68336875878285,8.0,2024.0,Siwalik,2024-08-01,Monsoon
2100,0.8396894712411276,1.6988193636751365,68.18595432792476,9.0,2024.0,Siwalik,2024-09-01,Monsoon
2100,-11.056711260035012,-13.338011863561212,85.61602924324835,10.0,2024.0,Siwalik,2024-10-01,Post-monsoon
2100,8.796351965789679,9.846895149674497,95.46425401112592,11.0,2024.0,Siwalik,2024-11-01,Post-monsoon
2100,62.09480192591618,59.1237790967769,116.59830433237072,12.0,2024.0,Siwalik,2024-12-01,Winter
2100,3.801149998598909,-1.6256026629664135,97.38201502337911,1.0,2025.0,Siwalik,2025-01-01,Winter
2100,23.334955709957224,20.956574233123693,80.22951158080235,2.0,2025.0,Siwalik,2025-02-01,Winter
2100,13.944286686044155,14.208441248647143,55.82531983968514,3.0,2025.0,Siwalik,2025-03-01,Pre-monsoon
2100,8.180363383006437,8.443687306967583,44.62007865529941,4.0,2025.0,Siwalik,2025-04-01,Pre-monsoon
2099,27.75536420950164,25.673129149499413,43.39449567806738,5.0,2025.0,Siwalik,2025-05-01,Pre-monsoon
2093,21.063552844285184,21.025138713244036,57.626570349074235,6.0,2025.0,Siwalik,2025-06-01,Monsoon
2096,20.08949986989552,20.921238020005053,46.899381238358146,7.0,2025.0,Siwalik,2025-07-01,Monsoon
1994,9.027234551331727,9.471866753211893,62.97650807007606,8.0,2025.0,Siwalik,2025-08-01,Monsoon
2100,9.829363105706628,9.504522078137695,42.96930124081708,9.0,2025.0,Siwalik,2025-09-01,Monsoon
2100,9.716532340324626,8.498112069582145,49.90588961847409,10.0,2025.0,Siwalik,2025-10-01,Post-monsoon
2100,47.49419699524832,47.58520201065975,84.063182702889,11.0,2025.0,Siwalik,2025-11-01,Post-monsoon
2100,52.86446688147376,51.642304347207485,100.3182539941837,12.0,2025.0,Siwalik,2025-12-01,Winter
2100,-5.616231267640412,-5.864489746609761,88.97013309604445,1.0,2026.0,Siwalik,2026-01-01,Winter
2100,-14.5569899688081,-12.358721858418074,64.61213816806709,2.0,2026.0,Siwalik,2026-02-01,Winter
2099,25.46966263786196,26.793578706046343,84.16039689693456,3.0,2026.0,Siwalik,2026-03-01,Pre-monsoon
2100,3.030344676912756,4.814366642798673,48.31981614877177,4.0,2026.0,Siwalik,2026-04-01,Pre-monsoon
2098,29.426042232162043,28.48943322100169,51.75790326045305,5.0,2026.0,Siwalik,2026-05-01,Pre-monsoon
2081,18.59829193119832,18.112195763565627,42.60520236098185,6.0,2026.0,Siwalik,2026-06-01,Monsoon
2032,27.634759721592875,24.697135731126362,68.42208643543825,7.0,2026.0,Siwalik,2026-07-01,Monsoon
512,6.7963524446181784,13.506188508772336,128.97009214932078,8.0,2026.0,Siwalik,2026-08-01,Monsoon
1293,92.53914153849885,87.66920107244805,137.3838080813187,1.0,2019.0,Terai,2019-01-01,Winter
1293,117.6141405862936,108.41557443768345,116.94600606676798,2.0,2019.0,Terai,2019-02-01,Winter
1293,127.49414200943771,127.77874908466656,78.13899763221103,3.0,2019.0,Terai,2019-03-01,Pre-monsoon
1293,54.38111589521455,54.485418977101226,65.74319510339699,4.0,2019.0,Terai,2019-04-01,Pre-monsoon
1293,39.914592844221225,39.1930338855811,56.766363069627886,5.0,2019.0,Terai,2019-05-01,Pre-monsoon
1293,-4.178707882743477,-10.446803780956717,62.1151482868916,6.0,2019.0,Terai,2019-06-01,Monsoon
1293,-69.96722605862875,-67.68938595010967,56.64593057949069,7.0,2019.0,Terai,2019-07-01,Monsoon
1293,-34.14499922354406,-32.309288263872105,65.08544464084866,8.0,2019.0,Terai,2019-08-01,Monsoon
1293,-13.519715545734584,-12.3250814226996,58.230671207037325,9.0,2019.0,Terai,2019-09-01,Monsoon
1293,4.004157043550756,4.988329258693536,56.11632966027606,10.0,2019.0,Terai,2019-10-01,Post-monsoon
1293,-24.334561610579467,-24.83992696755525,101.53653737020484,11.0,2019.0,Terai,2019-11-01,Post-monsoon
1293,196.3883394475668,187.0480528176581,189.18025288155306,12.0,2019.0,Terai,2019-12-01,Winter
1293,64.52924732224643,57.202253092957925,166.51758792295485,1.0,2020.0,Terai,2020-01-01,Winter
1293,36.742567397309884,32.71222712118591,108.92572756881088,2.0,2020.0,Terai,2020-02-01,Winter
1293,77.61907861571662,81.86277014463779,87.61284148707635,3.0,2020.0,Terai,2020-03-01,Pre-monsoon
1293,61.32437403930272,58.908885017482106,79.87717875541767,4.0,2020.0,Terai,2020-04-01,Pre-monsoon
1293,26.28086285601401,25.606316157409783,64.60602761231331,5.0,2020.0,Terai,2020-05-01,Pre-monsoon
1293,-57.16494649650651,-56.27365846897352,49.986596860563616,6.0,2020.0,Terai,2020-06-01,Monsoon
1293,-60.48372620723719,-58.55357950281106,73.73586454346876,7.0,2020.0,Terai,2020-07-01,Monsoon
1293,-52.13261936911655,-55.40782578495541,67.43720427079185,8.0,2020.0,Terai,2020-08-01,Monsoon
1293,13.294751685445306,13.430447867136031,81.71777863645492,9.0,2020.0,Terai,2020-09-01,Monsoon
1293,10.55844363979422,8.580662843708001,63.9859262731349,10.0,2020.0,Terai,2020-10-01,Post-monsoon
1293,144.2596496283666,146.94391705033183,132.1997270366921,11.0,2020.0,Terai,2020-11-01,Post-monsoon
1293,265.7303053012658,263.7207018314094,177.04688899716606,12.0,2020.0,Terai,2020-12-01,Winter
1293,59.78086160573875,49.15467429866982,159.47239173406973,1.0,2021.0,Terai,2021-01-01,Winter
1293,57.46663711127213,55.45264613265359,114.19319257282939,2.0,2021.0,Terai,2021-02-01,Winter
1293,71.9626239256618,70.36572624545916,83.58320981001178,3.0,2021.0,Terai,2021-03-01,Pre-monsoon
1293,147.23585261284026,146.7347138221836,78.6661645593372,4.0,2021.0,Terai,2021-04-01,Pre-monsoon
1293,12.473877092330772,13.408397175449759,73.34025511223263,5.0,2021.0,Terai,2021-05-01,Pre-monsoon
1293,-27.156188306348604,-24.95652345589449,92.1884338948308,6.0,2021.0,Terai,2021-06-01,Monsoon
1293,-61.131575635090236,-62.87411930702778,92.79832956761355,7.0,2021.0,Terai,2021-07-01,Monsoon
1293,-54.20674844664676,-51.61343212786482,93.96771768577277,8.0,2021.0,Terai,2021-08-01,Monsoon
1293,10.040042154778941,8.538259059307084,60.98825065792848,9.0,2021.0,Terai,2021-09-01,Monsoon
1293,-2.5787020864331263,-5.8062087707696985,67.6174205277766,10.0,2021.0,Terai,2021-10-01,Post-monsoon
1293,92.27798898978068,81.65742062686891,148.79618955220027,11.0,2021.0,Terai,2021-11-01,Post-monsoon
1293,300.4038683890055,285.9825555301819,182.06041634953792,12.0,2021.0,Terai,2021-12-01,Winter
1293,130.71934750703497,117.76364951815202,191.5982128129311,1.0,2022.0,Terai,2022-01-01,Winter
1293,36.20489821224592,36.56349759789463,111.84232758688348,2.0,2022.0,Terai,2022-02-01,Winter
1293,104.01980828701608,101.15479020360776,85.87907154984194,3.0,2022.0,Terai,2022-03-01,Pre-monsoon
1293,81.52759778499048,81.20981513395712,65.45911624612219,4.0,2022.0,Terai,2022-04-01,Pre-monsoon
1293,56.46072605966476,58.36576438469853,64.06299118103415,5.0,2022.0,Terai,2022-05-01,Pre-monsoon
1293,14.802114607970687,17.518953130265064,91.48848736396641,6.0,2022.0,Terai,2022-06-01,Monsoon
1293,-20.745632471401148,-20.74011773587194,72.61504898610181,7.0,2022.0,Terai,2022-07-01,Monsoon
1293,-22.036441276519465,-22.05681699078704,53.05012003432473,8.0,2022.0,Terai,2022-08-01,Monsoon
1293,11.63354139623752,9.821147000547183,58.579104425825015,9.0,2022.0,Terai,2022-09-01,Monsoon
1293,6.505131994090875,9.666701641863648,72.90882752853324,10.0,2022.0,Terai,2022-10-01,Post-monsoon
1293,44.63031028141666,40.49926716205797,121.06603744848567,11.0,2022.0,Terai,2022-11-01,Post-monsoon
1293,236.54958089165777,224.27986503039855,177.20239381427106,12.0,2022.0,Terai,2022-12-01,Winter
1293,96.64834573722477,88.25522783072208,148.09015259051083,1.0,2023.0,Terai,2023-01-01,Winter
1293,85.9959815319128,85.65308919166803,111.9797156950762,2.0,2023.0,Terai,2023-02-01,Winter
1293,76.9413924772352,78.14018904885363,76.0635481659371,3.0,2023.0,Terai,2023-03-01,Pre-monsoon
1293,72.9436518678953,74.05494468256109,77.4986841000938,4.0,2023.0,Terai,2023-04-01,Pre-monsoon
1293,61.36454569208542,58.17800851314002,63.50054489052562,5.0,2023.0,Terai,2023-05-01,Pre-monsoon
1293,3.6280351347130577,4.718815656235684,64.19809462968192,6.0,2023.0,Terai,2023-06-01,Monsoon
1293,-70.16437197422367,-70.20343762639091,76.03609710719783,7.0,2023.0,Terai,2023-07-01,Monsoon
1293,-34.84005708874294,-36.358232117698755,79.59288049911954,8.0,2023.0,Terai,2023-08-01,Monsoon
1293,28.28488368817717,27.63016347113649,59.84398577823499,9.0,2023.0,Terai,2023-09-01,Monsoon
1293,9.3654655133394,9.629185889507372,78.83556420668255,10.0,2023.0,Terai,2023-10-01,Post-monsoon
1293,93.6574730694821,89.70868306291179,124.10297612330028,11.0,2023.0,Terai,2023-11-01,Post-monsoon
1293,384.1297387725304,370.00304298056966,195.2632047678958,12.0,2023.0,Terai,2023-12-01,Winter
1293,270.71159471113344,256.08606141654144,234.76387980370126,1.0,2024.0,Terai,2024-01-01,Winter
1293,115.77605555775712,107.90535959408099,126.85196226061731,2.0,2024.0,Terai,2024-02-01,Winter
1293,110.93697535809612,108.84022538350068,97.73722767243899,3.0,2024.0,Terai,2024-03-01,Pre-monsoon
1293,77.3537999615233,78.32754137920112,80.9733491757572,4.0,2024.0,Terai,2024-04-01,Pre-monsoon
1293,36.1064829846625,36.004727781716056,76.07235827355187,5.0,2024.0,Terai,2024-05-01,Pre-monsoon
1293,6.2206877852128795,5.389015208069954,77.34701117122933,6.0,2024.0,Terai,2024-06-01,Monsoon
1293,-82.7380341084836,-85.60097336224236,84.0195067914922,7.0,2024.0,Terai,2024-07-01,Monsoon
1293,-24.004528467120455,-27.720151762877748,67.4965007595654,8.0,2024.0,Terai,2024-08-01,Monsoon
1293,0.009015362815397896,0.9754358689128237,58.12905999735318,9.0,2024.0,Terai,2024-09-01,Monsoon
1293,1.840145116878423,4.949453433872496,72.60712843416125,10.0,2024.0,Terai,2024-10-01,Post-monsoon
1293,-5.199767198134277,-9.816663938322284,90.5921312119798,11.0,2024.0,Terai,2024-11-01,Post-monsoon
1293,88.0944381720603,86.23184391408435,120.2132373024897,12.0,2024.0,Terai,2024-12-01,Winter
1293,7.034906359059791,5.571321990460698,99.95058158581313,1.0,2025.0,Terai,2025-01-01,Winter
1293,32.113165271576804,32.41432801623563,69.75205160431737,2.0,2025.0,Terai,2025-02-01,Winter
1293,42.298965324862884,43.19591361467213,60.05409711955307,3.0,2025.0,Terai,2025-03-01,Pre-monsoon
1293,15.383044775561638,16.493616924898422,44.03212323641766,4.0,2025.0,Terai,2025-04-01,Pre-monsoon
1293,30.02240287223281,29.798448034750326,37.264202432426465,5.0,2025.0,Terai,2025-05-01,Pre-monsoon
1293,13.57796027739346,12.538898153309157,41.34793710889461,6.0,2025.0,Terai,2025-06-01,Monsoon
1293,19.60802543808354,20.125999473336787,37.78196802842154,7.0,2025.0,Terai,2025-07-01,Monsoon
1293,15.62368481450814,16.097369167226844,42.57572233205476,8.0,2025.0,Terai,2025-08-01,Monsoon
1293,21.058763288047615,20.01555322844152,33.41983183662026,9.0,2025.0,Terai,2025-09-01,Monsoon
1293,14.794338840104036,14.29351951783324,47.48555766452719,10.0,2025.0,Terai,2025-10-01,Post-monsoon
1293,58.8116122278381,55.537752388627986,82.99214342080967,11.0,2025.0,Terai,2025-11-01,Post-monsoon
1293,62.73649887895325,59.43177295197969,107.7484757468422,12.0,2025.0,Terai,2025-12-01,Winter
1293,0.4440328296419362,-1.6647812640557056,80.60358251644747,1.0,2026.0,Terai,2026-01-01,Winter
1293,3.9445181973226204,2.8473836942923194,60.75921798427999,2.0,2026.0,Terai,2026-02-01,Winter
1293,49.960370843451514,48.816234584880206,57.55079974704335,3.0,2026.0,Terai,2026-03-01,Pre-monsoon
1293,18.617946444990416,18.02854702418474,42.9613279037991,4.0,2026.0,Terai,2026-04-01,Pre-monsoon
1293,39.31373406397873,41.16086411305989,41.74569309231876,5.0,2026.0,Terai,2026-05-01,Pre-monsoon
1293,24.99143749429653,26.012576055980666,37.45660780872257,6.0,2026.0,Terai,2026-06-01,Monsoon
1293,27.47218500414696,25.691224448390916,44.31938977306286,7.0,2026.0,Terai,2026-07-01,Monsoon
971,8.436972853687505,5.431896256152016,120.52947433912007,8.0,2026.0,Terai,2026-08-01,Monsoon
