UVAI_count,UVAI_mean,UVAI_median,UVAI_stdDev,month,year,zone,date,season
690,-0.5049644056394299,-0.4767939385729718,0.2827787726979945,1.0,2019.0,High_Himal,2019-01-01,Winter
690,-0.3683614780080331,-0.3708340841728718,0.1526845331568059,2.0,2019.0,High_Himal,2019-02-01,Winter
690,-0.0885395897392559,-0.0581298310665181,0.2346155776248032,3.0,2019.0,High_Himal,2019-03-01,Pre-monsoon
690,-0.0628369692114506,-0.0742071238648399,0.2980562896482865,4.0,2019.0,High_Himal,2019-04-01,Pre-monsoon
690,-0.0868652156646353,-0.1021964398740942,0.3723143094032968,5.0,2019.0,High_Himal,2019-05-01,Pre-monsoon
690,-0.3322579638134747,-0.3645181613177333,0.3658209932947657,6.0,2019.0,High_Himal,2019-06-01,Monsoon
690,-0.7240395962838919,-0.7140214593782698,0.2226253359250103,7.0,2019.0,High_Himal,2019-07-01,Monsoon
690,-0.7978768127205506,-0.7845141461405911,0.231415349404016,8.0,2019.0,High_Himal,2019-08-01,Monsoon
690,-0.7899721660966285,-0.7855859562491625,0.2346985589136181,9.0,2019.0,High_Himal,2019-09-01,Monsoon
690,-0.7459730666022117,-0.7629165371999018,0.3561005274031411,10.0,2019.0,High_Himal,2019-10-01,Post-monsoon
690,-0.8534810003811882,-0.8656687442951547,0.3997467929199525,11.0,2019.0,High_Himal,2019-11-01,Post-monsoon
690,-0.7073052025345585,-0.6632607128495422,0.3996919151080811,12.0,2019.0,High_Himal,2019-12-01,Winter
690,-0.6297267107817703,-0.6020428547572378,0.2620402007852258,1.0,2020.0,High_Himal,2020-01-01,Winter
690,-0.5037034692782212,-0.4618422941482664,0.3277118461801533,2.0,2020.0,High_Himal,2020-02-01,Winter
690,-0.3969125023475278,-0.3784148976961894,0.2518459241614976,3.0,2020.0,High_Himal,2020-03-01,Pre-monsoon
690,-0.3810315459544238,-0.3707787600828452,0.2685169326486504,4.0,2020.0,High_Himal,2020-04-01,Pre-monsoon
690,-0.4615181835613833,-0.4797009581932694,0.3454034504344608,5.0,2020.0,High_Himal,2020-05-01,Pre-monsoon
690,-0.6499847681376787,-0.6455608807012724,0.3245432168348343,6.0,2020.0,High_Himal,2020-06-01,Monsoon
690,-0.9213582042883838,-0.8948181047978807,0.2402761508634472,7.0,2020.0,High_Himal,2020-07-01,Monsoon
690,-0.9832487717251192,-0.9796810427769996,0.2387959700605815,8.0,2020.0,High_Himal,2020-08-01,Monsoon
690,-0.9907240379264188,-0.9885035498744884,0.301769620321125,9.0,2020.0,High_Himal,2020-09-01,Monsoon
690,-0.7400522972092578,-0.7872180858467592,0.5128254400736232,10.0,2020.0,High_Himal,2020-10-01,Post-monsoon
690,-0.9598764272571008,-0.9778750139653384,0.4343560244713036,11.0,2020.0,High_Himal,2020-11-01,Post-monsoon
690,-1.0158389019279082,-1.0391094853165206,0.4709356481533606,12.0,2020.0,High_Himal,2020-12-01,Winter
690,-0.7667017514723795,-0.8193273222565176,0.4512386110940929,1.0,2021.0,High_Himal,2021-01-01,Winter
690,-0.7263400682427696,-0.7375467408808731,0.3405445217800913,2.0,2021.0,High_Himal,2021-02-01,Winter
690,-0.637060570735007,-0.6334491137513646,0.3765570202667533,3.0,2021.0,High_Himal,2021-03-01,Pre-monsoon
690,-0.4451235963714272,-0.4146514149547506,0.3599683655725214,4.0,2021.0,High_Himal,2021-04-01,Pre-monsoon
690,-0.745620545404742,-0.7294938807248226,0.2856266037695361,5.0,2021.0,High_Himal,2021-05-01,Pre-monsoon
690,-0.8596798602434933,-0.8787788269974474,0.3441806789396067,6.0,2021.0,High_Himal,2021-06-01,Monsoon
690,-0.7710902535220777,-0.7783986047485899,0.2146278129594899,7.0,2021.0,High_Himal,2021-07-01,Monsoon
690,-0.8407531967054156,-0.8627635566921678,0.2476028566107272,8.0,2021.0,High_Himal,2021-08-01,Monsoon
690,-0.7917355842780318,-0.8013810679670968,0.2346177882726917,9.0,2021.0,High_Himal,2021-09-01,Monsoon
690,-0.3590434945378489,-0.3873065989142951,0.4143056977151231,10.0,2021.0,High_Himal,2021-10-01,Post-monsoon
690,-0.3909319050459231,-0.3843146351341249,0.4543062706373014,11.0,2021.0,High_Himal,2021-11-01,Post-monsoon
690,-0.5519068133590127,-0.5231988317575069,0.3412220105502481,12.0,2021.0,High_Himal,2021-12-01,Winter
690,-0.5519818836252873,-0.526866045974407,0.2939475532312449,1.0,2022.0,High_Himal,2022-01-01,Winter
690,-0.4351800671202263,-0.4093584646339721,0.2989692989792169,2.0,2022.0,High_Himal,2022-02-01,Winter
690,0.0968402781300612,0.0978857067755501,0.3069881975961475,3.0,2022.0,High_Himal,2022-03-01,Pre-monsoon
690,-0.0238926820803767,-0.0580145327079577,0.3639935688696479,4.0,2022.0,High_Himal,2022-04-01,Pre-monsoon
690,-0.385957243101693,-0.4102274826614689,0.2751860191587427,5.0,2022.0,High_Himal,2022-05-01,Pre-monsoon
690,-0.2733251997051146,-0.3344740800754364,0.4163856563724311,6.0,2022.0,High_Himal,2022-06-01,Monsoon
690,-0.5334229534832587,-0.5362778700904228,0.197965827503261,7.0,2022.0,High_Himal,2022-07-01,Monsoon
690,-0.5646664862277629,-0.5667702708548799,0.1955962005275617,8.0,2022.0,High_Himal,2022-08-01,Monsoon
690,-0.5482691274885677,-0.549937039409484,0.2205783026480524,9.0,2022.0,High_Himal,2022-09-01,Monsoon
690,-0.2350065856912492,-0.2471517179920191,0.297847305371657,10.0,2022.0,High_Himal,2022-10-01,Post-monsoon
690,-0.1369872893063345,-0.1140404593594308,0.4214141621275396,11.0,2022.0,High_Himal,2022-11-01,Post-monsoon
690,-0.1123388603454939,-0.1340272244888594,0.4598223346003255,12.0,2022.0,High_Himal,2022-12-01,Winter
690,-0.042013249254014,-0.0687145631112133,0.4389645392116926,1.0,2023.0,High_Himal,2023-01-01,Winter
690,0.1312030186803908,0.1335849224205978,0.3710665640835968,2.0,2023.0,High_Himal,2023-02-01,Winter
690,-0.2933387657917576,-0.3182464794204647,0.2533905943503806,3.0,2023.0,High_Himal,2023-03-01,Pre-monsoon
690,-0.0199853134379103,-0.0204100526176769,0.2599031764608705,4.0,2023.0,High_Himal,2023-04-01,Pre-monsoon
690,0.0272115857684105,0.0264608800324319,0.2672169433063855,5.0,2023.0,High_Himal,2023-05-01,Pre-monsoon
690,-0.1071326315980016,-0.1432422371384329,0.3104585125882575,6.0,2023.0,High_Himal,2023-06-01,Monsoon
690,-0.5203663453502477,-0.5115515333393519,0.1943161621252529,7.0,2023.0,High_Himal,2023-07-01,Monsoon
690,-0.5353427327843266,-0.5432343545071403,0.1737261552829912,8.0,2023.0,High_Himal,2023-08-01,Monsoon
690,-0.4481610376998066,-0.4582588950685489,0.2768275865609493,9.0,2023.0,High_Himal,2023-09-01,Monsoon
690,-0.2539251106017998,-0.2728042556103271,0.4174140977026319,10.0,2023.0,High_Himal,2023-10-01,Post-monsoon
690,-0.2915859800561457,-0.3030398029424109,0.4241843923149369,11.0,2023.0,High_Himal,2023-11-01,Post-monsoon
690,-0.2440647653746724,-0.2550103444598756,0.3815583198866822,12.0,2023.0,High_Himal,2023-12-01,Winter
690,-0.0430644561131136,-0.0562307057221795,0.4353991389126912,1.0,2024.0,High_Himal,2024-01-01,Winter
690,-0.1567930292494913,-0.1685260950902574,0.3089862609369252,2.0,2024.0,High_Himal,2024-02-01,Winter
690,-0.0766744740205029,-0.075745329572492,0.2968703864008623,3.0,2024.0,High_Himal,2024-03-01,Pre-monsoon
690,0.0468508967621647,0.0496280263667997,0.2983909622971573,4.0,2024.0,High_Himal,2024-04-01,Pre-monsoon
690,-0.1659754075496612,-0.1838993778919117,0.2496323755894448,5.0,2024.0,High_Himal,2024-05-01,Pre-monsoon
690,-0.2182980202453781,-0.2538972407569063,0.2942929018571281,6.0,2024.0,High_Himal,2024-06-01,Monsoon
690,-0.5370689174299031,-0.558764157238533,0.1971399257911469,7.0,2024.0,High_Himal,2024-07-01,Monsoon
690,-0.6564396409736094,-0.6448347290109703,0.1813514676250577,8.0,2024.0,High_Himal,2024-08-01,Monsoon
690,-0.5962361864839775,-0.5980994114533162,0.1998313724949926,9.0,2024.0,High_Himal,2024-09-01,Monsoon
690,-0.1406792530878043,-0.1632510009482667,0.4722856653851315,10.0,2024.0,High_Himal,2024-10-01,Post-monsoon
690,-0.0268449707044578,-0.0853619942137175,0.5042532886263927,11.0,2024.0,High_Himal,2024-11-01,Post-monsoon
690,0.0044535618302182,-0.0066796542071146,0.4545608831764024,12.0,2024.0,High_Himal,2024-12-01,Winter
690,-0.1613528052412175,-0.1621993694708052,0.3866792604230855,1.0,2025.0,High_Himal,2025-01-01,Winter
690,-0.1042960255428726,-0.105597085295363,0.3244894207073729,2.0,2025.0,High_Himal,2025-02-01,Winter
690,-0.0123604168335089,-0.0203372790023976,0.3378189857711742,3.0,2025.0,High_Himal,2025-03-01,Pre-monsoon
690,-0.1298488506085699,-0.1592244211576254,0.3330017848222574,4.0,2025.0,High_Himal,2025-04-01,Pre-monsoon
690,-0.3504368113285127,-0.3564869591388162,0.2607457280705753,5.0,2025.0,High_Himal,2025-05-01,Pre-monsoon
690,-0.3912063459115147,-0.4104518445527569,0.2623060948305351,6.0,2025.0,High_Himal,2025-06-01,Monsoon
690,-0.6059462172098041,-0.5980618222291706,0.1750441238848816,7.0,2025.0,High_Himal,2025-07-01,Monsoon
690,-0.6687012495446719,-0.6598386489073746,0.1754311687017992,8.0,2025.0,High_Himal,2025-08-01,Monsoon
690,-0.5947141750511366,-0.6375907901594341,0.2766438966582349,9.0,2025.0,High_Himal,2025-09-01,Monsoon
690,-0.313690959671277,-0.3447819084556309,0.363044118794005,10.0,2025.0,High_Himal,2025-10-01,Post-monsoon
690,-0.2728050105420641,-0.2410038034465463,0.4750115700886273,11.0,2025.0,High_Himal,2025-11-01,Post-monsoon
690,-0.0773512022554131,-0.1343078171545966,0.5281127482098829,12.0,2025.0,High_Himal,2025-12-01,Winter
690,0.0210235398715558,0.0073687001072012,0.3790987249784854,1.0,2026.0,High_Himal,2026-01-01,Winter
690,-0.0643424467413759,-0.0668353067464551,0.3187925663888097,2.0,2026.0,High_Himal,2026-02-01,Winter
690,0.0317381096338166,0.009144248850047,0.2821029381134188,3.0,2026.0,High_Himal,2026-03-01,Pre-monsoon
690,0.1404041042818483,0.1134047154950435,0.2802235240242097,4.0,2026.0,High_Himal,2026-04-01,Pre-monsoon
690,-0.0329262253438834,-0.0651195961399326,0.2696000336569144,5.0,2026.0,High_Himal,2026-05-01,Pre-monsoon
690,-0.1118202898674938,-0.1134646012286658,0.2723296350373596,6.0,2026.0,High_Himal,2026-06-01,Monsoon
690,-0.4418779408559005,-0.4256443273064693,0.1717247508337821,7.0,2026.0,High_Himal,2026-07-01,Monsoon
690,-0.8107005724758521,-0.8252808471677157,0.343393653831996,8.0,2026.0,High_Himal,2026-08-01,Monsoon
1449,-0.7804791032501311,-0.7580553376809934,0.3281369761688019,1.0,2019.0,High_Mountains,2019-01-01,Winter
1449,-0.6027336237074605,-0.5506881953173841,0.2878090142395032,2.0,2019.0,High_Mountains,2019-02-01,Winter
1449,-0.5439903399010431,-0.490689996622809,0.4526756625071788,3.0,2019.0,High_Mountains,2019-03-01,Pre-monsoon
1449,-0.5415569071619193,-0.4592400215090283,0.4375409477330347,4.0,2019.0,High_Mountains,2019-04-01,Pre-monsoon
1449,-0.5473192856542026,-0.492777158438946,0.4308669087640267,5.0,2019.0,High_Mountains,2019-05-01,Pre-monsoon
1449,-0.6772635185757555,-0.6319581418456013,0.3824449497200929,6.0,2019.0,High_Mountains,2019-06-01,Monsoon
1449,-0.8617111707996261,-0.8323546000341555,0.2628057622997389,7.0,2019.0,High_Mountains,2019-07-01,Monsoon
1449,-0.9578210203047148,-0.9100861965399246,0.3173682760002704,8.0,2019.0,High_Mountains,2019-08-01,Monsoon
1449,-0.9552063289425592,-0.8958079790146933,0.2863147263537203,9.0,2019.0,High_Mountains,2019-09-01,Monsoon
1449,-1.1464379472609485,-1.162758338835843,0.3404003993645959,10.0,2019.0,High_Mountains,2019-10-01,Post-monsoon
1449,-1.2768476623070195,-1.3158342914386705,0.3238642616818185,11.0,2019.0,High_Mountains,2019-11-01,Post-monsoon
1449,-1.2672852253933284,-1.2886085704365653,0.4426781162961563,12.0,2019.0,High_Mountains,2019-12-01,Winter
1449,-0.9229253166242194,-0.8659260321419308,0.35666459174012,1.0,2020.0,High_Mountains,2020-01-01,Winter
1449,-1.0141496388304967,-0.9446359328076832,0.5202680178309537,2.0,2020.0,High_Mountains,2020-02-01,Winter
1449,-0.9269382044594564,-0.8670102192038064,0.4601921797299144,3.0,2020.0,High_Mountains,2020-03-01,Pre-monsoon
1449,-0.8249788169682336,-0.7570900159173375,0.4317582503086336,4.0,2020.0,High_Mountains,2020-04-01,Pre-monsoon
1449,-0.8666248313413633,-0.8038499041418758,0.3863111713087606,5.0,2020.0,High_Mountains,2020-05-01,Pre-monsoon
1449,-0.9342082850311868,-0.8829105828614372,0.3068925984480568,6.0,2020.0,High_Mountains,2020-06-01,Monsoon
1449,-1.0263310351840975,-0.9492470103013264,0.2623470025135715,7.0,2020.0,High_Mountains,2020-07-01,Monsoon
1449,-1.1302213172313944,-1.053650896323478,0.3268975004951479,8.0,2020.0,High_Mountains,2020-08-01,Monsoon
1449,-1.2202485125270457,-1.1608383179901591,0.3502386076656592,9.0,2020.0,High_Mountains,2020-09-01,Monsoon
1449,-1.2223043598296266,-1.2744768072133688,0.4378560324356367,10.0,2020.0,High_Mountains,2020-10-01,Post-monsoon
1449,-1.5050629996101392,-1.5854581414383917,0.3748679433216303,11.0,2020.0,High_Mountains,2020-11-01,Post-monsoon
1449,-1.4844103707704093,-1.5231272221465817,0.376818804608687,12.0,2020.0,High_Mountains,2020-12-01,Winter
1449,-1.3485633453375532,-1.3856566042726384,0.425206675467018,1.0,2021.0,High_Mountains,2021-01-01,Winter
1449,-1.1956350154998192,-1.147583043951498,0.4375559173394659,2.0,2021.0,High_Mountains,2021-02-01,Winter
1449,-0.943406032914743,-0.929354857509633,0.4760913401137198,3.0,2021.0,High_Mountains,2021-03-01,Pre-monsoon
1449,-0.8001307690545628,-0.7885643264261839,0.4020104879033694,4.0,2021.0,High_Mountains,2021-04-01,Pre-monsoon
1449,-1.0748055733409352,-1.022852207040552,0.3273433698879007,5.0,2021.0,High_Mountains,2021-05-01,Pre-monsoon
1449,-1.1420731084803506,-1.0971107741119526,0.3120598574823147,6.0,2021.0,High_Mountains,2021-06-01,Monsoon
1449,-0.895378044175663,-0.8714173896136922,0.1982460665927118,7.0,2021.0,High_Mountains,2021-07-01,Monsoon
1449,-0.9519103412339256,-0.9262360825508168,0.2186196312704223,8.0,2021.0,High_Mountains,2021-08-01,Monsoon
1449,-0.9292375608181648,-0.9094432977699252,0.21316304976486,9.0,2021.0,High_Mountains,2021-09-01,Monsoon
1449,-0.6292494124799115,-0.6635125917156927,0.3778176165855932,10.0,2021.0,High_Mountains,2021-10-01,Post-monsoon
1449,-0.6731489683533459,-0.6655077771067269,0.5168118657649972,11.0,2021.0,High_Mountains,2021-11-01,Post-monsoon
1449,-0.8930501264599702,-0.8654736884008569,0.3699926853896098,12.0,2021.0,High_Mountains,2021-12-01,Winter
1449,-0.8727516208786478,-0.8376872929659334,0.349029757220453,1.0,2022.0,High_Mountains,2022-01-01,Winter
1449,-0.7965681150476438,-0.758358135636408,0.3813725472986389,2.0,2022.0,High_Mountains,2022-02-01,Winter
1449,-0.2839916019768044,-0.2890186536203578,0.3638731786718306,3.0,2022.0,High_Mountains,2022-03-01,Pre-monsoon
1449,-0.2648447428117761,-0.2897543238392847,0.3171165272249754,4.0,2022.0,High_Mountains,2022-04-01,Pre-monsoon
1449,-0.5960391953523841,-0.5865804743072702,0.255067346910387,5.0,2022.0,High_Mountains,2022-05-01,Pre-monsoon
1449,-0.5271320804508082,-0.5553076841728718,0.3559512330918817,6.0,2022.0,High_Mountains,2022-06-01,Monsoon
1449,-0.5946437854057647,-0.5737263789690215,0.2023950918410931,7.0,2022.0,High_Mountains,2022-07-01,Monsoon
1449,-0.6933192493126524,-0.68394659083581,0.2213504403675336,8.0,2022.0,High_Mountains,2022-08-01,Monsoon
1449,-0.6949778150613938,-0.6830144387176257,0.1986615399076711,9.0,2022.0,High_Mountains,2022-09-01,Monsoon
1449,-0.6852380059446517,-0.6957260030514273,0.2995341092918471,10.0,2022.0,High_Mountains,2022-10-01,Post-monsoon
1449,-0.6132190321801388,-0.6189171227576463,0.4230006611510899,11.0,2022.0,High_Mountains,2022-11-01,Post-monsoon
1449,-0.4724172687832928,-0.4755175617272042,0.4360930140726008,12.0,2022.0,High_Mountains,2022-12-01,Winter
1449,-0.4234244760792717,-0.4598363615223854,0.3644228324242934,1.0,2023.0,High_Mountains,2023-01-01,Winter
1449,-0.2743838204326476,-0.289771783827934,0.4274173616612412,2.0,2023.0,High_Mountains,2023-02-01,Winter
1449,-0.5832073800816918,-0.5810478753918698,0.2672864344200411,3.0,2023.0,High_Mountains,2023-03-01,Pre-monsoon
1449,-0.3673387392562759,-0.3567341144851653,0.3197792052451984,4.0,2023.0,High_Mountains,2023-04-01,Pre-monsoon
1449,-0.3344739516683279,-0.3356442076982084,0.3378789233987463,5.0,2023.0,High_Mountains,2023-05-01,Pre-monsoon
1449,-0.3933208811741851,-0.3822209745972023,0.3123082842393553,6.0,2023.0,High_Mountains,2023-06-01,Monsoon
1449,-0.6057633217747832,-0.5580777516410692,0.2185252426397788,7.0,2023.0,High_Mountains,2023-07-01,Monsoon
1449,-0.5976384317880681,-0.5657129778020268,0.1846915921379306,8.0,2023.0,High_Mountains,2023-08-01,Monsoon
1449,-0.6138892126686458,-0.6050803859177752,0.2283035503538335,9.0,2023.0,High_Mountains,2023-09-01,Monsoon
1449,-0.5560664160104525,-0.6169957137265013,0.3698796740589011,10.0,2023.0,High_Mountains,2023-10-01,Post-monsoon
1449,-0.5108982628849029,-0.5547621630799116,0.3821402033193784,11.0,2023.0,High_Mountains,2023-11-01,Post-monsoon
1449,-0.6021115919596546,-0.6020861975126102,0.3592437105509785,12.0,2023.0,High_Mountains,2023-12-01,Winter
1449,-0.2897626318083492,-0.3204437175753838,0.3888288386809285,1.0,2024.0,High_Mountains,2024-01-01,Winter
1449,-0.4630857220156177,-0.488046946168992,0.3103717770857916,2.0,2024.0,High_Mountains,2024-02-01,Winter
1449,-0.4450155606948447,-0.446923602246178,0.3435651207441738,3.0,2024.0,High_Mountains,2024-03-01,Pre-monsoon
1449,-0.249855482595263,-0.2610280400803936,0.3250749434133817,4.0,2024.0,High_Mountains,2024-04-01,Pre-monsoon
1449,-0.3854053287555948,-0.387265323265714,0.2585808229531786,5.0,2024.0,High_Mountains,2024-05-01,Pre-monsoon
1449,-0.4260665429504925,-0.4297096600961236,0.3218614852809761,6.0,2024.0,High_Mountains,2024-06-01,Monsoon
1449,-0.6575610342090022,-0.6371313853251741,0.1999288178609395,7.0,2024.0,High_Mountains,2024-07-01,Monsoon
1449,-0.7419142854481295,-0.7227437212122213,0.2301440053158123,8.0,2024.0,High_Mountains,2024-08-01,Monsoon
1449,-0.7425148576628209,-0.7220692843230112,0.197517761903032,9.0,2024.0,High_Mountains,2024-09-01,Monsoon
1449,-0.4475257391298754,-0.523919409015371,0.4168572341082842,10.0,2024.0,High_Mountains,2024-10-01,Post-monsoon
1449,-0.1391068059842436,-0.1784508650641534,0.4249030200600405,11.0,2024.0,High_Mountains,2024-11-01,Post-monsoon
1449,-0.2027588192525473,-0.2743055257892793,0.4013884407573033,12.0,2024.0,High_Mountains,2024-12-01,Winter
1449,-0.4342159327479864,-0.4615663565125552,0.4080156575352382,1.0,2025.0,High_Mountains,2025-01-01,Winter
1449,-0.3554190984862792,-0.3831225904929266,0.3330678486798199,2.0,2025.0,High_Mountains,2025-02-01,Winter
1449,-0.3505495678820117,-0.3522550508474268,0.3642340716420722,3.0,2025.0,High_Mountains,2025-03-01,Pre-monsoon
1449,-0.3776478560520648,-0.4017202282259001,0.2685043121237069,4.0,2025.0,High_Mountains,2025-04-01,Pre-monsoon
1449,-0.565597072099473,-0.5512610342121452,0.2552525523299003,5.0,2025.0,High_Mountains,2025-05-01,Pre-monsoon
1449,-0.575858617013072,-0.5588076048218273,0.2565924453337398,6.0,2025.0,High_Mountains,2025-06-01,Monsoon
1449,-0.6788963421456503,-0.652284390931207,0.20847007117104,7.0,2025.0,High_Mountains,2025-07-01,Monsoon
1449,-0.7187971026277495,-0.6832647298960421,0.2270240696827906,8.0,2025.0,High_Mountains,2025-08-01,Monsoon
1449,-0.7363847710969338,-0.7307107665599859,0.2366228606407276,9.0,2025.0,High_Mountains,2025-09-01,Monsoon
1449,-0.6105274509307633,-0.6962507929785122,0.3669334005368333,10.0,2025.0,High_Mountains,2025-10-01,Post-monsoon
1449,-0.8106592779772482,-0.7750901657640475,0.4300475323641546,11.0,2025.0,High_Mountains,2025-11-01,Post-monsoon
1449,-0.4286603086050439,-0.4457580859917245,0.3720385672033794,12.0,2025.0,High_Mountains,2025-12-01,Winter
1449,-0.242212524614681,-0.2528483424250795,0.2776289447140623,1.0,2026.0,High_Mountains,2026-01-01,Winter
1449,-0.4811064887808038,-0.4885876994988721,0.3145289617670119,2.0,2026.0,High_Mountains,2026-02-01,Winter
1449,-0.2198269895530693,-0.2260775010643347,0.2738407454112945,3.0,2026.0,High_Mountains,2026-03-01,Pre-monsoon
1449,-0.1929745160058015,-0.1827745578121,0.2893212541729869,4.0,2026.0,High_Mountains,2026-04-01,Pre-monsoon
1449,-0.2827574999717894,-0.2697047815653429,0.2449546186143372,5.0,2026.0,High_Mountains,2026-05-01,Pre-monsoon
1449,-0.3697392181814509,-0.3715325028337093,0.2834958362830996,6.0,2026.0,High_Mountains,2026-06-01,Monsoon
1449,-0.500095040478474,-0.4649043639318087,0.2050440127334526,7.0,2026.0,High_Mountains,2026-07-01,Monsoon
1449,-0.8961397933155167,-0.8650813256308045,0.4161906313883993,8.0,2026.0,High_Mountains,2026-08-01,Monsoon
1518,-1.0478240167506012,-1.0668958588447015,0.1915681165245939,1.0,2019.0,Middle_Mountains,2019-01-01,Winter
1518,-1.1506782319352278,-1.190777528211543,0.2189143170460289,2.0,2019.0,Middle_Mountains,2019-02-01,Winter
1518,-1.215635003755274,-1.2574323886940224,0.2590693966106622,3.0,2019.0,Middle_Mountains,2019-03-01,Pre-monsoon
1518,-1.0063701816809487,-1.0431708193588898,0.3133665069462956,4.0,2019.0,Middle_Mountains,2019-04-01,Pre-monsoon
1518,-0.9644305214960014,-0.9908757495682488,0.3380215675468302,5.0,2019.0,Middle_Mountains,2019-05-01,Pre-monsoon
1518,-1.0937688597896271,-1.1218045720300238,0.3391129677181301,6.0,2019.0,Middle_Mountains,2019-06-01,Monsoon
1518,-1.0270960840270025,-1.0035414245651495,0.3017048068889847,7.0,2019.0,Middle_Mountains,2019-07-01,Monsoon
1518,-1.2115732757546267,-1.1953664513591755,0.3824243362015779,8.0,2019.0,Middle_Mountains,2019-08-01,Monsoon
1518,-1.1656330952483298,-1.1210304780136664,0.338051953140664,9.0,2019.0,Middle_Mountains,2019-09-01,Monsoon
1518,-1.391013845413384,-1.4256627953179215,0.260345979043366,10.0,2019.0,Middle_Mountains,2019-10-01,Post-monsoon
1518,-1.344365667865243,-1.3783251221595136,0.2478039871745873,11.0,2019.0,Middle_Mountains,2019-11-01,Post-monsoon
1518,-1.4509084564243886,-1.4640720061728354,0.2321679521639709,12.0,2019.0,Middle_Mountains,2019-12-01,Winter
1518,-1.4480751529053162,-1.4883227453841987,0.2547564350885644,1.0,2020.0,Middle_Mountains,2020-01-01,Winter
1518,-1.483181742100219,-1.5703491112130537,0.3834347567635688,2.0,2020.0,Middle_Mountains,2020-02-01,Winter
1518,-1.5422738895156978,-1.586681937210611,0.2896304272533301,3.0,2020.0,Middle_Mountains,2020-03-01,Pre-monsoon
1518,-1.338020277798068,-1.378989466928432,0.2979856232958066,4.0,2020.0,Middle_Mountains,2020-04-01,Pre-monsoon
1518,-1.326306247401229,-1.3643377037160762,0.312247329081963,5.0,2020.0,Middle_Mountains,2020-05-01,Pre-monsoon
1518,-1.278181048327374,-1.2532646854246023,0.3409644457116954,6.0,2020.0,Middle_Mountains,2020-06-01,Monsoon
1518,-1.155853094176634,-1.089786613738776,0.2901581118121372,7.0,2020.0,Middle_Mountains,2020-07-01,Monsoon
1518,-1.2730011203118006,-1.1944537984201722,0.3971962598308054,8.0,2020.0,Middle_Mountains,2020-08-01,Monsoon
1518,-1.4326732817420995,-1.369297540040162,0.4040994163645209,9.0,2020.0,Middle_Mountains,2020-09-01,Monsoon
1518,-1.5888327517394176,-1.6337914821880688,0.277953151657554,10.0,2020.0,Middle_Mountains,2020-10-01,Post-monsoon
1518,-1.6403136653752888,-1.6527204151340669,0.2043918632163068,11.0,2020.0,Middle_Mountains,2020-11-01,Post-monsoon
1518,-1.5115461951415232,-1.5354543044412834,0.2778576050408012,12.0,2020.0,Middle_Mountains,2020-12-01,Winter
1518,-1.527456604423554,-1.5736186421541811,0.3167741445975334,1.0,2021.0,Middle_Mountains,2021-01-01,Winter
1518,-1.530513852095034,-1.597665548129754,0.3079697038195264,2.0,2021.0,Middle_Mountains,2021-02-01,Winter
1518,-1.1699879888849791,-1.2427577604937368,0.365237002887141,3.0,2021.0,Middle_Mountains,2021-03-01,Pre-monsoon
1518,-1.0713633280786696,-1.0504643860546004,0.2959309426786961,4.0,2021.0,Middle_Mountains,2021-04-01,Pre-monsoon
1518,-1.428476350250096,-1.3867179344942469,0.3240058962996981,5.0,2021.0,Middle_Mountains,2021-05-01,Pre-monsoon
1518,-1.394571692622313,-1.363908569980779,0.3241404704949598,6.0,2021.0,Middle_Mountains,2021-06-01,Monsoon
1518,-1.01616950338263,-1.0047382587772875,0.2154943548167804,7.0,2021.0,Middle_Mountains,2021-07-01,Monsoon
1518,-1.01461432419885,-0.98774674676296,0.2310176622946855,8.0,2021.0,Middle_Mountains,2021-08-01,Monsoon
1518,-1.0630840759373454,-1.0738095359115185,0.2312713260050065,9.0,2021.0,Middle_Mountains,2021-09-01,Monsoon
1518,-0.7272037605719237,-0.7234346993769356,0.2184833278385165,10.0,2021.0,Middle_Mountains,2021-10-01,Post-monsoon
1518,-0.2787275532815122,-0.275615756226831,0.2814632405790844,11.0,2021.0,Middle_Mountains,2021-11-01,Post-monsoon
1518,-0.414478885017788,-0.3497664610794462,0.2944391033932193,12.0,2021.0,Middle_Mountains,2021-12-01,Winter
1518,-0.7092110262732053,-0.6832990479386573,0.2635526387562613,1.0,2022.0,Middle_Mountains,2022-01-01,Winter
1518,-0.7614391164230189,-0.7110271389390944,0.3072526184012858,2.0,2022.0,Middle_Mountains,2022-02-01,Winter
1518,-0.3525683013719035,-0.3405937395409231,0.2201127524294209,3.0,2022.0,Middle_Mountains,2022-03-01,Pre-monsoon
1518,-0.2051112916546071,-0.2076403161870708,0.3334790276198727,4.0,2022.0,Middle_Mountains,2022-04-01,Pre-monsoon
1518,-0.7652192640055295,-0.7787161896512826,0.2348180829684765,5.0,2022.0,Middle_Mountains,2022-05-01,Pre-monsoon
1518,-0.7078132849588773,-0.710837384615595,0.2469031942480722,6.0,2022.0,Middle_Mountains,2022-06-01,Monsoon
1518,-0.7132934454918197,-0.6916017998144419,0.2428904643132958,7.0,2022.0,Middle_Mountains,2022-07-01,Monsoon
1518,-0.8286094055332458,-0.8391241460154759,0.2715086837431475,8.0,2022.0,Middle_Mountains,2022-08-01,Monsoon
1518,-0.8491746450771637,-0.8479321700845202,0.2121781471037548,9.0,2022.0,Middle_Mountains,2022-09-01,Monsoon
1518,-0.6717015472847242,-0.6601410402330921,0.1754647322759909,10.0,2022.0,Middle_Mountains,2022-10-01,Post-monsoon
1518,-0.2737431442875657,-0.2695091583401261,0.2281364119262137,11.0,2022.0,Middle_Mountains,2022-11-01,Post-monsoon
1518,-0.1388901146046247,-0.1364714642720917,0.2489213118330525,12.0,2022.0,Middle_Mountains,2022-12-01,Winter
1518,-0.2484239222454096,-0.2398880628908908,0.2323430164931992,1.0,2023.0,Middle_Mountains,2023-01-01,Winter
1518,-0.2380666164743911,-0.2456544952075671,0.2605725881417995,2.0,2023.0,Middle_Mountains,2023-02-01,Winter
1518,-0.6898400756163892,-0.6906130039566649,0.205112334060477,3.0,2023.0,Middle_Mountains,2023-03-01,Pre-monsoon
1518,-0.516252417989948,-0.5434750968432494,0.2565319494208537,4.0,2023.0,Middle_Mountains,2023-04-01,Pre-monsoon
1518,-0.5881225650854106,-0.582262071497456,0.1905124300002022,5.0,2023.0,Middle_Mountains,2023-05-01,Pre-monsoon
1518,-0.6862977201287769,-0.7070343854532543,0.2184642215957592,6.0,2023.0,Middle_Mountains,2023-06-01,Monsoon
1518,-0.7584860654127312,-0.7235496389556917,0.2730371532643589,7.0,2023.0,Middle_Mountains,2023-07-01,Monsoon
1518,-0.675012337850281,-0.6520046048201434,0.2270202760729229,8.0,2023.0,Middle_Mountains,2023-08-01,Monsoon
1518,-0.8014751347963701,-0.8014028509768352,0.228409673706443,9.0,2023.0,Middle_Mountains,2023-09-01,Monsoon
1518,-0.7175840987255442,-0.7144209032429756,0.1864282095870618,10.0,2023.0,Middle_Mountains,2023-10-01,Post-monsoon
1518,-0.3688069957855516,-0.3945594815517449,0.2066008994922909,11.0,2023.0,Middle_Mountains,2023-11-01,Post-monsoon
1518,-0.2993869445389001,-0.3007417744513718,0.2102039443134832,12.0,2023.0,Middle_Mountains,2023-12-01,Winter
1518,-0.2487942539677676,-0.2610449484413653,0.2462434813515443,1.0,2024.0,Middle_Mountains,2024-01-01,Winter
1518,-0.5456159683597543,-0.5506945875120017,0.1886122143856242,2.0,2024.0,Middle_Mountains,2024-02-01,Winter
1518,-0.5392015241275885,-0.526406856388001,0.2185935718571224,3.0,2024.0,Middle_Mountains,2024-03-01,Pre-monsoon
1518,-0.2008193407850416,-0.1911546388560284,0.3019537698673937,4.0,2024.0,Middle_Mountains,2024-04-01,Pre-monsoon
1518,-0.5144765403478117,-0.503400417589717,0.2234858110741764,5.0,2024.0,Middle_Mountains,2024-05-01,Pre-monsoon
1518,-0.6402293813757268,-0.6520914837140297,0.2452923446339865,6.0,2024.0,Middle_Mountains,2024-06-01,Monsoon
1518,-0.7615161859397173,-0.7308257256407185,0.2441922554650469,7.0,2024.0,Middle_Mountains,2024-07-01,Monsoon
1518,-0.8459931734466531,-0.8324422974166749,0.2735671693238375,8.0,2024.0,Middle_Mountains,2024-08-01,Monsoon
1518,-0.923065170035891,-0.9339969939394872,0.2089119171543594,9.0,2024.0,Middle_Mountains,2024-09-01,Monsoon
1518,-0.6559258339021993,-0.6596647649850794,0.2562482787741929,10.0,2024.0,Middle_Mountains,2024-10-01,Post-monsoon
1518,-0.2689457077353426,-0.300545909900859,0.3028213143540513,11.0,2024.0,Middle_Mountains,2024-11-01,Post-monsoon
1518,-0.1728888698118728,-0.1909497286407499,0.2914047327003627,12.0,2024.0,Middle_Mountains,2024-12-01,Winter
1518,-0.260518901263604,-0.2613130832807009,0.2966512714536181,1.0,2025.0,Middle_Mountains,2025-01-01,Winter
1518,-0.353867470728623,-0.3481431585567549,0.2614344675972034,2.0,2025.0,Middle_Mountains,2025-02-01,Winter
1518,-0.4634242926503581,-0.4565521107098094,0.208177188345093,3.0,2025.0,Middle_Mountains,2025-03-01,Pre-monsoon
1518,-0.4094315132029151,-0.4098132170506026,0.1893893373114963,4.0,2025.0,Middle_Mountains,2025-04-01,Pre-monsoon
1518,-0.7749152255127949,-0.7855011654576868,0.2155696809255952,5.0,2025.0,Middle_Mountains,2025-05-01,Pre-monsoon
1518,-0.8030891349675965,-0.8091076844631611,0.2387478916446277,6.0,2025.0,Middle_Mountains,2025-06-01,Monsoon
1518,-0.8322245865500625,-0.8317861897714959,0.2739831658823947,7.0,2025.0,Middle_Mountains,2025-07-01,Monsoon
1518,-0.7968596080581167,-0.7542288746882746,0.2768449499703299,8.0,2025.0,Middle_Mountains,2025-08-01,Monsoon
1518,-0.8904290674074259,-0.9109399408192618,0.243195868167355,9.0,2025.0,Middle_Mountains,2025-09-01,Monsoon
1518,-0.7331222303668091,-0.7698007862270644,0.2525003657588019,10.0,2025.0,Middle_Mountains,2025-10-01,Post-monsoon
1518,-0.3368291183610496,-0.3669947999745657,0.2987474440722108,11.0,2025.0,Middle_Mountains,2025-11-01,Post-monsoon
1518,0.0036858765231203,-0.0112472830872019,0.2947826260188785,12.0,2025.0,Middle_Mountains,2025-12-01,Winter
1518,-0.0696031205719056,-0.0735595445790571,0.2456719958692098,1.0,2026.0,Middle_Mountains,2026-01-01,Winter
1518,-0.4083870043238218,-0.4179074934741874,0.1941275440006112,2.0,2026.0,Middle_Mountains,2026-02-01,Winter
1518,-0.3245618372012804,-0.3483288560615872,0.2231330424375492,3.0,2026.0,Middle_Mountains,2026-03-01,Pre-monsoon
1518,-0.3058753682433507,-0.2921320984823413,0.246093571103398,4.0,2026.0,Middle_Mountains,2026-04-01,Pre-monsoon
1518,-0.4747664567887418,-0.4501043871879527,0.212385430275491,5.0,2026.0,Middle_Mountains,2026-05-01,Pre-monsoon
1518,-0.6415034697874659,-0.660745547709026,0.2544705149639479,6.0,2026.0,Middle_Mountains,2026-06-01,Monsoon
1518,-0.6196227654364744,-0.5982270195671006,0.253769356806431,7.0,2026.0,Middle_Mountains,2026-07-01,Monsoon
1518,-0.8480307205674228,-0.8055425249635538,0.4522957705555939,8.0,2026.0,Middle_Mountains,2026-08-01,Monsoon
2100,-0.9500934746567584,-0.9514038778923738,0.1279866690865715,1.0,2019.0,Siwalik,2019-01-01,Winter
2100,-1.1279204991694671,-1.1367470345858683,0.1666427545297823,2.0,2019.0,Siwalik,2019-02-01,Winter
2100,-1.0660889409543155,-1.0973002985993623,0.191934215645182,3.0,2019.0,Siwalik,2019-03-01,Pre-monsoon
2100,-1.0329459630010591,-1.0342862320909634,0.2491743045568799,4.0,2019.0,Siwalik,2019-04-01,Pre-monsoon
2100,-0.736765409371288,-0.6958780083714041,0.3637614517925809,5.0,2019.0,Siwalik,2019-05-01,Pre-monsoon
2100,-1.2345772941458928,-1.19152910381634,0.303997933307149,6.0,2019.0,Siwalik,2019-06-01,Monsoon
2100,-1.214038016077319,-1.2071487782624346,0.2961943385974137,7.0,2019.0,Siwalik,2019-07-01,Monsoon
2100,-1.520892921108241,-1.5547017222173003,0.3395892547940086,8.0,2019.0,Siwalik,2019-08-01,Monsoon
2100,-1.4137656254843527,-1.4178858211850882,0.2948825491924733,9.0,2019.0,Siwalik,2019-09-01,Monsoon
2100,-1.534090070102578,-1.5735920276431985,0.2279248933942577,10.0,2019.0,Siwalik,2019-10-01,Post-monsoon
2100,-1.3796409359031048,-1.3945845781561284,0.1873433786501299,11.0,2019.0,Siwalik,2019-11-01,Post-monsoon
2100,-1.3953678363517512,-1.402725114118005,0.1583887561468155,12.0,2019.0,Siwalik,2019-12-01,Winter
2100,-1.4330274661144895,-1.4568328160024442,0.1745523716424515,1.0,2020.0,Siwalik,2020-01-01,Winter
2100,-1.444354117937917,-1.472610019144639,0.2048840845523202,2.0,2020.0,Siwalik,2020-02-01,Winter
2100,-1.5464408101998923,-1.5586399559314303,0.2121689921399784,3.0,2020.0,Siwalik,2020-03-01,Pre-monsoon
2100,-1.279388358853828,-1.300825657418189,0.206540840342578,4.0,2020.0,Siwalik,2020-04-01,Pre-monsoon
2100,-1.4982004052910525,-1.4804345388290416,0.2312747807486833,5.0,2020.0,Siwalik,2020-05-01,Pre-monsoon
2100,-1.5521194432770975,-1.5663580325543356,0.2775331793525317,6.0,2020.0,Siwalik,2020-06-01,Monsoon
2100,-1.414339782153532,-1.4013799247814505,0.2649430557924984,7.0,2020.0,Siwalik,2020-07-01,Monsoon
2100,-1.6101810347550165,-1.602710620695173,0.3997534582664093,8.0,2020.0,Siwalik,2020-08-01,Monsoon
2100,-1.6368279312485952,-1.645178185376667,0.347125878202877,9.0,2020.0,Siwalik,2020-09-01,Monsoon
2100,-1.7298438564262382,-1.7456864208313898,0.1872364190435307,10.0,2020.0,Siwalik,2020-10-01,Post-monsoon
2100,-1.587822798940919,-1.5880752542532033,0.1371622813063826,11.0,2020.0,Siwalik,2020-11-01,Post-monsoon
2100,-1.5231333488710592,-1.535258420221964,0.1873882844224682,12.0,2020.0,Siwalik,2020-12-01,Winter
2100,-1.5565236575137913,-1.5661981807890493,0.2114709018944296,1.0,2021.0,Siwalik,2021-01-01,Winter
2100,-1.4863786911360066,-1.496492586986883,0.1425411020816452,2.0,2021.0,Siwalik,2021-02-01,Winter
2100,-0.9322296172110978,-0.9417634845202686,0.2360415826705182,3.0,2021.0,Siwalik,2021-03-01,Pre-monsoon
2100,-0.7117019663960571,-0.7275292679072158,0.2550130253600149,4.0,2021.0,Siwalik,2021-04-01,Pre-monsoon
2100,-1.5953621412089771,-1.5976856166608042,0.2138809971350601,5.0,2021.0,Siwalik,2021-05-01,Pre-monsoon
2100,-1.6064412544100424,-1.5900345937149705,0.2926464715056239,6.0,2021.0,Siwalik,2021-06-01,Monsoon
2100,-1.0644298506921124,-1.0582127691765022,0.2341838616700632,7.0,2021.0,Siwalik,2021-07-01,Monsoon
2100,-1.1389731323951404,-1.1364107675582311,0.2088716958098166,8.0,2021.0,Siwalik,2021-08-01,Monsoon
2100,-1.0926445204348356,-1.0827553222206063,0.2326632602316816,9.0,2021.0,Siwalik,2021-09-01,Monsoon
2100,-0.6239056746214844,-0.6130973170856066,0.2003168265393763,10.0,2021.0,Siwalik,2021-10-01,Post-monsoon
2100,-0.2510438098353573,-0.2613855201052283,0.1986037097439388,11.0,2021.0,Siwalik,2021-11-01,Post-monsoon
2100,-0.1692691514879326,-0.1736283678156177,0.1277319779171045,12.0,2021.0,Siwalik,2021-12-01,Winter
2100,-0.5160889805120211,-0.5196543730171519,0.1719173751454563,1.0,2022.0,Siwalik,2022-01-01,Winter
2100,-0.4545261489937728,-0.4411522243649519,0.1922957984753728,2.0,2022.0,Siwalik,2022-02-01,Winter
2100,0.0394813172035669,0.0505267224498357,0.1782559536191935,3.0,2022.0,Siwalik,2022-03-01,Pre-monsoon
2100,0.3836990514766553,0.4291877961274103,0.388027899667128,4.0,2022.0,Siwalik,2022-04-01,Pre-monsoon
2100,-0.5531532922941637,-0.5857413624963321,0.4015717187852814,5.0,2022.0,Siwalik,2022-05-01,Pre-monsoon
2100,-0.5164619790007708,-0.4565657035558787,0.3902074899246905,6.0,2022.0,Siwalik,2022-06-01,Monsoon
2100,-0.8311927710617856,-0.8159224919318675,0.273141468950021,7.0,2022.0,Siwalik,2022-07-01,Monsoon
2100,-0.9266406217541164,-0.9339355847927264,0.2755423661208966,8.0,2022.0,Siwalik,2022-08-01,Monsoon
2100,-1.037436266695184,-1.042603409462108,0.2163787571751445,9.0,2022.0,Siwalik,2022-09-01,Monsoon
2100,-0.5382149318655817,-0.529300184138858,0.1287663473569604,10.0,2022.0,Siwalik,2022-10-01,Post-monsoon
2100,-0.1845887175171337,-0.1916569482542612,0.1349533267536413,11.0,2022.0,Siwalik,2022-11-01,Post-monsoon
2100,-0.1489139912047662,-0.1523388005557404,0.1718346044025126,12.0,2022.0,Siwalik,2022-12-01,Winter
2100,-0.2346193923440556,-0.2381195699445934,0.2102636565410352,1.0,2023.0,Siwalik,2023-01-01,Winter
2100,-0.1411868845267904,-0.1520102901306924,0.1605338810631729,2.0,2023.0,Siwalik,2023-02-01,Winter
2100,-0.4048468780972602,-0.4097327028525835,0.2417071449054578,3.0,2023.0,Siwalik,2023-03-01,Pre-monsoon
2100,-0.0547256474096811,-0.0509009978091387,0.2545333530952239,4.0,2023.0,Siwalik,2023-04-01,Pre-monsoon
2100,-0.3167886291481629,-0.301043259452984,0.2620656120601149,5.0,2023.0,Siwalik,2023-05-01,Pre-monsoon
2100,-0.5326752275495819,-0.5120094760788957,0.2578917207158843,6.0,2023.0,Siwalik,2023-06-01,Monsoon
2100,-0.933784930228146,-0.925319702327386,0.2282402621568505,7.0,2023.0,Siwalik,2023-07-01,Monsoon
2100,-0.8129525206070278,-0.7922653041974899,0.2573784059455004,8.0,2023.0,Siwalik,2023-08-01,Monsoon
2100,-0.8783978708449769,-0.8873449693024404,0.2323634187095143,9.0,2023.0,Siwalik,2023-09-01,Monsoon
2100,-0.5935452399802673,-0.5742659313870169,0.19009282325558,10.0,2023.0,Siwalik,2023-10-01,Post-monsoon
2100,-0.339121371916966,-0.3476852468482257,0.1328673157336804,11.0,2023.0,Siwalik,2023-11-01,Post-monsoon
2100,-0.2973848553736859,-0.3082094151877151,0.1507986019381772,12.0,2023.0,Siwalik,2023-12-01,Winter
2100,-0.3324393207501634,-0.3478972634771855,0.1840958472338648,1.0,2024.0,Siwalik,2024-01-01,Winter
2100,-0.3864738143161564,-0.3944123949002776,0.1520666192666662,2.0,2024.0,Siwalik,2024-02-01,Winter
2100,-0.3205037861137507,-0.332372249904194,0.1391967860751204,3.0,2024.0,Siwalik,2024-03-01,Pre-monsoon
2100,0.4236882950544446,0.426154544796593,0.3048806568290751,4.0,2024.0,Siwalik,2024-04-01,Pre-monsoon
2100,-0.380568019130184,-0.3636275691627698,0.2762895725735836,5.0,2024.0,Siwalik,2024-05-01,Pre-monsoon
2100,-0.529463174692433,-0.4723254401592776,0.3545545093312616,6.0,2024.0,Siwalik,2024-06-01,Monsoon
2100,-0.9005091790934976,-0.902285795671323,0.221068665930969,7.0,2024.0,Siwalik,2024-07-01,Monsoon
2100,-0.9851208666559904,-0.995450417961936,0.2828196419392093,8.0,2024.0,Siwalik,2024-08-01,Monsoon
2100,-0.9148357323284496,-0.917621007594618,0.1852423803013422,9.0,2024.0,Siwalik,2024-09-01,Monsoon
2100,-0.7310993127066323,-0.6983355972555739,0.2668818923913304,10.0,2024.0,Siwalik,2024-10-01,Post-monsoon
2100,-0.3884666485055897,-0.3788794946607596,0.1990571350728774,11.0,2024.0,Siwalik,2024-11-01,Post-monsoon
2100,-0.2147243863362738,-0.2228732364455362,0.1848049314128896,12.0,2024.0,Siwalik,2024-12-01,Winter
2100,-0.2376826092716958,-0.2387255039305588,0.211674978142911,1.0,2025.0,Siwalik,2025-01-01,Winter
2100,-0.2781631147926651,-0.2853461785309371,0.1838345877245048,2.0,2025.0,Siwalik,2025-02-01,Winter
2100,-0.1967960023981123,-0.1920741635255502,0.1728878947664215,3.0,2025.0,Siwalik,2025-03-01,Pre-monsoon
2100,-0.0696366124287794,-0.0502782967710751,0.226334217237568,4.0,2025.0,Siwalik,2025-04-01,Pre-monsoon
2100,-0.7087245651089665,-0.6908668949275651,0.2633535908472846,5.0,2025.0,Siwalik,2025-05-01,Pre-monsoon
2100,-0.8548534419449341,-0.8390976441074641,0.244410153309761,6.0,2025.0,Siwalik,2025-06-01,Monsoon
2100,-1.0181382344427363,-1.027116832845398,0.2525409398358533,7.0,2025.0,Siwalik,2025-07-01,Monsoon
2100,-0.9613788917204052,-0.9572420583272848,0.2847829698126432,8.0,2025.0,Siwalik,2025-08-01,Monsoon
2100,-0.9859808744875742,-0.9962377564840512,0.2317861074512265,9.0,2025.0,Siwalik,2025-09-01,Monsoon
2100,-0.6342642316320203,-0.645078201392179,0.1788343120502795,10.0,2025.0,Siwalik,2025-10-01,Post-monsoon
2100,-0.2930758557773164,-0.3159804783512082,0.1915176724861792,11.0,2025.0,Siwalik,2025-11-01,Post-monsoon
2100,-0.0167210824148377,-0.0195028132134024,0.2002110756686645,12.0,2025.0,Siwalik,2025-12-01,Winter
2100,-0.0710160825810744,-0.0660921383472418,0.178833873446595,1.0,2026.0,Siwalik,2026-01-01,Winter
2100,-0.2662881426799615,-0.2750424506152491,0.1349444025193096,2.0,2026.0,Siwalik,2026-02-01,Winter
2100,-0.3110712808187353,-0.2933255590063002,0.2104991525542885,3.0,2026.0,Siwalik,2026-03-01,Pre-monsoon
2100,-0.0055512015457459,0.0351261235724744,0.3085625533024697,4.0,2026.0,Siwalik,2026-04-01,Pre-monsoon
2100,-0.4314423543748484,-0.3949582424146332,0.2846893469468229,5.0,2026.0,Siwalik,2026-05-01,Pre-monsoon
2100,-0.5944424064377971,-0.5745366728734639,0.2667677429627248,6.0,2026.0,Siwalik,2026-06-01,Monsoon
2100,-0.7748990157774747,-0.7620398993225406,0.2406900686463614,7.0,2026.0,Siwalik,2026-07-01,Monsoon
2100,-1.2127203570806746,-1.2115214609390998,0.3710134779839273,8.0,2026.0,Siwalik,2026-08-01,Monsoon
1293,-0.6373554866530657,-0.6236380661212535,0.1299255050816033,1.0,2019.0,Terai,2019-01-01,Winter
1293,-0.9395862952534018,-0.9437023765604589,0.1584649232268946,2.0,2019.0,Terai,2019-02-01,Winter
1293,-0.7934305696730661,-0.7877493941551105,0.1217421246029928,3.0,2019.0,Terai,2019-03-01,Pre-monsoon
1293,-0.76758282782042,-0.7775518305396824,0.1742114143923188,4.0,2019.0,Terai,2019-04-01,Pre-monsoon
1293,-0.3485514502933989,-0.3336447422830702,0.2108024674144295,5.0,2019.0,Terai,2019-05-01,Pre-monsoon
1293,-0.9683481419650866,-0.957624906965382,0.278175444416952,6.0,2019.0,Terai,2019-06-01,Monsoon
1293,-1.1804298595008202,-1.1813527575953604,0.1368561437369388,7.0,2019.0,Terai,2019-07-01,Monsoon
1293,-1.5596817003830254,-1.5504167192038267,0.1499013610708351,8.0,2019.0,Terai,2019-08-01,Monsoon
1293,-1.4851782678465837,-1.4979146109874144,0.1409880300371483,9.0,2019.0,Terai,2019-09-01,Monsoon
1293,-1.4599582445111623,-1.4625313195790397,0.1304164954673998,10.0,2019.0,Terai,2019-10-01,Post-monsoon
1293,-1.1028813997432283,-1.0923865615446493,0.1466979491643975,11.0,2019.0,Terai,2019-11-01,Post-monsoon
1293,-0.9724830959110646,-0.9877530747451632,0.2426087306569798,12.0,2019.0,Terai,2019-12-01,Winter
1293,-1.0323353684435992,-1.0198034782310812,0.1840020792777029,1.0,2020.0,Terai,2020-01-01,Winter
1293,-1.1947429255194406,-1.1736625985913192,0.1630457149343283,2.0,2020.0,Terai,2020-02-01,Winter
1293,-1.4105503482963178,-1.4279055799987943,0.122065334158266,3.0,2020.0,Terai,2020-03-01,Pre-monsoon
1293,-0.9301873399915326,-0.930823041792394,0.1594206015438528,4.0,2020.0,Terai,2020-04-01,Pre-monsoon
1293,-1.288368591720256,-1.2764706219502164,0.2107436598030611,5.0,2020.0,Terai,2020-05-01,Pre-monsoon
1293,-1.5378268931279442,-1.5410463772015217,0.1400250541248451,6.0,2020.0,Terai,2020-06-01,Monsoon
1293,-1.5035297808609334,-1.5036563374677607,0.1600280095934932,7.0,2020.0,Terai,2020-07-01,Monsoon
1293,-1.796934470878494,-1.8002771210615196,0.194402606376026,8.0,2020.0,Terai,2020-08-01,Monsoon
1293,-1.6670344206882006,-1.6594612714699353,0.187929063263247,9.0,2020.0,Terai,2020-09-01,Monsoon
1293,-1.57663278915574,-1.5879917796484284,0.128215361927504,10.0,2020.0,Terai,2020-10-01,Post-monsoon
1293,-1.330564171296258,-1.3223877927460674,0.134741152831714,11.0,2020.0,Terai,2020-11-01,Post-monsoon
1293,-1.2541695770914485,-1.2366808163678729,0.1549161141456146,12.0,2020.0,Terai,2020-12-01,Winter
1293,-1.0224186242006117,-1.0353928408371176,0.2748017449027522,1.0,2021.0,Terai,2021-01-01,Winter
1293,-1.1937110466989966,-1.1974660690193404,0.1181138213992373,2.0,2021.0,Terai,2021-02-01,Winter
1293,-0.6604930958479112,-0.6659740592607505,0.1170322560051318,3.0,2021.0,Terai,2021-03-01,Pre-monsoon
1293,-0.5051593719463777,-0.5171946680926172,0.1400674991531095,4.0,2021.0,Terai,2021-04-01,Pre-monsoon
1293,-1.5221682366039064,-1.5212671404975449,0.1671393528281399,5.0,2021.0,Terai,2021-05-01,Pre-monsoon
1293,-1.6007791940659577,-1.5973243072211825,0.1727192685605328,6.0,2021.0,Terai,2021-06-01,Monsoon
1293,-0.9202056297102678,-0.9121273831836592,0.1657303696815208,7.0,2021.0,Terai,2021-07-01,Monsoon
1293,-1.127980726390774,-1.1346016922449678,0.1377308526046957,8.0,2021.0,Terai,2021-08-01,Monsoon
1293,-0.8911005646562334,-0.8808206852196062,0.116344134824562,9.0,2021.0,Terai,2021-09-01,Monsoon
1293,-0.4685673639997194,-0.4592510407038631,0.133595626152912,10.0,2021.0,Terai,2021-10-01,Post-monsoon
1293,0.0725706758820047,0.0918872214577476,0.1545284452125817,11.0,2021.0,Terai,2021-11-01,Post-monsoon
1293,0.0486630112548414,0.0563485937862156,0.1426457305655718,12.0,2021.0,Terai,2021-12-01,Winter
1293,-0.1935937444796719,-0.1759334973752626,0.1649136050962312,1.0,2022.0,Terai,2022-01-01,Winter
1293,-0.1751882157357457,-0.1736613101975119,0.116306251062647,2.0,2022.0,Terai,2022-02-01,Winter
1293,0.4411409281059635,0.439759178926491,0.1258110911162478,3.0,2022.0,Terai,2022-03-01,Pre-monsoon
1293,0.8837827850705381,0.9180390690374698,0.19502402259916,4.0,2022.0,Terai,2022-04-01,Pre-monsoon
1293,0.0512652169174927,0.0743249728557697,0.3923312935786016,5.0,2022.0,Terai,2022-05-01,Pre-monsoon
1293,-0.0759482628972095,-0.1596157702194551,0.3569310271712023,6.0,2022.0,Terai,2022-06-01,Monsoon
1293,-0.6981640951110082,-0.6819023664254982,0.1816092650303768,7.0,2022.0,Terai,2022-07-01,Monsoon
1293,-0.8571371852188076,-0.8689933303455888,0.1286420178920707,8.0,2022.0,Terai,2022-08-01,Monsoon
1293,-1.011148976327581,-1.021397795369036,0.1393691590063865,9.0,2022.0,Terai,2022-09-01,Monsoon
1293,-0.3848729726486761,-0.3925567827151885,0.1066289493290764,10.0,2022.0,Terai,2022-10-01,Post-monsoon
1293,0.0542084477393057,0.0565004847899856,0.1362420049119376,11.0,2022.0,Terai,2022-11-01,Post-monsoon
1293,0.0677508964273668,0.064698765389336,0.1584555259856232,12.0,2022.0,Terai,2022-12-01,Winter
1293,-0.0363355766702377,-0.028194101141222,0.1826211070988049,1.0,2023.0,Terai,2023-01-01,Winter
1293,0.1804672129551447,0.2089975460688223,0.1321000311387109,2.0,2023.0,Terai,2023-02-01,Winter
1293,-0.0522336165815836,-0.0447149233742299,0.1304893931175542,3.0,2023.0,Terai,2023-03-01,Pre-monsoon
1293,0.3252441174987006,0.3478250258097939,0.151844663258396,4.0,2023.0,Terai,2023-04-01,Pre-monsoon
1293,0.1919271971362302,0.1990966698068505,0.2375635980950469,5.0,2023.0,Terai,2023-05-01,Pre-monsoon
1293,-0.0517646086886169,-0.0506278915523065,0.2318334111653416,6.0,2023.0,Terai,2023-06-01,Monsoon
1293,-0.8262583660371271,-0.8182351175716508,0.1270144056299317,7.0,2023.0,Terai,2023-07-01,Monsoon
1293,-0.7456064379086389,-0.747862605184377,0.1234668406507043,8.0,2023.0,Terai,2023-08-01,Monsoon
1293,-0.7817374831716473,-0.7833727769771767,0.1137696654469938,9.0,2023.0,Terai,2023-09-01,Monsoon
1293,-0.3635802690078786,-0.3845920099573308,0.1448787075105289,10.0,2023.0,Terai,2023-10-01,Post-monsoon
1293,-0.073781384501995,-0.0719200804824396,0.1451468648675327,11.0,2023.0,Terai,2023-11-01,Post-monsoon
1293,-0.027684433933446,-0.0136961971992704,0.129537125498285,12.0,2023.0,Terai,2023-12-01,Winter
1293,0.2143818215226457,0.2541544274750767,0.2058005079562251,1.0,2024.0,Terai,2024-01-01,Winter
1293,-0.208758549971579,-0.2163904072737512,0.1319493319091321,2.0,2024.0,Terai,2024-02-01,Winter
1293,-0.0984337381304897,-0.1072689730105626,0.1231164900356554,3.0,2024.0,Terai,2024-03-01,Pre-monsoon
1293,0.5746789114234192,0.5581272669318282,0.2057177332918498,4.0,2024.0,Terai,2024-04-01,Pre-monsoon
1293,0.0173606540738715,-0.0497742178794506,0.2702493232131113,5.0,2024.0,Terai,2024-05-01,Pre-monsoon
1293,-0.1012575167782168,-0.175508810616519,0.3635522733328671,6.0,2024.0,Terai,2024-06-01,Monsoon
1293,-0.812026004226793,-0.8185694368363203,0.1180253862941534,7.0,2024.0,Terai,2024-07-01,Monsoon
1293,-0.9552355460976182,-0.9513151092125612,0.1415215082676803,8.0,2024.0,Terai,2024-08-01,Monsoon
1293,-0.7935720926097788,-0.7984469059272776,0.1061766317134896,9.0,2024.0,Terai,2024-09-01,Monsoon
1293,-0.5329696928092873,-0.5449420763842502,0.1442321416195256,10.0,2024.0,Terai,2024-10-01,Post-monsoon
1293,0.0669264848253022,0.0752327969315274,0.2365342482458126,11.0,2024.0,Terai,2024-11-01,Post-monsoon
1293,-0.0242499876063795,-0.0374754031465834,0.1657991925537659,12.0,2024.0,Terai,2024-12-01,Winter
1293,0.0087112019513007,0.0501891072960025,0.1871386448009903,1.0,2025.0,Terai,2025-01-01,Winter
1293,-0.1420234086802188,-0.1381321241134932,0.1422457647850097,2.0,2025.0,Terai,2025-02-01,Winter
1293,0.0653196568357361,0.0603745911792466,0.1099129190511328,3.0,2025.0,Terai,2025-03-01,Pre-monsoon
1293,0.1762143297969651,0.1839041699987781,0.2381152348669745,4.0,2025.0,Terai,2025-04-01,Pre-monsoon
1293,-0.3179183161343971,-0.3087429574572443,0.2218457955238037,5.0,2025.0,Terai,2025-05-01,Pre-monsoon
1293,-0.5802531197859585,-0.5759229076499476,0.1740513881472119,6.0,2025.0,Terai,2025-06-01,Monsoon
1293,-0.880689356918938,-0.8806748486459356,0.1626316601097987,7.0,2025.0,Terai,2025-07-01,Monsoon
1293,-0.956549044821514,-0.9565103310342462,0.1462436205895596,8.0,2025.0,Terai,2025-08-01,Monsoon
1293,-0.8901736907567923,-0.8925960984922211,0.1422953356349603,9.0,2025.0,Terai,2025-09-01,Monsoon
1293,-0.5953167639935282,-0.6030889220260075,0.1098475579715294,10.0,2025.0,Terai,2025-10-01,Post-monsoon
1293,-0.0696510212226777,-0.0900198211039768,0.1747902653398754,11.0,2025.0,Terai,2025-11-01,Post-monsoon
1293,0.2373946911064522,0.252425278490067,0.132847564105116,12.0,2025.0,Terai,2025-12-01,Winter
1293,0.1357992294975075,0.1700839166331828,0.1442478990041394,1.0,2026.0,Terai,2026-01-01,Winter
1293,0.0244503646295168,0.0171727431218527,0.1501643245087603,2.0,2026.0,Terai,2026-02-01,Winter
1293,0.0442408532653515,0.0371662551412256,0.1100788085818969,3.0,2026.0,Terai,2026-03-01,Pre-monsoon
1293,0.322971338275529,0.3555375849919615,0.2001080249187314,4.0,2026.0,Terai,2026-04-01,Pre-monsoon
1293,-0.1245271825037691,-0.1762385322897345,0.2457704377876855,5.0,2026.0,Terai,2026-05-01,Pre-monsoon
1293,-0.2457101916276644,-0.2618909393226303,0.2313977422873916,6.0,2026.0,Terai,2026-06-01,Monsoon
1293,-0.6955651705400829,-0.6918944076321989,0.1533948142465215,7.0,2026.0,Terai,2026-07-01,Monsoon
1293,-1.2777480363223768,-1.2619958410721523,0.2413912976549154,8.0,2026.0,Terai,2026-08-01,Monsoon
